model,year,price_usd,battery_capacity_kwh,range_miles,charging_speed_kw,acceleration_0_60_mph,top_speed_mph,horsepower,torque_nm,seating_capacity,cargo_volume_cubic_ft,weight_kg,safety_rating,autopilot_level,annual_sales_units,customer_rating,warranty_years,range_efficiency,price_per_range_mile,power_to_weight,torque_to_weight,battery_to_weight,vehicle_age,drive_type_FWD,drive_type_RWD,body_type_Hatchback,body_type_SUV,body_type_Sedan,body_type_Truck,body_type_Van,country_of_origin_Germany,country_of_origin_Japan,country_of_origin_South Korea,country_of_origin_Sweden,country_of_origin_US,market_segment_Luxury,market_segment_Mid-range,market_segment_Premium,brand_BMW,brand_BYD,brand_Fisker,brand_Ford,brand_GM/Chevrolet,brand_Honda,brand_Hyundai,brand_Kia,brand_Lucid,brand_Mercedes,brand_NIO,brand_Polestar,brand_Porsche,brand_Rivian,brand_Tesla,brand_Toyota,brand_Volkswagen,brand_Volvo,brand_Xiaomi,variant_Long Range,variant_Performance,variant_Premium,variant_Standard
ID. Buzz,2023,104880.8,118.7,400.0,234.5,3.04,195.0,1000.0,895.0,7,54.2,2015.0,4,2,202182,4.0,4,3.369839932603201,262.202,0.49627791563275436,0.4441687344913151,0.058908188585607944,3,False,False,False,False,False,True,False,True,False,False,False,False,True,False,False,False,False,False,False,False,False,False,False,False,False,False,False,False,False,False,False,True,False,False,False,True,False,False
bZ Compact SUV,2022,48217.41,58.8,219.0,148.1,5.77,159.0,381.0,360.0,5,69.0,1709.0,4,0,7146,3.56,3,3.7244897959183674,220.17082191780824,0.22293739028671739,0.2106495026331188,0.03440608543007607,4,True,False,False,True,False,False,False,False,True,False,False,False,False,True,False,False,False,False,False,False,False,False,False,False,False,False,False,False,False,False,True,False,False,False,False,False,True,False
Bolt EV,2024,49651.12,58.2,225.0,104.9,6.84,148.0,588.0,516.0,5,77.0,1533.0,4,1,16590,3.7,3,3.865979381443299,220.67164444444447,0.3835616438356164,0.33659491193737767,0.03796477495107632,2,False,False,False,False,False,False,True,False,False,False,False,True,False,True,False,False,False,False,False,True,False,False,False,False,False,False,False,False,False,False,False,False,False,False,False,False,True,False
Sportage EV,2024,38131.56,102.5,349.0,66.5,4.66,176.0,310.0,327.0,7,65.8,1935.0,4,2,127201,3.81,3,3.4048780487804877,109.25948424068767,0.16020671834625322,0.16899224806201552,0.05297157622739018,2,False,False,False,True,False,False,False,False,False,True,False,False,False,True,False,False,False,False,False,False,False,False,True,False,False,False,False,False,False,False,False,False,False,False,True,False,False,False
Model 3,2022,144079.87,93.9,314.0,298.5,5.64,165.0,1000.0,883.0,5,38.3,2229.0,4,2,196401,3.83,4,3.343982960596379,458.8530891719745,0.4486316733961418,0.39614176760879316,0.04212651413189771,4,False,True,False,True,False,False,False,False,False,False,False,True,True,False,False,False,False,False,False,False,False,False,False,False,False,False,False,False,False,True,False,False,False,False,True,False,False,False
Model Y,2023,119590.27,78.3,251.0,334.6,2.84,200.0,947.0,858.0,5,35.5,1751.0,5,3,411764,3.67,5,3.2056194125159645,476.45525896414347,0.5408338092518561,0.49000571102227297,0.04471730439748715,3,False,False,True,False,False,False,False,False,False,False,False,True,True,False,False,False,False,False,False,False,False,False,False,False,False,False,False,False,False,True,False,False,False,False,False,True,False,False
Model 3,2024,128427.66,68.6,222.0,201.9,6.68,149.0,992.0,899.0,5,39.3,1500.0,5,2,213937,3.54,6,3.2361516034985427,578.502972972973,0.6613333333333333,0.5993333333333334,0.04573333333333333,2,False,True,False,False,False,False,False,False,False,False,False,True,True,False,False,False,False,False,False,False,False,False,False,False,False,False,False,False,False,True,False,False,False,False,False,False,True,False
EQS,2025,131074.23,82.7,292.0,202.5,2.99,200.0,764.0,737.0,7,61.2,2219.0,4,2,48277,4.11,8,3.5308343409915355,448.8843493150685,0.34429923388913924,0.33213159080666965,0.03726904010815683,1,False,True,False,True,False,False,False,True,False,False,False,False,True,False,False,False,False,False,False,False,False,False,False,False,True,False,False,False,False,False,False,False,False,False,False,True,False,False
Niro EV,2021,80530.57,54.6,184.0,67.5,7.57,137.0,976.0,864.0,7,36.7,1511.0,3,1,90830,3.11,4,3.36996336996337,437.6661413043479,0.6459298477829252,0.57180675049636,0.03613500992720053,5,False,False,True,False,False,False,False,False,False,True,False,False,False,False,True,False,False,False,False,False,False,False,True,False,False,False,False,False,False,False,False,False,False,False,False,False,True,False
Blazer EV,2025,56944.53,69.9,251.0,117.1,6.68,149.0,703.0,604.0,7,67.6,1520.0,5,2,8761,3.46,5,3.590844062947067,226.8706374501992,0.4625,0.3973684210526316,0.04598684210526316,1,True,False,False,False,False,False,True,False,False,False,False,True,False,True,False,False,False,False,False,True,False,False,False,False,False,False,False,False,False,False,False,False,False,False,False,False,False,False
Model S,2026,134165.81,103.2,347.0,324.4,4.56,187.0,993.0,949.0,5,26.7,1720.0,4,2,211478,3.78,4,3.3624031007751936,386.6449855907781,0.5773255813953488,0.5517441860465117,0.060000000000000005,0,False,False,False,False,True,False,False,False,False,False,False,True,True,False,False,False,False,False,False,False,False,False,False,False,False,False,False,False,False,True,False,False,False,False,True,False,False,False
Ronin,2025,88914.19,66.7,232.0,129.5,5.1,173.0,727.0,689.0,7,64.7,2536.0,3,2,2408,3.67,5,3.4782608695652173,383.2508189655172,0.2866719242902208,0.27168769716088326,0.026301261829653,1,False,False,False,False,False,True,False,False,False,False,False,True,False,False,True,False,False,True,False,False,False,False,False,False,False,False,False,False,False,False,False,False,False,False,False,False,False,True
EQG,2025,210811.92,93.2,320.0,166.5,2.84,200.0,1000.0,919.0,7,17.6,1562.0,5,2,56039,3.59,7,3.4334763948497855,658.7872500000001,0.6402048655569782,0.588348271446863,0.05966709346991037,1,False,True,True,False,False,False,False,True,False,False,False,False,True,False,False,False,False,False,False,False,False,False,False,False,True,False,False,False,False,False,False,False,False,False,False,True,False,False
Seagull,2023,16394.33,41.8,158.0,73.9,6.41,155.0,150.0,200.0,5,26.9,1744.0,5,0,224997,3.58,5,3.779904306220096,103.76158227848103,0.0860091743119266,0.11467889908256881,0.02396788990825688,3,True,False,False,False,False,False,False,False,False,False,False,False,False,False,False,False,True,False,False,False,False,False,False,False,False,False,False,False,False,False,False,False,False,False,False,False,False,False
Model 3,2024,95912.83,49.8,167.0,241.7,7.45,138.0,716.0,627.0,7,15.7,1556.0,4,3,124780,3.56,5,3.3534136546184743,574.3283233532934,0.4601542416452442,0.40295629820051415,0.032005141388174806,2,True,False,False,False,True,False,False,False,False,False,False,True,False,False,True,False,False,False,False,False,False,False,False,False,False,False,False,False,False,True,False,False,False,False,False,False,True,False
Model S,2024,134964.13,67.4,250.0,343.3,7.46,135.0,992.0,875.0,5,76.0,1500.0,5,2,235048,3.81,5,3.7091988130563793,539.85652,0.6613333333333333,0.5833333333333334,0.04493333333333334,2,False,True,False,False,False,False,True,False,False,False,False,True,True,False,False,False,False,False,False,False,False,False,False,False,False,False,False,False,False,True,False,False,False,False,False,False,True,False
Atto 3,2024,64427.02,70.5,265.0,51.0,6.91,138.0,711.0,662.0,7,72.2,2756.0,5,1,204232,3.52,4,3.7588652482269502,243.12083018867924,0.25798258345428154,0.24020319303338172,0.02558055152394775,2,False,True,False,False,False,True,False,False,False,False,False,False,False,True,False,False,True,False,False,False,False,False,False,False,False,False,False,False,False,False,False,False,False,False,False,False,False,True
Kona Electric,2024,63139.95,81.0,275.0,96.7,7.45,141.0,743.0,649.0,5,21.9,1750.0,4,1,132242,3.43,5,3.3950617283950617,229.59981818181816,0.42457142857142854,0.37085714285714283,0.046285714285714284,2,False,True,False,False,False,False,False,False,False,True,False,False,False,True,False,False,False,False,False,False,False,True,False,False,False,False,False,False,False,False,False,False,False,False,False,False,True,False
ID.4,2024,77030.0,88.0,332.0,118.8,4.75,183.0,826.0,707.0,7,38.7,1634.0,4,0,238587,3.37,4,3.772727272727273,232.01807228915663,0.5055079559363526,0.43268053855569155,0.05385556915544676,2,False,False,False,False,True,False,False,True,False,False,False,False,False,False,True,False,False,False,False,False,False,False,False,False,False,False,False,False,False,False,False,True,False,False,True,False,False,False
Atto 3,2024,72336.67,77.9,295.0,60.5,5.5,178.0,800.0,732.0,5,60.6,1500.0,3,1,168778,3.53,3,3.7869062901155326,245.20905084745763,0.5333333333333333,0.488,0.05193333333333334,2,False,False,False,False,False,False,True,False,False,False,False,False,False,False,True,False,True,False,False,False,False,False,False,False,False,False,False,False,False,False,False,False,False,False,False,False,True,False
Picanto EV,2025,106848.2,54.1,193.0,132.7,7.95,135.0,1000.0,855.0,5,26.9,1500.0,4,1,85618,3.33,5,3.567467652495379,553.6176165803108,0.6666666666666666,0.57,0.03606666666666667,1,False,False,False,False,False,False,False,False,False,True,False,False,True,False,False,False,False,False,False,False,False,False,True,False,False,False,False,False,False,False,False,False,False,False,False,False,True,False
Cybertruck,2023,70531.96,70.5,256.0,281.7,5.5,165.0,507.0,445.0,7,72.0,2290.0,5,2,209622,3.6,4,3.631205673758865,275.51546875,0.22139737991266376,0.1943231441048035,0.030786026200873364,3,False,False,False,False,False,True,False,False,False,False,False,True,False,False,True,False,False,False,False,False,False,False,False,False,False,False,False,False,False,True,False,False,False,False,False,False,False,False
Yuan Plus,2024,114839.62,76.6,293.0,185.3,3.42,200.0,1000.0,902.0,5,68.0,1978.0,5,0,229532,3.41,4,3.825065274151436,391.9440955631399,0.5055611729019212,0.45601617795753285,0.03872598584428716,2,False,True,False,True,False,False,False,False,False,False,False,False,True,False,False,False,True,False,False,False,False,False,False,False,False,False,False,False,False,False,False,False,False,False,False,True,False,False
ID.5,2024,51142.17,101.7,359.0,99.2,5.15,161.0,493.0,434.0,5,26.9,1500.0,4,0,203079,3.64,5,3.5299901671583087,142.45729805013926,0.32866666666666666,0.28933333333333333,0.0678,2,False,True,False,False,False,False,False,True,False,False,False,False,False,True,False,False,False,False,False,False,False,False,False,False,False,False,False,False,False,False,False,True,False,False,True,False,False,False
ID. Aero,2026,59824.88,70.9,263.0,63.4,5.9,167.0,618.0,540.0,5,34.8,1781.0,3,0,293709,3.28,5,3.709449929478138,227.47102661596958,0.34699606962380686,0.30320044918585065,0.03980909601347558,0,False,False,False,False,True,False,False,True,False,False,False,False,False,True,False,False,False,False,False,False,False,False,False,False,False,False,False,False,False,False,False,True,False,False,False,False,False,True
Mustang Mach-E,2025,96527.54,75.2,286.0,178.0,3.87,188.0,1000.0,924.0,7,38.9,1500.0,3,1,67670,3.6,4,3.803191489361702,337.5088811188811,0.6666666666666666,0.616,0.050133333333333335,1,True,False,False,False,False,False,False,False,False,False,False,True,False,False,True,False,False,False,True,False,False,False,False,False,False,False,False,False,False,False,False,False,False,False,False,True,False,False
Model X,2023,67772.81,53.3,175.0,320.5,7.79,128.0,501.0,445.0,5,28.7,1539.0,5,2,207968,3.36,6,3.283302063789869,387.2732,0.3255360623781676,0.28914879792072773,0.034632878492527615,3,True,False,False,False,True,False,False,False,False,False,False,True,False,False,True,False,False,False,False,False,False,False,False,False,False,False,False,False,False,True,False,False,False,False,False,False,False,True
Ioniq 6,2025,86045.75,96.3,314.0,180.3,3.08,200.0,1000.0,905.0,7,27.4,1500.0,5,0,124864,3.57,4,3.260643821391485,274.031050955414,0.6666666666666666,0.6033333333333334,0.0642,1,False,True,True,False,False,False,False,False,False,True,False,False,False,False,True,False,False,False,False,False,False,True,False,False,False,False,False,False,False,False,False,False,False,False,False,True,False,False
EV9,2024,66876.75,66.7,236.0,96.7,6.02,164.0,754.0,647.0,5,66.8,1980.0,4,2,117514,3.53,3,3.538230884557721,283.3760593220339,0.3808080808080808,0.32676767676767676,0.03368686868686869,2,False,True,False,True,False,False,False,False,False,True,False,False,False,False,True,False,False,False,False,False,False,False,True,False,False,False,False,False,False,False,False,False,False,False,False,False,False,True
Model Y,2025,135780.6,105.2,383.0,344.9,4.02,196.0,997.0,903.0,5,69.0,2015.0,5,2,411097,4.12,5,3.640684410646388,354.51853785900784,0.4947890818858561,0.4481389578163772,0.05220843672456576,1,False,False,False,False,False,True,False,False,False,False,False,True,True,False,False,False,False,False,False,False,False,False,False,False,False,False,False,False,False,True,False,False,False,False,False,True,False,False
Niro EV,2024,105946.66,79.3,245.0,222.0,3.24,200.0,1000.0,919.0,7,15.9,1701.0,4,1,147459,3.43,3,3.08953341740227,432.4353469387755,0.5878894767783657,0.540270429159318,0.046619635508524396,2,False,True,False,False,False,False,False,False,False,True,False,False,True,False,False,False,False,False,False,False,False,False,True,False,False,False,False,False,False,False,False,False,False,False,False,True,False,False
Model X,2025,110771.86,52.9,177.0,216.7,6.55,151.0,826.0,728.0,5,35.7,1959.0,4,2,179640,3.42,5,3.3459357277882797,625.8297175141242,0.4216436957631445,0.3716181725370087,0.02700357325165901,1,False,False,False,True,False,False,False,False,False,False,False,True,True,False,False,False,False,False,False,False,False,False,False,False,False,False,False,False,False,True,False,False,False,False,False,False,False,False
Cybertruck,2024,42827.24,89.9,311.0,240.1,2.94,200.0,263.0,241.0,5,55.5,2122.0,4,3,133489,3.82,5,3.4593993325917682,137.70816720257235,0.1239396795475966,0.11357210179076344,0.042365692742695575,2,False,False,False,False,False,True,False,False,False,False,False,True,False,True,False,False,False,False,False,False,False,False,False,False,False,False,False,False,False,True,False,False,False,False,False,True,False,False
bZ Compact SUV,2020,70748.34,94.2,335.0,104.7,5.66,169.0,818.0,760.0,5,66.5,2056.0,5,0,2261,3.72,4,3.5562632696390657,211.18907462686565,0.3978599221789883,0.36964980544747084,0.0458171206225681,6,False,False,False,True,False,False,False,False,True,False,False,False,False,False,True,False,False,False,False,False,False,False,False,False,False,False,False,False,False,False,True,False,False,False,True,False,False,False
Ronin,2026,50395.94,63.9,243.0,106.1,7.33,147.0,334.0,275.0,7,34.5,1500.0,5,1,11950,3.48,4,3.802816901408451,207.3906995884774,0.22266666666666668,0.18333333333333332,0.0426,0,True,False,False,False,True,False,False,False,False,False,False,True,False,True,False,False,False,True,False,False,False,False,False,False,False,False,False,False,False,False,False,False,False,False,False,False,False,False
E-Transit,2025,69597.51,106.2,361.0,219.0,3.88,192.0,783.0,728.0,5,38.9,1500.0,5,1,24574,3.79,3,3.39924670433145,192.79088642659278,0.522,0.48533333333333334,0.0708,1,False,False,False,False,True,False,False,False,False,False,False,True,False,False,True,False,False,False,True,False,False,False,False,False,False,False,False,False,False,False,False,False,False,False,False,True,False,False
Leaf 50X,2025,31434.26,60.6,229.0,98.1,7.69,136.0,285.0,269.0,5,31.5,1643.0,4,0,242953,3.29,4,3.778877887788779,137.26751091703056,0.17346317711503348,0.16372489348752284,0.036883749239196593,1,False,True,True,False,False,False,False,False,False,False,False,False,False,False,False,False,True,False,False,False,False,False,False,False,False,False,False,False,False,False,False,False,False,False,False,False,False,True
Model X,2023,109503.65,47.9,155.0,304.7,6.19,164.0,825.0,733.0,5,72.8,1500.0,5,3,174834,3.59,4,3.2359081419624216,706.4751612903225,0.55,0.4886666666666667,0.031933333333333334,3,False,True,False,False,False,False,True,False,False,False,False,True,True,False,False,False,False,False,False,False,False,False,False,False,False,False,False,False,False,True,False,False,False,False,False,False,False,False
i7,2025,156773.89,81.4,266.0,182.2,4.2,190.0,1000.0,908.0,5,76.8,2499.0,5,1,58126,3.6,5,3.2678132678132674,589.3755263157896,0.4001600640256102,0.3633453381352541,0.03257302921168467,1,False,False,False,False,False,True,False,True,False,False,False,False,True,False,False,True,False,False,False,False,False,False,False,False,False,False,False,False,False,False,False,False,False,False,False,True,False,False
ID.3,2021,52966.98,96.8,311.0,134.7,5.8,171.0,460.0,436.0,5,20.6,1853.0,5,0,232633,3.55,5,3.212809917355372,170.31183279742766,0.248246087425796,0.23529411764705882,0.052239611440906636,5,False,True,False,False,False,False,False,True,False,False,False,False,False,True,False,False,False,False,False,False,False,False,False,False,False,False,False,False,False,False,False,True,False,False,True,False,False,False
Cybertruck,2024,121805.3,58.9,204.0,274.6,5.61,173.0,850.0,776.0,7,56.2,2502.0,4,3,225373,3.75,5,3.4634974533106964,597.0848039215687,0.33972821742605913,0.3101518784972022,0.023541167066346923,2,True,False,False,False,False,True,False,False,False,False,False,True,True,False,False,False,False,False,False,False,False,False,False,False,False,False,False,False,False,True,False,False,False,False,False,False,False,True
Ioniq 6,2025,69769.46,63.2,212.0,79.0,7.79,133.0,890.0,734.0,5,28.1,1500.0,4,0,50147,3.21,4,3.354430379746835,329.10122641509435,0.5933333333333334,0.48933333333333334,0.042133333333333335,1,True,False,True,False,False,False,False,False,False,True,False,False,False,False,True,False,False,False,False,False,False,True,False,False,False,False,False,False,False,False,False,False,False,False,False,False,False,True
Model X,2024,117517.98,101.0,350.0,245.4,4.65,186.0,881.0,810.0,5,80.0,2225.0,5,2,122440,3.96,5,3.4653465346534653,335.76565714285715,0.3959550561797753,0.36404494382022473,0.045393258426966294,2,False,False,False,False,False,True,False,False,False,False,False,True,True,False,False,False,False,False,False,False,False,False,False,False,False,False,False,False,False,True,False,False,False,False,True,False,False,False
e-tron GT,2025,53762.11,52.1,156.0,112.8,6.45,154.0,207.0,200.0,5,17.6,1899.0,4,2,69650,3.68,7,2.9942418426103647,344.6289102564103,0.10900473933649289,0.105318588730911,0.027435492364402316,1,True,False,False,False,False,False,False,True,False,False,False,False,False,True,False,False,False,False,False,False,False,False,False,False,False,False,False,False,False,False,False,False,False,False,False,False,False,True
Max,2024,24029.61,45.6,153.0,53.1,5.16,177.0,211.0,200.0,5,32.5,1669.0,5,0,157077,3.46,3,3.3552631578947367,157.05627450980393,0.12642300778909527,0.11983223487118035,0.02732174955062912,2,True,False,False,False,True,False,False,False,False,False,False,False,False,False,False,False,True,False,False,False,False,False,False,False,False,False,False,False,False,False,False,False,False,False,False,False,False,False
i3,2024,120387.4,79.4,285.0,134.3,4.2,193.0,1000.0,988.0,5,62.9,2464.0,4,2,62864,3.27,8,3.5894206549118386,422.41192982456135,0.40584415584415584,0.400974025974026,0.032224025974025974,2,False,True,False,False,False,True,False,True,False,False,False,False,True,False,False,True,False,False,False,False,False,False,False,False,False,False,False,False,False,False,False,False,False,False,True,False,False,False
Atto 3,2025,26682.38,53.9,199.0,117.3,7.39,137.0,274.0,206.0,7,68.8,2367.0,4,0,158602,3.26,3,3.692022263450835,134.08231155778896,0.11575834389522602,0.08702999577524292,0.022771440642163077,1,True,False,False,False,False,True,False,False,False,False,False,False,False,False,False,False,True,False,False,False,False,False,False,False,False,False,False,False,False,False,False,False,False,False,False,False,False,False
Ioniq,2025,45100.09,79.5,257.0,85.6,5.25,174.0,478.0,396.0,5,39.6,1705.0,4,1,128526,3.61,4,3.2327044025157234,175.48673151750972,0.28035190615835776,0.23225806451612904,0.046627565982404695,1,False,False,True,False,False,False,False,False,False,True,False,False,False,True,False,False,False,False,False,False,False,True,False,False,False,False,False,False,False,False,False,False,False,False,False,False,False,False
Sportage EV,2023,77484.79,81.2,284.0,147.7,5.31,169.0,923.0,832.0,5,55.4,2017.0,3,1,101678,3.34,4,3.497536945812808,272.8337676056338,0.45761031234506694,0.41249380267724345,0.04025780862667328,3,True,False,False,True,False,False,False,False,False,True,False,False,False,False,True,False,False,False,False,False,False,False,True,False,False,False,False,False,False,False,False,False,False,False,False,False,False,True
Model Y,2023,98108.77,46.5,150.0,338.8,5.21,174.0,760.0,665.0,5,44.4,2146.0,5,2,431290,3.33,4,3.225806451612903,654.0584666666667,0.35414725069897485,0.30987884436160296,0.021668219944082013,3,True,False,False,True,False,False,False,False,False,False,False,True,False,False,True,False,False,False,False,False,False,False,False,False,False,False,False,False,False,True,False,False,False,False,False,False,False,True
Ronin,2020,143106.79,75.3,272.0,170.3,3.68,197.0,1000.0,935.0,5,38.4,1705.0,4,1,18708,3.53,4,3.612217795484728,526.1279044117647,0.5865102639296188,0.5483870967741935,0.04416422287390029,6,False,False,True,False,False,False,False,False,False,False,False,True,True,False,False,False,False,True,False,False,False,False,False,False,False,False,False,False,False,False,False,False,False,False,False,True,False,False
F-150 Lightning,2026,52266.72,73.4,268.0,58.4,7.42,137.0,514.0,472.0,2,50.3,2850.0,5,0,62843,3.72,3,3.651226158038147,195.0250746268657,0.18035087719298246,0.1656140350877193,0.025754385964912283,0,True,False,False,False,False,True,False,False,False,False,False,True,False,True,False,False,False,False,True,False,False,False,False,False,False,False,False,False,False,False,False,False,False,False,False,False,False,False
ET6,2025,60624.73,82.4,278.0,174.8,2.63,200.0,476.0,420.0,7,48.0,2138.0,4,0,8857,3.49,4,3.37378640776699,218.07456834532374,0.2226379794200187,0.19644527595884004,0.038540692235734336,1,False,True,False,True,False,False,False,False,False,False,False,False,False,True,False,False,False,False,False,False,False,False,False,False,False,True,False,False,False,False,False,False,False,False,False,True,False,False
e-tron GT,2025,63332.23,84.4,310.0,92.7,5.62,162.0,284.0,288.0,7,31.7,1565.0,5,1,62327,3.85,6,3.672985781990521,204.29751612903226,0.18146964856230033,0.1840255591054313,0.0539297124600639,1,False,True,False,False,False,False,False,True,False,False,False,False,False,True,False,False,False,False,False,False,False,False,False,False,False,False,False,False,False,False,False,False,False,False,False,False,False,False
Sportage EV,2024,95244.75,77.2,262.0,94.4,4.04,194.0,1000.0,842.0,5,67.4,2045.0,4,1,76023,3.44,3,3.393782383419689,363.52958015267177,0.4889975550122249,0.4117359413202934,0.03775061124694377,2,False,False,False,True,False,False,False,False,False,True,False,False,False,False,True,False,False,False,False,False,False,False,True,False,False,False,False,False,False,False,False,False,False,False,True,False,False,False
R3,2024,66816.36,69.9,247.0,118.5,5.33,171.0,150.0,200.0,5,23.9,1757.0,5,0,27456,3.39,6,3.533619456366237,270.51157894736843,0.08537279453614115,0.11383039271485487,0.03978372225384178,2,False,False,False,False,True,False,False,False,False,False,False,True,False,False,True,False,False,False,False,False,False,False,False,False,False,False,False,False,True,False,False,False,False,False,False,False,False,False
Model X,2025,73015.63,82.4,304.0,275.5,5.58,156.0,528.0,501.0,7,62.4,2036.0,5,2,173406,3.75,5,3.6893203883495143,240.18299342105266,0.2593320235756385,0.24607072691552062,0.040471512770137524,1,False,True,False,False,False,True,False,False,False,False,False,True,False,False,True,False,False,False,False,False,False,False,False,False,False,False,False,False,False,True,False,False,False,False,False,False,False,False
Cybertruck,2025,117415.98,78.1,263.0,215.8,2.94,200.0,927.0,847.0,5,61.7,2353.0,5,2,183531,3.7,5,3.367477592829706,446.44859315589355,0.39396515087122824,0.35996600084997876,0.03319167020824479,1,False,False,False,False,False,True,False,False,False,False,False,True,True,False,False,False,False,False,False,False,False,False,False,False,False,False,False,False,False,True,False,False,False,False,False,True,False,False
Model 3,2025,71316.86,73.9,249.0,282.0,6.73,144.0,502.0,509.0,5,52.9,2053.0,5,3,242716,3.7,5,3.3694181326116373,286.4130923694779,0.24452021432050658,0.24792985874330248,0.03599610326351681,1,False,True,False,True,False,False,False,False,False,False,False,True,False,False,True,False,False,False,False,False,False,False,False,False,False,False,False,False,False,True,False,False,False,False,False,False,False,True
Leaf 50X,2025,59005.52,58.4,200.0,121.5,7.64,137.0,667.0,633.0,5,76.9,1500.0,5,0,127516,3.31,5,3.4246575342465753,295.0276,0.44466666666666665,0.422,0.038933333333333334,1,False,True,False,False,False,False,True,False,False,False,False,False,False,True,False,False,True,False,False,False,False,False,False,False,False,False,False,False,False,False,False,False,False,False,False,False,False,False
ID. Aero,2024,42431.05,88.6,306.0,104.2,5.94,166.0,337.0,286.0,5,39.7,1590.0,3,1,260840,3.53,4,3.45372460496614,138.66356209150328,0.2119496855345912,0.17987421383647798,0.05572327044025157,2,False,False,False,False,False,False,False,True,False,False,False,False,False,True,False,False,False,False,False,False,False,False,False,False,False,False,False,False,False,False,False,True,False,False,True,False,False,False
Dolphin,2024,30671.06,87.5,303.0,233.1,4.18,190.0,345.0,269.0,5,29.5,1815.0,5,0,201621,3.28,4,3.462857142857143,101.2246204620462,0.19008264462809918,0.14820936639118457,0.048209366391184574,2,False,False,False,False,True,False,False,False,False,False,False,False,False,False,False,False,True,False,False,False,False,False,False,False,False,False,False,False,False,False,False,False,False,False,False,True,False,False
EQC,2025,188302.14,78.5,277.0,225.0,4.32,185.0,1000.0,943.0,7,28.5,1500.0,4,2,43172,4.0,7,3.5286624203821657,679.791119133574,0.6666666666666666,0.6286666666666667,0.052333333333333336,1,False,True,False,False,False,False,False,True,False,False,False,False,True,False,False,False,False,False,False,False,False,False,False,False,True,False,False,False,False,False,False,False,False,False,False,True,False,False
ID.4,2023,94330.19,105.4,383.0,105.8,5.17,177.0,1000.0,868.0,7,21.8,1500.0,5,1,232451,3.95,3,3.633776091081594,246.29292428198434,0.6666666666666666,0.5786666666666667,0.07026666666666667,3,True,False,False,False,True,False,False,True,False,False,False,False,False,False,True,False,False,False,False,False,False,False,False,False,False,False,False,False,False,False,False,True,False,False,True,False,False,False
Dolphin,2024,83518.44,77.1,267.0,148.3,7.36,146.0,954.0,884.0,5,21.5,1652.0,3,1,148454,3.28,5,3.463035019455253,312.80314606741575,0.5774818401937046,0.5351089588377724,0.04667070217917675,2,False,False,False,False,False,False,False,False,False,False,False,False,False,False,True,False,True,False,False,False,False,False,False,False,False,False,False,False,False,False,False,False,False,False,False,False,True,False
Niro EV,2024,68436.66,70.0,249.0,131.3,7.12,141.0,790.0,742.0,5,23.0,1556.0,3,0,81219,3.63,3,3.557142857142857,274.8460240963856,0.5077120822622108,0.4768637532133676,0.04498714652956298,2,False,False,False,False,False,False,False,False,False,True,False,False,False,False,True,False,False,False,False,False,False,False,True,False,False,False,False,False,False,False,False,False,False,False,False,False,True,False
Model Y,2025,43196.41,111.9,408.0,293.7,4.23,197.0,338.0,357.0,7,70.3,2547.0,5,3,437912,4.03,5,3.646112600536193,105.87355392156864,0.13270514330585,0.14016489988221437,0.04393404004711426,1,False,True,False,False,False,True,False,False,False,False,False,True,False,True,False,False,False,False,False,False,False,False,False,False,False,False,False,False,False,True,False,False,False,False,False,True,False,False
Explorer EV,2024,66402.61,90.5,334.0,96.1,5.88,162.0,752.0,677.0,5,67.5,1894.0,5,1,36517,3.69,3,3.6906077348066297,198.81020958083832,0.39704329461457233,0.35744456177402323,0.04778247096092925,2,False,True,False,False,False,False,True,False,False,False,False,True,False,False,True,False,False,False,True,False,False,False,False,False,False,False,False,False,False,False,False,False,False,False,True,False,False,False
Model X,2024,42932.18,99.0,356.0,209.1,3.87,192.0,227.0,200.0,7,27.2,1500.0,5,2,238196,4.0,5,3.595959595959596,120.59601123595506,0.15133333333333332,0.13333333333333333,0.066,2,False,True,True,False,False,False,False,False,False,False,False,True,False,True,False,False,False,False,False,False,False,False,False,False,False,False,False,False,False,True,False,False,False,False,False,True,False,False
Macan Electric,2022,101897.93,76.1,254.0,291.0,5.76,163.0,335.0,326.0,7,72.1,2679.0,5,0,26972,3.68,7,3.337713534822602,401.1729527559055,0.12504665920119448,0.12168719671519224,0.028406121687196712,4,False,False,False,False,False,True,False,True,False,False,False,False,True,False,False,False,False,False,False,False,False,False,False,False,False,False,False,True,False,False,False,False,False,False,True,False,False,False
E-Transit,2025,45539.59,55.1,198.0,143.8,5.26,173.0,379.0,335.0,5,16.4,1785.0,5,0,26865,3.0,3,3.5934664246823957,229.99792929292929,0.2123249299719888,0.1876750700280112,0.030868347338935575,1,False,False,True,False,False,False,False,False,False,False,False,True,False,True,False,False,False,False,True,False,False,False,False,False,False,False,False,False,False,False,False,False,False,False,False,False,True,False
Model S,2024,66707.72,45.8,150.0,301.1,5.19,166.0,486.0,420.0,5,69.7,1686.0,5,2,187104,3.23,5,3.275109170305677,444.71813333333336,0.28825622775800713,0.2491103202846975,0.02716488730723606,2,False,False,False,False,False,False,True,False,False,False,False,True,False,False,True,False,False,False,False,False,False,False,False,False,False,False,False,False,False,True,False,False,False,False,False,False,True,False
Model S,2020,102900.51,74.1,231.0,323.4,2.61,200.0,708.0,567.0,5,79.8,2284.0,3,2,184383,3.8,5,3.1174089068825914,445.45675324675324,0.30998248686514884,0.24824868651488616,0.0324430823117338,6,False,True,False,False,False,True,False,False,False,False,False,True,True,False,False,False,False,False,False,False,False,False,False,False,False,False,False,False,False,True,False,False,False,False,False,True,False,False
Explorer EV,2024,69723.4,91.5,331.0,118.7,5.32,180.0,792.0,705.0,7,72.9,2451.0,5,0,54063,3.64,4,3.6174863387978142,210.64471299093654,0.32313341493268055,0.2876376988984088,0.03733170134638923,2,False,False,False,False,False,True,False,False,False,False,False,True,False,False,True,False,False,False,True,False,False,False,False,False,False,False,False,False,False,False,False,False,False,False,True,False,False,False
Bolt EUV,2025,102049.38,116.6,395.0,163.2,4.21,192.0,1000.0,893.0,5,72.1,1834.0,4,1,7957,4.16,5,3.3876500857632936,258.3528607594937,0.5452562704471101,0.48691384950926936,0.06357688113413304,1,False,False,False,False,False,False,True,False,False,False,False,True,True,False,False,False,False,False,False,True,False,False,False,False,False,False,False,False,False,False,False,False,False,False,False,True,False,False
Equinox EV,2024,78668.52,102.9,368.0,72.1,4.44,179.0,1000.0,916.0,5,65.5,2096.0,5,0,14020,3.97,4,3.576287657920311,213.77315217391305,0.4770992366412214,0.43702290076335876,0.04909351145038168,2,False,False,False,True,False,False,False,False,False,False,False,True,False,False,True,False,False,False,False,True,False,False,False,False,False,False,False,False,False,False,False,False,False,False,True,False,False,False
Mustang Mach-E,2024,79438.2,82.5,299.0,128.6,6.77,149.0,967.0,916.0,5,80.0,1521.0,5,0,21827,3.81,3,3.624242424242424,265.67959866220735,0.6357659434582511,0.6022353714661407,0.054240631163708086,2,False,True,False,False,False,False,True,False,False,False,False,True,False,False,True,False,False,False,True,False,False,False,False,False,False,False,False,False,False,False,False,False,False,False,False,False,False,True
Model 3,2024,139025.28,93.4,320.0,293.9,3.06,200.0,995.0,917.0,5,17.8,1500.0,4,2,220216,4.07,5,3.426124197002141,434.454,0.6633333333333333,0.6113333333333333,0.06226666666666667,2,False,False,False,False,False,False,False,False,False,False,False,True,True,False,False,False,False,False,False,False,False,False,False,False,False,False,False,False,False,True,False,False,False,False,False,True,False,False
ID.3,2025,38889.44,65.0,231.0,142.7,6.1,160.0,313.0,257.0,5,20.9,1571.0,5,1,293320,3.41,3,3.5538461538461537,168.35255411255412,0.19923615531508593,0.16359007001909612,0.041374920432845325,1,True,False,False,False,True,False,False,True,False,False,False,False,False,True,False,False,False,False,False,False,False,False,False,False,False,False,False,False,False,False,False,True,False,False,False,False,False,False
Model 3,2025,169366.43,117.4,416.0,241.6,3.06,200.0,1000.0,931.0,7,44.7,1923.0,5,2,248754,4.09,5,3.543441226575809,407.13084134615383,0.5200208008320333,0.484139365574623,0.06105044201768071,1,False,True,False,True,False,False,False,False,False,False,False,True,True,False,False,False,False,False,False,False,False,False,False,False,False,False,False,False,False,True,False,False,False,False,False,True,False,False
GLE EV,2023,144581.79,42.8,150.0,146.8,6.34,156.0,852.0,767.0,7,57.7,1857.0,4,1,76491,3.42,7,3.504672897196262,963.8786,0.4588045234248788,0.4130317716747442,0.0230479267635972,3,True,False,False,True,False,False,False,True,False,False,False,False,True,False,False,False,False,False,False,False,False,False,False,False,True,False,False,False,False,False,False,False,False,False,False,False,False,True
iX,2023,86081.93,72.3,247.0,125.7,5.89,166.0,612.0,541.0,7,60.3,2745.0,4,2,51887,3.42,6,3.4163208852005535,348.5098380566801,0.22295081967213115,0.1970856102003643,0.02633879781420765,3,False,False,False,False,False,True,False,True,False,False,False,False,False,False,True,True,False,False,False,False,False,False,False,False,False,False,False,False,False,False,False,False,False,False,False,False,True,False
Max,2026,101561.3,101.6,329.0,185.5,2.59,200.0,1000.0,906.0,5,62.3,2633.0,3,0,216998,3.69,3,3.2381889763779528,308.6969604863222,0.379794910748196,0.34409418913786555,0.03858716293201671,0,False,True,False,False,False,True,False,False,False,False,False,False,True,False,False,False,True,False,False,False,False,False,False,False,False,False,False,False,False,False,False,False,False,False,False,True,False,False
Cybertruck,2024,158925.9,82.5,291.0,310.8,4.06,186.0,1000.0,962.0,5,67.0,2567.0,5,3,138950,3.85,6,3.5272727272727273,546.1371134020618,0.38955979742890534,0.37475652512660695,0.03213868328788469,2,False,False,False,False,False,True,False,False,False,False,False,True,True,False,False,False,False,False,False,False,False,False,False,False,False,False,False,False,False,True,False,False,False,False,True,False,False,False
Yuan Plus,2023,21523.03,42.4,150.0,72.7,6.84,157.0,207.0,200.0,7,16.9,1621.0,4,0,183596,3.23,3,3.5377358490566038,143.48686666666666,0.12769895126465144,0.12338062924120913,0.026156693399136333,3,True,False,False,False,True,False,False,False,False,False,False,False,False,False,False,False,True,False,False,False,False,False,False,False,False,False,False,False,False,False,False,False,False,False,False,False,False,True
Leaf 50X,2024,100360.19,50.0,193.0,132.4,6.15,155.0,1000.0,888.0,5,61.5,1876.0,5,0,137465,3.1,4,3.86,520.0009844559586,0.5330490405117271,0.47334754797441364,0.026652452025586353,2,False,True,False,False,False,False,True,False,False,False,False,False,True,False,False,False,True,False,False,False,False,False,False,False,False,False,False,False,False,False,False,False,False,False,False,False,True,False
Bolt EUV,2026,63696.78,78.0,262.0,101.2,7.32,136.0,835.0,746.0,5,62.1,2581.0,5,0,8032,3.56,3,3.358974358974359,243.11748091603053,0.3235180162727625,0.28903525765207283,0.030220844633862844,0,True,False,False,False,False,True,False,False,False,False,False,True,False,True,False,False,False,False,False,True,False,False,False,False,False,False,False,False,False,False,False,False,False,False,False,False,False,False
i3,2024,84405.92,52.5,173.0,105.6,5.09,169.0,612.0,505.0,5,57.9,2679.0,3,1,42777,3.19,6,3.295238095238095,487.89549132947974,0.2284434490481523,0.18850317282568121,0.01959686450167973,2,False,True,False,False,False,True,False,True,False,False,False,False,False,False,True,True,False,False,False,False,False,False,False,False,False,False,False,False,False,False,False,False,False,False,False,False,False,True
Q6 e-tron,2024,73910.79,41.9,150.0,94.4,7.68,142.0,431.0,377.0,5,53.0,2121.0,4,1,36319,3.0,5,3.579952267303103,492.73859999999996,0.20320603488920322,0.17774634606317774,0.019754832626119753,2,True,False,False,True,False,False,False,True,False,False,False,False,False,False,True,False,False,False,False,False,False,False,False,False,False,False,False,False,False,False,False,False,False,False,False,False,False,True
Ioniq 5,2025,57904.84,80.5,286.0,194.1,2.76,200.0,704.0,589.0,7,30.1,1792.0,4,2,68118,3.73,4,3.5527950310559007,202.46447552447552,0.39285714285714285,0.3286830357142857,0.044921875,1,False,False,False,False,True,False,False,False,False,True,False,False,False,True,False,False,False,False,False,False,False,True,False,False,False,False,False,False,False,False,False,False,False,False,False,True,False,False
Cybertruck,2024,38394.15,47.7,189.0,334.7,5.25,169.0,227.0,200.0,7,68.1,2403.0,3,3,246203,3.51,4,3.962264150943396,203.1436507936508,0.09446525176862255,0.08322929671244278,0.019850187265917606,2,False,False,False,False,False,True,False,False,False,False,False,True,False,True,False,False,False,False,False,False,False,False,False,False,False,False,False,False,False,True,False,False,False,False,False,False,False,False
Bolt EUV,2026,71136.28,49.6,171.0,135.8,7.19,142.0,938.0,820.0,5,39.3,1500.0,5,0,27175,3.31,4,3.44758064516129,416.0016374269006,0.6253333333333333,0.5466666666666666,0.03306666666666667,0,True,False,True,False,False,False,False,False,False,False,False,True,False,False,True,False,False,False,False,True,False,False,False,False,False,False,False,False,False,False,False,False,False,False,False,False,False,True
Blazer EV,2024,76560.48,82.9,300.0,143.0,4.19,184.0,1000.0,882.0,5,75.0,1598.0,4,0,12139,3.5,4,3.6188178528347406,255.20159999999998,0.6257822277847309,0.5519399249061326,0.0518773466833542,2,False,True,False,False,False,False,True,False,False,False,False,True,False,False,True,False,False,False,False,True,False,False,False,False,False,False,False,False,False,False,False,False,False,False,True,False,False,False
Niro EV,2023,92594.29,74.2,257.0,76.8,6.08,158.0,1000.0,874.0,5,23.4,1506.0,5,0,83731,3.6,4,3.463611859838275,360.2890661478599,0.6640106241699867,0.5803452855245684,0.049269588313413014,3,False,False,False,False,False,False,False,False,False,True,False,False,False,False,True,False,False,False,False,False,False,False,True,False,False,False,False,False,False,False,False,False,False,False,False,False,True,False
Mustang Mach-E,2023,76072.0,105.6,363.0,104.6,4.21,189.0,891.0,791.0,5,21.8,1734.0,5,0,48060,4.04,4,3.4375,209.56473829201101,0.513840830449827,0.45617070357554784,0.06089965397923875,3,True,False,True,False,False,False,False,False,False,False,False,True,False,False,True,False,False,False,True,False,False,False,False,False,False,False,False,False,False,False,False,False,False,False,True,False,False,False
Ioniq,2024,44654.99,65.4,223.0,143.4,7.07,146.0,440.0,435.0,5,43.9,1844.0,4,1,128091,3.0,4,3.409785932721712,200.24659192825112,0.2386117136659436,0.2359002169197397,0.03546637744034707,2,False,True,False,True,False,False,False,False,False,True,False,False,False,True,False,False,False,False,False,False,False,True,False,False,False,False,False,False,False,False,False,False,False,False,False,False,False,True
Ioniq 6,2025,45837.99,84.4,306.0,182.4,3.82,192.0,416.0,397.0,5,36.2,1557.0,5,0,96533,3.3,3,3.625592417061611,149.79735294117646,0.26718047527296085,0.25497752087347464,0.054206807964033404,1,False,True,False,False,True,False,False,False,False,True,False,False,False,True,False,False,False,False,False,False,False,True,False,False,False,False,False,False,False,False,False,False,False,False,False,True,False,False
ID.4,2023,80921.96,108.9,399.0,199.3,3.77,198.0,878.0,828.0,5,29.1,1500.0,3,1,234095,3.86,5,3.6639118457300275,202.81192982456142,0.5853333333333334,0.552,0.0726,3,False,True,True,False,False,False,False,True,False,False,False,False,False,False,True,False,False,False,False,False,False,False,False,False,False,False,False,False,False,False,False,True,False,False,False,True,False,False
Model X,2023,184745.86,106.3,348.0,325.6,3.73,198.0,1000.0,915.0,5,31.5,1782.0,3,3,148529,4.29,5,3.2737535277516465,530.878908045977,0.5611672278338945,0.5134680134680135,0.05965207631874298,3,False,True,False,False,False,False,False,False,False,False,False,True,True,False,False,False,False,False,False,False,False,False,False,False,False,False,False,False,False,True,False,False,False,False,False,True,False,False
Cybertruck,2024,177944.09,93.0,295.0,334.1,3.79,193.0,1000.0,868.0,5,59.7,2270.0,3,3,234160,3.91,6,3.172043010752688,603.2003050847458,0.44052863436123346,0.38237885462555066,0.040969162995594714,2,False,True,False,False,False,True,False,False,False,False,False,True,True,False,False,False,False,False,False,False,False,False,False,False,False,False,False,False,False,True,False,False,False,False,False,True,False,False
Cybertruck,2024,59967.87,70.0,238.0,220.7,5.24,159.0,393.0,348.0,7,63.9,2448.0,4,2,228933,3.44,5,3.4,251.96584033613448,0.16053921568627452,0.14215686274509803,0.028594771241830064,2,False,False,False,False,False,True,False,False,False,False,False,True,False,True,False,False,False,False,False,False,False,False,False,False,False,False,False,False,False,True,False,False,False,False,False,False,False,False
iX,2024,84125.95,98.9,363.0,225.3,4.25,192.0,658.0,592.0,5,34.2,1588.0,5,1,33561,3.47,7,3.670374115267947,231.75192837465565,0.41435768261964734,0.37279596977329976,0.06227959697732998,2,False,True,True,False,False,False,False,True,False,False,False,False,False,False,True,True,False,False,False,False,False,False,False,False,False,False,False,False,False,False,False,False,False,False,False,True,False,False
Qin,2022,37515.42,52.5,194.0,133.2,7.93,137.0,360.0,323.0,5,51.2,2894.0,4,0,192045,3.31,5,3.6952380952380954,193.3784536082474,0.1243953006219765,0.11161022805805114,0.018140981340704906,4,False,False,False,False,False,True,False,False,False,False,False,False,False,True,False,False,True,False,False,False,False,False,False,False,False,False,False,False,False,False,False,False,False,False,False,False,False,True
Kona Electric,2022,84513.62,109.9,400.0,83.7,5.88,165.0,1000.0,907.0,7,32.6,1784.0,4,1,95418,3.69,4,3.6396724294813465,211.28404999999998,0.5605381165919282,0.5084080717488789,0.06160313901345292,4,False,True,False,False,False,False,False,False,False,True,False,False,False,False,True,False,False,False,False,False,False,True,False,False,False,False,False,False,False,False,False,False,False,False,True,False,False,False
e-tron,2025,80343.06,66.3,231.0,56.2,6.02,161.0,459.0,414.0,7,67.1,1500.0,5,1,43236,3.38,7,3.484162895927602,347.80545454545455,0.306,0.276,0.044199999999999996,1,False,True,False,False,False,False,True,True,False,False,False,False,False,False,True,False,False,False,False,False,False,False,False,False,False,False,False,False,False,False,False,False,False,False,False,False,True,False
Leaf 50X,2025,75747.87,69.2,279.0,108.2,6.2,154.0,815.0,722.0,5,30.5,1500.0,3,0,114789,3.65,3,4.03179190751445,271.4977419354839,0.5433333333333333,0.48133333333333334,0.04613333333333334,1,True,False,False,False,True,False,False,False,False,False,False,False,False,False,True,False,True,False,False,False,False,False,False,False,False,False,False,False,False,False,False,False,False,False,False,False,False,False
ID.3,2024,50097.49,98.3,341.0,179.6,2.79,200.0,436.0,358.0,5,75.1,1780.0,3,0,263009,3.76,5,3.468972533062055,146.91346041055718,0.2449438202247191,0.20112359550561798,0.055224719101123594,2,True,False,False,False,False,False,True,True,False,False,False,False,False,True,False,False,False,False,False,False,False,False,False,False,False,False,False,False,False,False,False,True,False,False,False,True,False,False
Bolt EUV,2024,43668.28,79.4,284.0,108.1,7.81,120.0,453.0,469.0,7,60.3,2572.0,4,1,1211,3.34,3,3.5768261964735513,153.76154929577464,0.1761275272161742,0.18234836702954899,0.030870917573872475,2,False,True,False,False,False,True,False,False,False,False,False,True,False,True,False,False,False,False,False,True,False,False,False,False,False,False,False,False,False,False,False,False,False,False,False,False,True,False
Qin,2025,61700.64,101.3,351.0,69.9,4.53,175.0,649.0,584.0,7,62.5,1726.0,5,1,190763,4.0,3,3.464955577492596,175.78529914529915,0.3760139049826188,0.3383545770567787,0.05869061413673233,1,False,False,False,True,False,False,False,False,False,False,False,False,False,True,False,False,True,False,False,False,False,False,False,False,False,False,False,False,False,False,False,False,False,False,True,False,False,False
Model 3,2025,152706.13,77.1,260.0,325.6,6.63,155.0,1000.0,857.0,5,42.1,1903.0,4,2,172494,3.77,5,3.3722438391699097,587.3312692307693,0.5254860746190226,0.4503415659485024,0.04051497635312664,1,False,False,False,True,False,False,False,False,False,False,False,True,True,False,False,False,False,False,False,False,False,False,False,False,False,False,False,False,False,True,False,False,False,False,False,False,True,False
Max,2023,26461.18,71.3,265.0,249.5,2.9,200.0,236.0,202.0,7,41.5,2379.0,3,2,226324,3.6,3,3.7166900420757365,99.85350943396226,0.09920134510298445,0.08490962589323245,0.029970575872215216,3,False,True,False,True,False,False,False,False,False,False,False,False,False,False,False,False,True,False,False,False,False,False,False,False,False,False,False,False,False,False,False,False,False,False,False,True,False,False
Model 3,2026,36489.36,45.5,150.0,253.7,7.97,131.0,247.0,226.0,5,65.7,1500.0,3,2,214895,3.58,5,3.2967032967032965,243.2624,0.16466666666666666,0.15066666666666667,0.030333333333333334,0,False,False,False,False,False,False,True,False,False,False,False,True,False,True,False,False,False,False,False,False,False,False,False,False,False,False,False,False,False,True,False,False,False,False,False,False,False,False
R3,2021,60978.95,84.5,304.0,61.5,6.47,153.0,150.0,200.0,5,16.8,1500.0,5,2,7599,3.41,6,3.5976331360946747,200.58865131578946,0.1,0.13333333333333333,0.05633333333333333,5,True,False,True,False,False,False,False,False,False,False,False,True,False,True,False,False,False,False,False,False,False,False,False,False,False,False,False,False,True,False,False,False,False,False,False,False,False,False
F-150 Lightning,2025,57536.04,73.3,254.0,69.5,7.43,139.0,619.0,529.0,4,74.1,2341.0,4,1,44164,3.54,4,3.465211459754434,226.51984251968506,0.26441691584792826,0.22597180692011962,0.03131140538231525,1,True,False,False,False,False,True,False,False,False,False,False,True,False,True,False,False,False,False,True,False,False,False,False,False,False,False,False,False,False,False,False,False,False,False,False,False,False,False
i3,2025,162822.68,70.6,255.0,193.4,2.76,200.0,1000.0,867.0,7,62.6,2729.0,5,1,48304,3.22,7,3.6118980169971673,638.5203137254902,0.36643459142543056,0.3176987907658483,0.025870282154635396,1,False,False,False,False,False,True,False,True,False,False,False,False,True,False,False,True,False,False,False,False,False,False,False,False,False,False,False,False,False,False,False,False,False,False,False,True,False,False
EQG,2023,163924.89,83.9,285.0,119.9,4.66,180.0,1000.0,946.0,5,27.2,1540.0,4,1,50822,3.77,6,3.3969010727056017,575.175052631579,0.6493506493506493,0.6142857142857143,0.05448051948051948,3,False,False,False,False,False,False,False,True,False,False,False,False,True,False,False,False,False,False,False,False,False,False,False,False,True,False,False,False,False,False,False,False,False,False,True,False,False,False
F-150 Lightning,2024,54997.37,100.7,353.0,144.1,4.35,183.0,523.0,469.0,2,60.8,2427.0,5,0,49671,3.66,3,3.5054617676266138,155.79991501416433,0.21549237742068397,0.19324268644416975,0.04149155335805521,2,True,False,False,False,False,True,False,False,False,False,False,True,False,True,False,False,False,False,True,False,False,False,False,False,False,False,False,False,False,False,False,False,False,False,True,False,False,False
Model Y,2026,96644.91,76.4,244.0,238.4,5.98,164.0,684.0,604.0,5,28.9,1500.0,5,2,408778,4.03,4,3.1937172774869107,396.0856967213115,0.456,0.4026666666666667,0.05093333333333334,0,False,True,False,False,True,False,False,False,False,False,False,True,False,False,True,False,False,False,False,False,False,False,False,False,False,False,False,False,False,True,False,False,False,False,False,False,False,True
e-tron,2025,72972.25,58.0,223.0,129.9,7.8,139.0,409.0,398.0,7,63.6,1928.0,5,1,23427,3.35,5,3.8448275862068964,327.22982062780267,0.2121369294605809,0.20643153526970953,0.03008298755186722,1,True,False,False,True,False,False,False,True,False,False,False,False,False,False,True,False,False,False,False,False,False,False,False,False,False,False,False,False,False,False,False,False,False,False,False,False,False,True
Niro EV,2023,38796.18,49.4,150.0,141.2,5.12,168.0,376.0,343.0,7,38.4,1751.0,5,1,146563,3.09,4,3.0364372469635628,258.6412,0.21473443746430612,0.19588806396344946,0.02821245002855511,3,False,True,False,False,False,False,False,False,False,True,False,False,False,True,False,False,False,False,False,False,False,False,True,False,False,False,False,False,False,False,False,False,False,False,False,False,True,False
Mustang Mach-E,2023,59885.41,65.9,231.0,81.2,6.28,148.0,667.0,623.0,5,65.7,2597.0,4,1,28589,3.5,4,3.5053110773899845,259.24419913419916,0.2568348093954563,0.2398921832884097,0.025375433192144786,3,False,False,False,False,False,True,False,False,False,False,False,True,False,True,False,False,False,False,True,False,False,False,False,False,False,False,False,False,False,False,False,False,False,False,False,False,False,False
Q6 e-tron,2024,130606.12,106.6,385.0,58.2,5.2,169.0,1000.0,873.0,7,61.8,2080.0,5,2,39897,3.7,7,3.611632270168856,339.23667532467533,0.4807692307692308,0.41971153846153847,0.05125,2,False,True,False,True,False,False,False,True,False,False,False,False,True,False,False,False,False,False,False,False,False,False,False,False,False,False,False,False,False,False,False,False,False,False,True,False,False,False
Atto 3,2024,47823.41,77.2,258.0,118.3,4.47,182.0,535.0,460.0,7,33.5,1500.0,5,0,108045,3.61,4,3.3419689119170983,185.3620542635659,0.3566666666666667,0.30666666666666664,0.05146666666666667,2,False,True,False,False,False,False,False,False,False,False,False,False,False,True,False,False,True,False,False,False,False,False,False,False,False,False,False,False,False,False,False,False,False,False,True,False,False,False
Model S,2023,65004.86,111.0,405.0,260.3,3.66,200.0,448.0,345.0,7,71.3,2744.0,4,3,208805,4.34,4,3.6486486486486487,160.50582716049382,0.16326530612244897,0.12572886297376093,0.04045189504373178,3,False,True,False,False,False,True,False,False,False,False,False,True,False,False,True,False,False,False,False,False,False,False,False,False,False,False,False,False,False,True,False,False,False,False,False,True,False,False
Qin,2024,21712.4,83.3,307.0,77.1,5.75,171.0,190.0,200.0,5,78.2,1628.0,4,0,169389,3.37,3,3.6854741896758703,70.72442996742672,0.1167076167076167,0.12285012285012285,0.051167076167076164,2,False,True,False,False,False,False,True,False,False,False,False,False,False,False,False,False,True,False,False,False,False,False,False,False,False,False,False,False,False,False,False,False,False,False,False,False,False,True
ID. Aero,2024,54335.65,77.6,286.0,91.5,4.84,186.0,485.0,454.0,7,18.4,1630.0,5,0,284565,3.65,3,3.6855670103092786,189.98479020979022,0.29754601226993865,0.2785276073619632,0.04760736196319018,2,False,True,False,False,True,False,False,True,False,False,False,False,False,True,False,False,False,False,False,False,False,False,False,False,False,False,False,False,False,False,False,True,False,False,True,False,False,False
Explorer EV,2024,53737.95,61.5,226.0,78.1,7.47,152.0,555.0,526.0,7,32.6,1500.0,3,1,62660,3.28,3,3.6747967479674797,237.77853982300883,0.37,0.3506666666666667,0.041,2,False,True,False,False,True,False,False,False,False,False,False,True,False,True,False,False,False,False,True,False,False,False,False,False,False,False,False,False,False,False,False,False,False,False,False,False,False,False
GLE EV,2026,68994.81,48.5,168.0,130.2,6.02,157.0,287.0,240.0,7,60.2,1568.0,5,1,79213,3.77,7,3.463917525773196,410.68339285714285,0.18303571428571427,0.15306122448979592,0.03093112244897959,0,True,False,False,False,False,False,True,True,False,False,False,False,False,False,True,False,False,False,False,False,False,False,False,False,True,False,False,False,False,False,False,False,False,False,False,False,False,True
Model Y,2024,105607.38,44.4,150.0,201.0,6.21,163.0,784.0,689.0,7,79.8,1500.0,4,2,422392,3.52,5,3.3783783783783785,704.0492,0.5226666666666666,0.4593333333333333,0.029599999999999998,2,True,False,False,False,False,False,True,False,False,False,False,True,True,False,False,False,False,False,False,False,False,False,False,False,False,False,False,False,False,True,False,False,False,False,False,False,False,False
i30,2025,97964.98,106.9,392.0,183.9,3.92,192.0,1000.0,914.0,7,59.8,2842.0,4,0,98285,3.82,3,3.6669784845650137,249.9106632653061,0.3518648838845883,0.3216045038705137,0.03761435608726249,1,False,True,False,False,False,True,False,False,False,True,False,False,False,False,True,False,False,False,False,False,False,True,False,False,False,False,False,False,False,False,False,False,False,False,False,True,False,False
ID. Buzz,2025,60229.21,40.6,150.0,137.8,7.86,145.0,580.0,569.0,7,45.9,2260.0,5,1,215577,3.2,4,3.694581280788177,401.5280666666667,0.25663716814159293,0.2517699115044248,0.017964601769911506,1,True,False,False,True,False,False,False,True,False,False,False,False,False,True,False,False,False,False,False,False,False,False,False,False,False,False,False,False,False,False,False,True,False,False,False,False,False,True
Leaf 50X,2025,41881.7,82.8,280.0,147.0,7.2,138.0,459.0,427.0,7,61.7,2237.0,4,1,128802,3.46,3,3.3816425120772946,149.5775,0.20518551631649531,0.19088064371926688,0.03701385784532856,1,False,False,False,True,False,False,False,False,False,False,False,False,False,True,False,False,True,False,False,False,False,False,False,False,False,False,False,False,False,False,False,False,False,False,False,False,True,False
Model 3,2024,138760.96,99.4,376.0,338.9,5.24,175.0,1000.0,928.0,5,19.9,1500.0,5,2,204411,3.95,5,3.782696177062374,369.0451063829787,0.6666666666666666,0.6186666666666667,0.06626666666666667,2,True,False,False,False,True,False,False,False,False,False,False,True,True,False,False,False,False,False,False,False,False,False,False,False,False,False,False,False,False,True,False,False,False,False,True,False,False,False
Atto 3,2025,90653.56,81.3,304.0,52.5,5.38,164.0,1000.0,895.0,5,64.0,1500.0,5,0,227338,3.64,4,3.7392373923739237,298.2025,0.6666666666666666,0.5966666666666667,0.0542,1,True,False,False,False,False,False,True,False,False,False,False,False,False,False,True,False,True,False,False,False,False,False,False,False,False,False,False,False,False,False,False,False,False,False,True,False,False,False
EL8,2022,53544.18,45.0,186.0,121.5,5.72,172.0,279.0,237.0,7,40.8,1956.0,4,1,10495,3.38,5,4.133333333333334,287.87193548387097,0.14263803680981596,0.12116564417177914,0.023006134969325152,4,False,False,False,True,False,False,False,False,False,False,False,False,False,True,False,False,False,False,False,False,False,False,False,False,False,True,False,False,False,False,False,False,False,False,False,False,False,False
Dolphin,2025,27390.16,86.0,278.0,137.3,4.17,187.0,321.0,285.0,7,19.8,1616.0,4,0,146828,3.67,4,3.2325581395348837,98.52575539568345,0.19863861386138615,0.17636138613861385,0.053217821782178217,1,False,False,False,False,False,False,False,False,False,False,False,False,False,False,False,False,True,False,False,False,False,False,False,False,False,False,False,False,False,False,False,False,False,False,True,False,False,False
Ioniq 5,2025,94028.85,102.7,334.0,104.5,4.08,194.0,1000.0,949.0,5,55.4,2407.0,4,1,71912,3.59,3,3.252190847127556,281.523502994012,0.4154549231408392,0.39426672206065644,0.042667220606564187,1,False,False,False,True,False,False,False,False,False,True,False,False,False,False,True,False,False,False,False,False,False,True,False,False,False,False,False,False,False,False,False,False,False,False,True,False,False,False
Bolt EV,2025,59620.99,44.8,150.0,111.3,7.42,142.0,825.0,763.0,7,20.1,1744.0,5,0,21979,3.27,4,3.348214285714286,397.47326666666663,0.4730504587155963,0.4375,0.02568807339449541,1,False,True,False,False,False,False,False,False,False,False,False,True,False,True,False,False,False,False,False,True,False,False,False,False,False,False,False,False,False,False,False,False,False,False,False,False,True,False
ID. Buzz,2025,78713.93,85.5,300.0,199.7,2.86,200.0,812.0,761.0,5,60.2,2608.0,4,0,216549,3.66,4,3.508771929824561,262.3797666666666,0.3113496932515337,0.29179447852760737,0.03278374233128834,1,False,False,False,False,False,True,False,True,False,False,False,False,False,False,True,False,False,False,False,False,False,False,False,False,False,False,False,False,False,False,False,True,False,False,False,True,False,False
Ocean,2022,59484.88,82.4,287.0,106.0,5.72,163.0,389.0,407.0,7,19.8,1611.0,5,0,23860,3.43,5,3.483009708737864,207.26439024390243,0.2414649286157666,0.2526381129733085,0.051148355058969586,4,False,True,True,False,False,False,False,False,False,False,False,True,False,True,False,False,False,True,False,False,False,False,False,False,False,False,False,False,False,False,False,False,False,False,True,False,False,False
bZ4X,2025,62345.64,105.4,377.0,208.3,2.75,200.0,708.0,618.0,5,68.7,2450.0,5,0,15819,4.18,3,3.57685009487666,165.373050397878,0.2889795918367347,0.2522448979591837,0.04302040816326531,1,False,False,False,False,False,True,False,False,True,False,False,False,False,True,False,False,False,False,False,False,False,False,False,False,False,False,False,False,False,False,True,False,False,False,False,True,False,False
Dolphin,2023,33904.31,91.8,310.0,177.7,3.62,200.0,356.0,315.0,5,33.1,1623.0,4,2,106140,3.65,3,3.376906318082789,109.36874193548387,0.21934688847812692,0.19408502772643252,0.056561922365988906,3,False,True,False,False,True,False,False,False,False,False,False,False,False,False,False,False,True,False,False,False,False,False,False,False,False,False,False,False,False,False,False,False,False,False,False,True,False,False
Kona Electric,2025,40497.64,109.0,417.0,73.7,4.97,177.0,340.0,302.0,7,41.8,2284.0,3,1,61921,3.92,3,3.8256880733944953,97.11664268585132,0.14886164623467601,0.13222416812609458,0.047723292469352016,1,False,False,False,True,False,False,False,False,False,True,False,False,False,True,False,False,False,False,False,False,False,True,False,False,False,False,False,False,False,False,False,False,False,False,True,False,False,False
Dolphin,2024,89340.39,64.6,223.0,111.7,7.58,132.0,1000.0,861.0,7,67.3,1633.0,5,2,229760,3.35,4,3.452012383900929,400.6295515695067,0.612369871402327,0.5272504592774035,0.03955909369259032,2,False,False,False,False,False,False,True,False,False,False,False,False,False,False,True,False,True,False,False,False,False,False,False,False,False,False,False,False,False,False,False,False,False,False,False,False,True,False
Seagull,2023,77902.26,85.2,288.0,67.0,4.19,183.0,837.0,747.0,5,54.1,1861.0,5,1,177211,3.38,3,3.380281690140845,270.4939583333333,0.4497581945190758,0.40139709833422893,0.045781837721655026,3,False,False,False,True,False,False,False,False,False,False,False,False,False,False,True,False,True,False,False,False,False,False,False,False,False,False,False,False,False,False,False,False,False,False,True,False,False,False
Model S,2025,67489.81,67.1,239.0,339.9,6.73,146.0,480.0,402.0,5,28.4,1692.0,4,2,226745,3.61,5,3.5618479880774965,282.3841422594142,0.28368794326241137,0.2375886524822695,0.03965721040189125,1,False,True,False,False,False,False,False,False,False,False,False,True,False,False,True,False,False,False,False,False,False,False,False,False,False,False,False,False,False,True,False,False,False,False,False,False,False,True
Sportage EV,2025,99993.15,93.7,336.0,154.0,3.15,196.0,1000.0,897.0,5,39.6,2114.0,4,1,52100,3.59,3,3.5859124866595518,297.5986607142857,0.47303689687795647,0.42431409649952695,0.04432355723746453,1,False,True,False,True,False,False,False,False,False,True,False,False,False,False,True,False,False,False,False,False,False,False,True,False,False,False,False,False,False,False,False,False,False,False,False,True,False,False
Ioniq,2024,29445.04,64.2,222.0,133.0,5.4,173.0,180.0,200.0,7,30.7,1684.0,5,2,53245,3.2,3,3.4579439252336446,132.63531531531532,0.10688836104513064,0.1187648456057007,0.038123515439429934,2,True,False,True,False,False,False,False,False,False,True,False,False,False,False,False,False,False,False,False,False,False,True,False,False,False,False,False,False,False,False,False,False,False,False,False,False,False,False
Cybertruck,2024,57586.87,108.4,364.0,235.9,5.26,163.0,428.0,397.0,5,69.6,2629.0,4,2,136381,3.84,4,3.357933579335793,158.20568681318682,0.16279954355268164,0.1510079878280715,0.04123240775960441,2,False,True,False,False,False,True,False,False,False,False,False,True,False,True,False,False,False,False,False,False,False,False,False,False,False,False,False,False,False,True,False,False,False,False,True,False,False,False
Dolphin,2023,50127.13,47.6,150.0,55.7,6.75,140.0,584.0,556.0,7,29.6,1618.0,4,1,176192,3.19,4,3.1512605042016806,334.18086666666665,0.36093943139678614,0.34363411619283063,0.029419035846724353,3,True,False,False,False,True,False,False,False,False,False,False,False,False,True,False,False,True,False,False,False,False,False,False,False,False,False,False,False,False,False,False,False,False,False,False,False,False,True
Q6 e-tron,2024,112837.91,61.0,222.0,121.7,6.33,144.0,864.0,787.0,7,17.1,1591.0,3,1,45029,3.56,8,3.639344262295082,508.27887387387386,0.5430546825895664,0.49465744814582024,0.03834066624764299,2,True,False,False,False,True,False,False,True,False,False,False,False,True,False,False,False,False,False,False,False,False,False,False,False,False,False,False,False,False,False,False,False,False,False,False,False,False,True
Max,2023,29372.26,77.0,257.0,100.3,7.52,129.0,322.0,336.0,5,34.5,1500.0,4,0,240988,3.46,4,3.3376623376623376,114.2889494163424,0.21466666666666667,0.224,0.051333333333333335,3,False,False,True,False,False,False,False,False,False,False,False,False,False,False,False,False,True,False,False,False,False,False,False,False,False,False,False,False,False,False,False,False,False,False,False,False,True,False
Model Y,2024,40219.61,80.1,308.0,347.6,5.15,171.0,274.0,232.0,5,17.0,1547.0,5,2,429025,3.73,5,3.8451935081148565,130.58314935064936,0.17711700064641242,0.14996767937944408,0.051777634130575304,2,False,False,False,False,False,False,False,False,False,False,False,True,False,True,False,False,False,False,False,False,False,False,False,False,False,False,False,False,False,True,False,False,False,False,False,False,False,False
i30,2025,51159.74,75.6,278.0,128.5,6.46,153.0,573.0,520.0,5,79.0,1683.0,5,1,89226,3.67,4,3.6772486772486777,184.0278417266187,0.3404634581105169,0.30897207367795604,0.04491978609625668,1,False,False,False,False,False,False,True,False,False,True,False,False,False,True,False,False,False,False,False,False,False,True,False,False,False,False,False,False,False,False,False,False,False,False,False,False,False,False
Taycan,2024,142936.98,54.2,186.0,345.0,7.83,130.0,677.0,554.0,5,67.8,2128.0,5,2,23751,3.87,5,3.431734317343173,768.4783870967742,0.3181390977443609,0.26033834586466165,0.025469924812030077,2,False,True,False,True,False,False,False,True,False,False,False,False,True,False,False,False,False,False,False,False,False,False,False,False,False,False,False,True,False,False,False,False,False,False,False,False,True,False
Qin,2024,99381.36,80.7,289.0,159.7,2.61,200.0,1000.0,891.0,5,68.3,2757.0,4,0,152043,3.48,4,3.581164807930607,343.8801384083045,0.36271309394269136,0.32317736670293795,0.02927094668117519,2,False,False,False,False,False,True,False,False,False,False,False,False,False,False,True,False,True,False,False,False,False,False,False,False,False,False,False,False,False,False,False,False,False,False,False,True,False,False
i3,2024,109123.19,75.8,284.0,68.8,7.25,136.0,922.0,817.0,5,68.9,1611.0,5,1,54152,3.63,8,3.746701846965699,384.23658450704227,0.5723153320918684,0.5071384233395406,0.04705152079453755,2,False,False,False,False,False,False,True,True,False,False,False,False,True,False,False,True,False,False,False,False,False,False,False,False,False,False,False,False,False,False,False,False,False,False,False,False,True,False
F-150 Lightning,2026,51712.72,44.2,150.0,136.7,5.73,160.0,475.0,390.0,4,59.7,2391.0,4,0,26384,3.09,5,3.3936651583710407,344.75146666666666,0.1986616478460895,0.16311166875784192,0.018485989125888752,0,False,True,False,False,False,True,False,False,False,False,False,True,False,True,False,False,False,False,True,False,False,False,False,False,False,False,False,False,False,False,False,False,False,False,False,False,False,True
Seagull,2024,19470.99,82.7,291.0,127.9,6.57,159.0,204.0,201.0,5,68.2,2552.0,3,1,210937,3.48,3,3.5187424425634823,66.91061855670104,0.07993730407523511,0.07876175548589341,0.032405956112852664,2,True,False,False,False,False,True,False,False,False,False,False,False,False,False,False,False,True,False,False,False,False,False,False,False,False,False,False,False,False,False,False,False,False,False,False,False,False,False
Blazer EV,2025,46970.49,53.9,191.0,61.9,5.21,174.0,476.0,426.0,7,45.1,1866.0,4,1,6914,3.21,4,3.5435992578849724,245.91879581151832,0.25509110396570206,0.2282958199356913,0.028885316184351553,1,False,False,False,True,False,False,False,False,False,False,False,True,False,True,False,False,False,False,False,True,False,False,False,False,False,False,False,False,False,False,False,False,False,False,False,False,False,True
ID. Buzz,2025,93619.57,83.5,289.0,76.7,5.01,172.0,1000.0,912.0,5,19.6,1697.0,5,1,222583,3.38,3,3.461077844311377,323.9431487889274,0.5892751915144372,0.5374189746611667,0.04920447849145551,1,False,True,False,False,True,False,False,True,False,False,False,False,False,False,True,False,False,False,False,False,False,False,False,False,False,False,False,False,False,False,False,True,False,False,True,False,False,False
iX,2025,124852.49,85.3,324.0,119.3,5.97,158.0,1000.0,865.0,7,24.9,1872.0,3,1,51096,3.39,7,3.798358733880422,385.3471913580247,0.5341880341880342,0.4620726495726496,0.045566239316239314,1,True,False,False,False,True,False,False,True,False,False,False,False,True,False,False,True,False,False,False,False,False,False,False,False,False,False,False,False,False,False,False,False,False,False,True,False,False,False
i5,2025,97046.62,60.0,209.0,79.6,7.79,131.0,788.0,683.0,5,18.3,1510.0,5,2,66065,3.41,5,3.4833333333333334,464.3378947368421,0.5218543046357615,0.452317880794702,0.039735099337748346,1,False,False,True,False,False,False,False,True,False,False,False,False,False,False,True,True,False,False,False,False,False,False,False,False,False,False,False,False,False,False,False,False,False,False,False,False,False,True
Ioniq,2021,81529.22,52.0,173.0,132.4,5.26,175.0,1000.0,933.0,5,70.7,2400.0,4,0,137712,3.33,4,3.326923076923077,471.2671676300578,0.4166666666666667,0.38875,0.021666666666666667,5,False,False,False,False,False,True,False,False,False,True,False,False,False,False,True,False,False,False,False,False,False,True,False,False,False,False,False,False,False,False,False,False,False,False,False,False,True,False
Model 3,2023,123494.48,79.1,283.0,211.3,5.34,175.0,888.0,781.0,7,68.9,2083.0,5,3,228731,3.4,4,3.5777496839443743,436.3762544169611,0.42630820931349017,0.37493999039846376,0.03797407585213634,3,False,False,False,True,False,False,False,False,False,False,False,True,True,False,False,False,False,False,False,False,False,False,False,False,False,False,False,False,False,True,False,False,False,False,False,False,True,False
GLE EV,2024,194076.68,41.1,160.0,133.6,7.92,136.0,1000.0,932.0,5,39.6,1581.0,3,1,69583,3.65,7,3.89294403892944,1212.9792499999999,0.6325110689437066,0.5895003162555345,0.02599620493358634,2,False,True,True,False,False,False,False,True,False,False,False,False,True,False,False,False,False,False,False,False,False,False,False,False,True,False,False,False,False,False,False,False,False,False,False,False,True,False
Qin,2021,47541.74,75.3,274.0,83.8,7.74,133.0,520.0,490.0,5,46.0,2063.0,3,1,230454,3.4,5,3.6387782204515275,173.51,0.25206010664081435,0.2375181774115366,0.03650024236548716,5,True,False,False,True,False,False,False,False,False,False,False,False,False,True,False,False,True,False,False,False,False,False,False,False,False,False,False,False,False,False,False,False,False,False,False,False,False,True
Model S,2022,133033.76,83.6,310.0,331.6,4.49,181.0,932.0,846.0,7,34.0,1500.0,5,2,213496,3.81,5,3.708133971291866,429.1411612903226,0.6213333333333333,0.564,0.05573333333333333,4,False,False,False,False,False,False,False,False,False,False,False,True,True,False,False,False,False,False,False,False,False,False,False,False,False,False,False,False,False,True,False,False,False,False,True,False,False,False
Model X,2023,41055.46,66.5,234.0,322.9,5.98,157.0,305.0,223.0,5,57.8,2601.0,5,3,203412,3.84,4,3.518796992481203,175.45068376068375,0.11726259131103421,0.0857362552864283,0.025567089580930413,3,False,False,False,False,False,True,False,False,False,False,False,True,False,True,False,False,False,False,False,False,False,False,False,False,False,False,False,False,False,True,False,False,False,False,False,False,True,False
EV6,2022,59652.7,67.9,238.0,84.3,5.99,156.0,588.0,557.0,5,64.2,1917.0,5,0,145797,3.55,3,3.5051546391752573,250.64159663865544,0.30672926447574334,0.2905581637976004,0.03541992696922275,4,False,True,False,True,False,False,False,False,False,True,False,False,False,True,False,False,False,False,False,False,False,False,True,False,False,False,False,False,False,False,False,False,False,False,False,False,False,False
i4,2023,76874.69,96.7,338.0,51.5,5.84,159.0,528.0,453.0,7,23.8,1596.0,5,2,29925,3.89,5,3.495346432264736,227.43991124260356,0.3308270676691729,0.28383458646616544,0.0605889724310777,3,False,False,False,False,True,False,False,True,False,False,False,False,False,False,True,True,False,False,False,False,False,False,False,False,False,False,False,False,False,False,False,False,False,False,True,False,False,False
Model Y,2024,31623.12,77.5,246.0,331.8,5.59,165.0,161.0,200.0,7,28.0,1500.0,5,2,457458,3.75,5,3.174193548387097,128.5492682926829,0.10733333333333334,0.13333333333333333,0.051666666666666666,2,True,False,True,False,False,False,False,False,False,False,False,True,False,False,False,False,False,False,False,False,False,False,False,False,False,False,False,False,False,True,False,False,False,False,False,False,False,True
Kona Electric,2025,43168.2,97.5,334.0,115.6,5.07,179.0,444.0,434.0,5,63.4,1663.0,4,0,84174,3.27,3,3.4256410256410255,129.24610778443113,0.2669873722188815,0.2609741431148527,0.05862898376428142,1,True,False,False,False,False,False,True,False,False,True,False,False,False,True,False,False,False,False,False,False,False,True,False,False,False,False,False,False,False,False,False,False,False,False,True,False,False,False
Leaf 50X,2024,77144.36,70.9,259.0,60.7,7.34,137.0,850.0,788.0,5,22.8,1656.0,4,0,140199,3.58,5,3.653032440056417,297.8546718146718,0.5132850241545893,0.4758454106280193,0.04281400966183575,2,True,False,True,False,False,False,False,False,False,False,False,False,False,False,True,False,True,False,False,False,False,False,False,False,False,False,False,False,False,False,False,False,False,False,False,False,False,False
i5,2023,58951.66,72.4,252.0,112.7,5.44,167.0,253.0,248.0,5,63.5,1615.0,5,1,20422,3.39,8,3.480662983425414,233.93515873015875,0.15665634674922602,0.15356037151702787,0.044829721362229104,3,True,False,False,False,False,False,True,True,False,False,False,False,False,True,False,True,False,False,False,False,False,False,False,False,False,False,False,False,False,False,False,False,False,False,False,False,False,False
Cybertruck,2023,113861.27,81.2,306.0,220.4,7.93,131.0,809.0,719.0,7,61.3,2449.0,5,2,162424,3.82,4,3.768472906403941,372.09565359477125,0.3303389138423847,0.29358922008983257,0.03315639036341364,3,False,False,False,False,False,True,False,False,False,False,False,True,True,False,False,False,False,False,False,False,False,False,False,False,False,False,False,False,False,True,False,False,False,False,False,False,False,False
Blazer EV,2022,24572.41,46.5,182.0,128.7,5.73,168.0,150.0,200.0,7,60.8,2500.0,4,1,9346,3.53,3,3.913978494623656,135.01324175824175,0.06,0.08,0.0186,4,False,False,False,False,False,True,False,False,False,False,False,True,False,False,False,False,False,False,False,True,False,False,False,False,False,False,False,False,False,False,False,False,False,False,False,False,False,False
ID.4,2025,67323.21,57.6,187.0,141.0,5.46,172.0,684.0,618.0,5,64.2,1500.0,5,0,295974,3.47,5,3.2465277777777777,360.0171657754011,0.456,0.412,0.038400000000000004,1,False,True,False,False,False,False,True,True,False,False,False,False,False,False,True,False,False,False,False,False,False,False,False,False,False,False,False,False,False,False,False,True,False,False,False,False,True,False
ET6,2025,108463.22,80.0,263.0,101.8,4.01,200.0,1000.0,882.0,7,41.2,1856.0,3,1,18130,3.2,4,3.2875,412.407680608365,0.5387931034482759,0.47521551724137934,0.04310344827586207,1,True,False,False,True,False,False,False,False,False,False,False,False,True,False,False,False,False,False,False,False,False,False,False,False,False,True,False,False,False,False,False,False,False,False,True,False,False,False
Model X,2025,71274.6,49.2,150.0,349.3,6.44,160.0,586.0,509.0,7,60.0,1837.0,5,2,132658,3.6,4,3.048780487804878,475.16400000000004,0.3189983669025585,0.27708219923788785,0.026782798040283072,1,False,True,False,False,False,False,True,False,False,False,False,True,False,False,True,False,False,False,False,False,False,False,False,False,False,False,False,False,False,True,False,False,False,False,False,False,False,False
Leaf 50X,2024,55111.29,68.4,223.0,87.6,5.3,171.0,566.0,572.0,5,25.2,1630.0,4,1,112631,3.46,5,3.260233918128655,247.13582959641255,0.347239263803681,0.350920245398773,0.041963190184049086,2,False,True,True,False,False,False,False,False,False,False,False,False,False,True,False,False,True,False,False,False,False,False,False,False,False,False,False,False,False,False,False,False,False,False,False,False,False,True
Model 3,2025,132101.43,47.9,150.0,307.6,7.33,144.0,997.0,944.0,5,35.9,1751.0,5,3,220080,3.43,6,3.131524008350731,880.6762,0.5693889206167904,0.53912050256996,0.02735579668760708,1,False,True,False,True,False,False,False,False,False,False,False,True,True,False,False,False,False,False,False,False,False,False,False,False,False,False,False,False,False,True,False,False,False,False,False,False,False,True
R3,2023,104608.91,116.3,395.0,220.2,3.1,200.0,1000.0,932.0,7,15.8,1647.0,5,1,4453,3.72,4,3.3963886500429923,264.8326835443038,0.607164541590771,0.5658773527625987,0.07061323618700668,3,False,True,False,False,True,False,False,False,False,False,False,True,True,False,False,False,False,False,False,False,False,False,False,False,False,False,False,False,True,False,False,False,False,False,False,True,False,False
e-tron GT,2026,126813.57,114.9,393.0,230.5,4.2,190.0,1000.0,899.0,5,21.8,1634.0,5,1,35466,3.84,7,3.4203655352480418,322.6808396946565,0.6119951040391677,0.5501835985312118,0.07031823745410037,0,False,False,False,False,True,False,False,True,False,False,False,False,True,False,False,False,False,False,False,False,False,False,False,False,False,False,False,False,False,False,False,False,False,False,False,True,False,False
Atto 3,2026,102365.27,40.6,150.0,99.9,5.22,182.0,1000.0,960.0,5,35.5,1770.0,4,1,112568,3.22,4,3.694581280788177,682.4351333333334,0.5649717514124294,0.5423728813559322,0.022937853107344634,0,False,True,False,False,True,False,False,False,False,False,False,False,True,False,False,False,True,False,False,False,False,False,False,False,False,False,False,False,False,False,False,False,False,False,False,False,True,False
i5,2025,71335.77,45.4,168.0,70.7,7.21,143.0,436.0,426.0,7,25.4,1688.0,4,2,26069,3.19,7,3.7004405286343616,424.6176785714286,0.25829383886255924,0.2523696682464455,0.026895734597156398,1,False,True,True,False,False,False,False,True,False,False,False,False,False,False,True,True,False,False,False,False,False,False,False,False,False,False,False,False,False,False,False,False,False,False,False,False,True,False
E-Transit,2026,52666.03,83.7,310.0,230.2,3.27,197.0,496.0,444.0,5,59.5,1927.0,5,1,76169,3.67,4,3.7037037037037037,169.8904193548387,0.25739491437467565,0.23040996367410482,0.04343539180072652,0,False,False,False,True,False,False,False,False,False,False,False,True,False,True,False,False,False,False,True,False,False,False,False,False,False,False,False,False,False,False,False,False,False,False,False,True,False,False
EV9,2024,65472.17,78.2,224.0,99.0,7.54,133.0,716.0,680.0,5,55.0,2132.0,4,0,60682,3.3,3,2.864450127877238,292.2864732142857,0.33583489681050654,0.31894934333958724,0.036679174484052536,2,False,False,False,True,False,False,False,False,False,True,False,False,False,False,True,False,False,False,False,False,False,False,True,False,False,False,False,False,False,False,False,False,False,False,False,False,True,False
i30,2022,35583.1,60.1,220.0,137.7,5.87,157.0,272.0,230.0,5,19.6,1500.0,5,0,116403,3.38,3,3.660565723793677,161.74136363636362,0.18133333333333335,0.15333333333333332,0.04006666666666667,4,True,False,False,False,True,False,False,False,False,True,False,False,False,True,False,False,False,False,False,False,False,True,False,False,False,False,False,False,False,False,False,False,False,False,False,False,False,True
Dolphin,2025,62107.84,82.5,291.0,96.3,7.45,142.0,648.0,600.0,5,77.2,2468.0,4,0,129397,3.55,5,3.5272727272727273,213.42900343642611,0.2625607779578606,0.24311183144246354,0.03342787682333873,1,False,True,False,False,False,True,False,False,False,False,False,False,False,True,False,False,True,False,False,False,False,False,False,False,False,False,False,False,False,False,False,False,False,False,False,False,False,False
Model S,2024,119857.21,83.5,307.0,348.4,3.03,200.0,861.0,780.0,5,74.1,2510.0,4,2,142701,4.14,5,3.6766467065868262,390.4143648208469,0.3430278884462151,0.3107569721115538,0.03326693227091634,2,False,False,False,False,False,True,False,False,False,False,False,True,True,False,False,False,False,False,False,False,False,False,False,False,False,False,False,False,False,True,False,False,False,False,False,True,False,False
e-tron GT,2025,70111.18,75.6,262.0,143.3,5.27,166.0,375.0,380.0,5,18.0,1548.0,3,1,79614,3.53,5,3.465608465608466,267.5999236641221,0.24224806201550386,0.2454780361757106,0.04883720930232558,1,True,False,False,False,False,False,False,True,False,False,False,False,False,False,True,False,False,False,False,False,False,False,False,False,False,False,False,False,False,False,False,False,False,False,True,False,False,False
Q6 e-tron,2025,138510.75,62.7,204.0,124.6,7.99,133.0,1000.0,963.0,5,37.2,1588.0,4,1,58972,3.24,6,3.253588516746411,678.9742647058823,0.6297229219143576,0.6064231738035264,0.03948362720403023,1,False,True,False,False,False,False,False,True,False,False,False,False,True,False,False,False,False,False,False,False,False,False,False,False,False,False,False,False,False,False,False,False,False,False,False,False,True,False
iX,2023,90267.93,63.0,260.0,67.1,5.59,172.0,713.0,591.0,5,24.7,1500.0,4,1,26056,3.46,5,4.126984126984127,347.18434615384615,0.47533333333333333,0.394,0.042,3,False,False,True,False,False,False,False,True,False,False,False,False,False,False,True,True,False,False,False,False,False,False,False,False,False,False,False,False,False,False,False,False,False,False,False,False,False,False
Max,2020,67729.77,44.2,157.0,50.1,7.68,137.0,692.0,628.0,7,60.1,2386.0,4,0,160145,3.2,4,3.5520361990950224,431.3998089171975,0.2900251466890193,0.26320201173512153,0.018524727577535625,6,False,True,False,False,False,True,False,False,False,False,False,False,False,False,True,False,True,False,False,False,False,False,False,False,False,False,False,False,False,False,False,False,False,False,False,False,False,False
Yuan Plus,2022,27939.32,56.5,182.0,129.8,7.12,141.0,254.0,200.0,7,68.5,1964.0,5,0,100593,3.2,4,3.2212389380530975,153.51274725274726,0.12932790224032586,0.10183299389002037,0.028767820773930752,4,False,False,False,True,False,False,False,False,False,False,False,False,False,False,False,False,True,False,False,False,False,False,False,False,False,False,False,False,False,False,False,False,False,False,False,False,False,True
Bolt EUV,2026,70455.09,97.8,367.0,125.7,5.21,173.0,972.0,860.0,5,76.8,2305.0,4,0,1598,3.6,5,3.752556237218814,191.97572207084468,0.42169197396963126,0.37310195227765725,0.0424295010845987,0,False,True,False,False,False,True,False,False,False,False,False,True,False,False,True,False,False,False,False,True,False,False,False,False,False,False,False,False,False,False,False,False,False,False,True,False,False,False
e-tron GT,2025,104530.78,61.3,194.0,96.2,7.71,135.0,795.0,707.0,7,50.8,2104.0,5,2,52472,3.51,8,3.164763458401305,538.8184536082474,0.37785171102661597,0.3360266159695818,0.029134980988593153,1,False,True,False,True,False,False,False,True,False,False,False,False,True,False,False,False,False,False,False,False,False,False,False,False,False,False,False,False,False,False,False,False,False,False,False,False,False,False
Q6 e-tron,2025,97248.51,90.6,304.0,80.3,5.49,168.0,720.0,612.0,5,75.7,1500.0,5,1,46587,3.19,6,3.3554083885209716,319.8964144736842,0.48,0.408,0.060399999999999995,1,False,True,False,False,False,False,True,True,False,False,False,False,False,False,True,False,False,False,False,False,False,False,False,False,False,False,False,False,False,False,False,False,False,False,True,False,False,False
Explorer EV,2024,105603.42,114.4,427.0,181.6,3.18,200.0,1000.0,860.0,5,72.4,2052.0,4,0,31600,4.03,5,3.7325174825174825,247.31480093676814,0.4873294346978557,0.4191033138401559,0.0557504873294347,2,False,False,False,False,False,False,True,False,False,False,False,True,True,False,False,False,False,False,True,False,False,False,False,False,False,False,False,False,False,False,False,False,False,False,False,True,False,False
iX,2025,55554.9,41.7,151.0,100.9,5.73,173.0,203.0,200.0,5,73.3,1646.0,5,2,69514,3.1,8,3.621103117505995,367.9132450331126,0.12332928311057108,0.12150668286755771,0.025334143377885785,1,False,False,False,False,False,False,True,True,False,False,False,False,False,True,False,True,False,False,False,False,False,False,False,False,False,False,False,False,False,False,False,False,False,False,False,False,False,True
Cybertruck,2026,50614.31,85.0,304.0,267.0,6.34,152.0,315.0,263.0,7,66.2,2227.0,5,2,175527,4.02,4,3.5764705882352943,166.49444078947369,0.1414458913336327,0.11809609339919173,0.03816793893129771,0,False,True,False,False,False,True,False,False,False,False,False,True,False,True,False,False,False,False,False,False,False,False,False,False,False,False,False,False,False,True,False,False,False,False,False,False,False,False
Model Y,2025,42292.45,67.3,240.0,307.7,6.74,159.0,313.0,323.0,7,79.8,2648.0,4,2,472726,3.66,5,3.5661218424962855,176.21854166666665,0.118202416918429,0.12197885196374622,0.025415407854984893,1,False,True,False,False,False,True,False,False,False,False,False,True,False,True,False,False,False,False,False,False,False,False,False,False,False,False,False,False,False,True,False,False,False,False,False,False,False,False
Q4 e-tron,2026,94110.46,90.4,323.0,138.2,4.41,188.0,644.0,602.0,5,33.7,1508.0,4,1,38660,3.57,8,3.573008849557522,291.363653250774,0.4270557029177719,0.39920424403183025,0.05994694960212202,0,True,False,False,False,True,False,False,True,False,False,False,False,False,False,True,False,False,False,False,False,False,False,False,False,False,False,False,False,False,False,False,False,False,False,True,False,False,False
EV9,2025,77483.58,46.2,176.0,60.3,7.19,133.0,950.0,840.0,5,60.7,1989.0,3,1,116585,3.02,4,3.8095238095238093,440.24761363636367,0.47762694821518353,0.42232277526395173,0.023227752639517346,1,True,False,False,True,False,False,False,False,False,True,False,False,False,False,True,False,False,False,False,False,False,False,True,False,False,False,False,False,False,False,False,False,False,False,False,False,False,True
Model Y,2022,112382.86,81.9,270.0,243.2,5.21,182.0,816.0,719.0,5,25.1,1583.0,4,2,494879,3.77,4,3.2967032967032965,416.23281481481484,0.5154769425142135,0.4542008843967151,0.05173720783322805,4,True,False,False,False,False,False,False,False,False,False,False,True,True,False,False,False,False,False,False,False,False,False,False,False,False,False,False,False,False,True,False,False,False,False,True,False,False,False
Model X,2025,112066.22,43.2,167.0,297.1,7.91,134.0,825.0,749.0,5,75.0,1720.0,4,2,245565,3.75,4,3.8657407407407405,671.0552095808383,0.4796511627906977,0.43546511627906975,0.025116279069767444,1,True,False,False,False,False,False,True,False,False,False,False,True,True,False,False,False,False,False,False,False,False,False,False,False,False,False,False,False,False,True,False,False,False,False,False,False,True,False
i7,2024,93724.2,100.0,326.0,91.1,4.44,188.0,725.0,651.0,7,72.2,1614.0,4,1,36760,3.63,6,3.26,287.49754601226994,0.44919454770755884,0.4033457249070632,0.061957868649318466,2,False,False,False,False,False,False,True,True,False,False,False,False,False,False,True,True,False,False,False,False,False,False,False,False,False,False,False,False,False,False,False,False,False,False,True,False,False,False
Cybertruck,2021,98646.08,76.0,242.0,326.8,7.18,143.0,690.0,602.0,5,52.0,2415.0,5,2,235244,3.9,6,3.1842105263157894,407.6284297520661,0.2857142857142857,0.2492753623188406,0.03146997929606625,5,False,True,False,False,False,True,False,False,False,False,False,True,False,False,True,False,False,False,False,False,False,False,False,False,False,False,False,False,False,True,False,False,False,False,False,False,False,False
Cybertruck,2023,46210.19,70.1,244.0,291.0,5.57,171.0,310.0,227.0,5,65.1,2463.0,4,2,187848,3.58,4,3.48074179743224,189.38602459016394,0.12586276898091758,0.0921640276086074,0.02846122614697523,3,False,False,False,False,False,True,False,False,False,False,False,True,False,True,False,False,False,False,False,False,False,False,False,False,False,False,False,False,False,True,False,False,False,False,False,False,False,False
EV6,2021,66633.95,75.1,272.0,109.4,5.22,170.0,795.0,688.0,7,29.0,1500.0,5,0,57850,3.25,5,3.6218375499334226,244.97775735294115,0.53,0.45866666666666667,0.05006666666666666,5,False,False,False,False,False,False,False,False,False,True,False,False,False,False,True,False,False,False,False,False,False,False,True,False,False,False,False,False,False,False,False,False,False,False,True,False,False,False
Silverado EV,2026,65284.93,116.3,439.0,241.3,4.25,186.0,776.0,701.0,7,19.8,1566.0,4,0,25704,4.19,4,3.774720550300946,148.71282460136675,0.4955300127713921,0.44763729246487866,0.07426564495530012,0,False,False,False,False,False,False,False,False,False,False,False,True,False,False,True,False,False,False,False,True,False,False,False,False,False,False,False,False,False,False,False,False,False,False,False,True,False,False
i3,2023,137951.81,60.1,220.0,71.2,6.56,152.0,1000.0,895.0,7,22.7,1654.0,4,1,26110,3.46,7,3.660565723793677,627.0536818181818,0.6045949214026602,0.5411124546553809,0.03633615477629988,3,False,True,True,False,False,False,False,True,False,False,False,False,True,False,False,True,False,False,False,False,False,False,False,False,False,False,False,False,False,False,False,False,False,False,False,False,True,False
Seagull,2024,32276.7,53.8,220.0,127.9,7.3,142.0,314.0,266.0,5,18.5,1646.0,5,0,236029,3.7,4,4.089219330855019,146.71227272727273,0.19076549210206561,0.16160388821385177,0.03268529769137302,2,False,True,True,False,False,False,False,False,False,False,False,False,False,False,False,False,True,False,False,False,False,False,False,False,False,False,False,False,False,False,False,False,False,False,False,False,False,True
Bolt EV,2024,61070.92,75.7,280.0,76.8,6.23,156.0,808.0,740.0,7,25.2,1883.0,5,0,2434,3.31,4,3.698811096433289,218.11042857142857,0.4291024960169942,0.39298990971853426,0.04020180562931493,2,False,False,True,False,False,False,False,False,False,False,False,True,False,True,False,False,False,False,False,True,False,False,False,False,False,False,False,False,False,False,False,False,False,False,False,False,False,True
Seagull,2025,67469.58,57.5,191.0,57.3,7.8,138.0,780.0,688.0,7,21.2,1654.0,4,1,179136,3.46,4,3.3217391304347825,353.2438743455497,0.47158403869407495,0.4159613059250302,0.03476420798065296,1,False,False,True,False,False,False,False,False,False,False,False,False,False,False,True,False,True,False,False,False,False,False,False,False,False,False,False,False,False,False,False,False,False,False,False,False,False,False
Seagull,2025,48990.53,99.3,357.0,57.3,5.58,156.0,540.0,454.0,5,58.2,2202.0,4,1,211809,3.67,4,3.595166163141994,137.22837535014006,0.2452316076294278,0.2061762034514078,0.045095367847411444,1,False,True,False,True,False,False,False,False,False,False,False,False,False,True,False,False,True,False,False,False,False,False,False,False,False,False,False,False,False,False,False,False,False,False,True,False,False,False
Bolt EV,2024,56305.37,52.0,170.0,83.9,6.49,149.0,652.0,577.0,5,61.8,1500.0,4,1,2728,3.2,5,3.269230769230769,331.2080588235294,0.43466666666666665,0.38466666666666666,0.034666666666666665,2,False,False,False,False,False,False,True,False,False,False,False,True,False,True,False,False,False,False,False,True,False,False,False,False,False,False,False,False,False,False,False,False,False,False,False,False,False,False
i5,2021,94181.96,40.8,160.0,97.4,5.01,176.0,738.0,659.0,7,38.6,1626.0,5,1,79673,3.08,7,3.9215686274509807,588.63725,0.45387453874538747,0.4052890528905289,0.025092250922509222,5,False,False,False,False,False,False,False,True,False,False,False,False,False,False,True,True,False,False,False,False,False,False,False,False,False,False,False,False,False,False,False,False,False,False,False,False,False,True
GLE EV,2025,122338.76,85.1,270.0,58.6,4.0,193.0,741.0,661.0,7,16.6,1843.0,3,2,52641,4.06,7,3.1727379553466513,453.1065185185185,0.4020618556701031,0.35865436787845906,0.04617471513836136,1,True,False,True,False,False,False,False,True,False,False,False,False,True,False,False,False,False,False,False,False,False,False,False,False,True,False,False,False,False,False,False,False,False,False,True,False,False,False
i3,2023,67705.12,63.0,239.0,65.7,5.05,176.0,410.0,318.0,5,27.6,1770.0,5,2,68305,3.3,8,3.7936507936507935,283.28502092050206,0.23163841807909605,0.17966101694915254,0.03559322033898305,3,False,False,False,False,False,False,False,True,False,False,False,False,False,False,True,True,False,False,False,False,False,False,False,False,False,False,False,False,False,False,False,False,False,False,False,False,False,True
EV6,2024,44920.54,57.9,198.0,78.6,7.88,122.0,391.0,344.0,5,68.8,2615.0,5,1,145791,3.0,5,3.4196891191709846,226.87141414141414,0.14952198852772466,0.1315487571701721,0.022141491395793498,2,True,False,False,False,False,True,False,False,False,True,False,False,False,True,False,False,False,False,False,False,False,False,True,False,False,False,False,False,False,False,False,False,False,False,False,False,False,True
Cybertruck,2024,47891.48,42.5,164.0,276.3,5.16,175.0,346.0,313.0,7,74.0,2335.0,3,2,118665,3.65,6,3.8588235294117648,292.02121951219516,0.14817987152034262,0.1340471092077088,0.018201284796573874,2,True,False,False,False,False,True,False,False,False,False,False,True,False,True,False,False,False,False,False,False,False,False,False,False,False,False,False,False,False,True,False,False,False,False,False,False,True,False
ID.5,2022,62108.39,82.1,268.0,60.6,7.01,137.0,637.0,524.0,7,38.0,1760.0,5,0,222675,3.19,5,3.2643118148599273,231.74772388059702,0.3619318181818182,0.29772727272727273,0.04664772727272727,4,True,False,False,True,False,False,False,True,False,False,False,False,False,True,False,False,False,False,False,False,False,False,False,False,False,False,False,False,False,False,False,True,False,False,False,False,True,False
Seagull,2025,24414.35,86.4,281.0,141.0,5.27,175.0,170.0,200.0,5,38.9,1500.0,5,0,228388,3.55,4,3.2523148148148144,86.88380782918149,0.11333333333333333,0.13333333333333333,0.057600000000000005,1,True,False,False,False,True,False,False,False,False,False,False,False,False,False,False,False,True,False,False,False,False,False,False,False,False,False,False,False,False,False,False,False,False,False,True,False,False,False
Qin,2023,36044.93,74.5,251.0,96.5,7.83,127.0,336.0,291.0,5,64.3,2600.0,4,0,117310,3.57,5,3.3691275167785233,143.6052988047809,0.12923076923076923,0.11192307692307692,0.028653846153846155,3,True,False,False,False,False,True,False,False,False,False,False,False,False,True,False,False,True,False,False,False,False,False,False,False,False,False,False,False,False,False,False,False,False,False,False,False,False,True
Ronin,2024,67456.63,41.7,150.0,55.2,5.69,169.0,509.0,469.0,5,16.5,1631.0,4,1,20333,3.29,4,3.597122302158273,449.7108666666667,0.3120784794604537,0.2875536480686695,0.02556713672593501,2,False,False,False,False,False,False,False,False,False,False,False,True,False,False,True,False,False,True,False,False,False,False,False,False,False,False,False,False,False,False,False,False,False,False,False,False,True,False
ID. Buzz,2025,52579.97,94.8,325.0,90.3,5.3,171.0,508.0,499.0,5,19.0,1588.0,3,1,238272,3.57,4,3.428270042194093,161.78452307692308,0.3198992443324937,0.3142317380352645,0.05969773299748111,1,True,False,True,False,False,False,False,True,False,False,False,False,False,True,False,False,False,False,False,False,False,False,False,False,False,False,False,False,False,False,False,True,False,False,True,False,False,False
Q4 e-tron,2025,81941.39,40.2,150.0,138.2,5.44,166.0,495.0,468.0,5,35.5,1693.0,5,2,77358,3.0,7,3.731343283582089,546.2759333333333,0.2923803898405198,0.27643236857649145,0.023744831659775548,1,False,True,False,False,False,False,False,True,False,False,False,False,False,False,True,False,False,False,False,False,False,False,False,False,False,False,False,False,False,False,False,False,False,False,False,False,False,False
i4,2026,133852.24,84.9,318.0,197.1,2.9,200.0,1000.0,904.0,5,55.0,2197.0,4,2,50521,3.46,7,3.745583038869258,420.9189937106918,0.4551661356395084,0.41147018661811563,0.038643604915794265,0,False,False,False,False,False,True,False,True,False,False,False,False,True,False,False,True,False,False,False,False,False,False,False,False,False,False,False,False,False,False,False,False,False,False,False,True,False,False
Mustang Mach-E,2025,56042.09,79.5,293.0,130.2,6.05,157.0,541.0,501.0,5,66.9,2215.0,3,0,69874,3.35,4,3.6855345911949686,191.2699317406143,0.24424379232505644,0.22618510158013544,0.03589164785553047,1,False,True,False,True,False,False,False,False,False,False,False,True,False,True,False,False,False,False,True,False,False,False,False,False,False,False,False,False,False,False,False,False,False,False,False,False,False,True
Ioniq 5,2024,83570.15,78.5,258.0,51.5,4.33,189.0,1000.0,924.0,5,17.0,1794.0,5,1,145959,3.37,4,3.286624203821656,323.91531007751934,0.5574136008918618,0.5150501672240803,0.04375696767001115,2,False,False,False,False,False,False,False,False,False,True,False,False,False,False,True,False,False,False,False,False,False,True,False,False,False,False,False,False,False,False,False,False,False,False,True,False,False,False
Picanto EV,2022,111175.38,89.2,319.0,178.4,3.67,190.0,1000.0,964.0,5,18.8,1538.0,5,1,51798,3.75,5,3.5762331838565022,348.5121630094044,0.6501950585175552,0.6267880364109233,0.05799739921976593,4,False,True,True,False,False,False,False,False,False,True,False,False,True,False,False,False,False,False,False,False,False,False,True,False,False,False,False,False,False,False,False,False,False,False,False,True,False,False
Ioniq 5,2025,61128.92,46.1,180.0,80.3,6.4,153.0,706.0,583.0,5,78.0,1903.0,5,0,110095,3.32,3,3.9045553145336225,339.6051111111111,0.37099316868102994,0.3063583815028902,0.024224908039936942,1,False,True,False,False,False,False,True,False,False,True,False,False,False,True,False,False,False,False,False,False,False,True,False,False,False,False,False,False,False,False,False,False,False,False,False,False,False,False
Model Y,2023,44516.36,56.4,227.0,211.2,6.51,147.0,308.0,239.0,5,15.2,1513.0,4,2,403294,3.48,5,4.0248226950354615,196.1073127753304,0.20356906807666886,0.1579643093192333,0.03727693324520819,3,True,False,False,False,True,False,False,False,False,False,False,True,False,True,False,False,False,False,False,False,False,False,False,False,False,False,False,False,False,True,False,False,False,False,False,False,False,True
Equinox EV,2025,32070.17,44.1,158.0,62.7,6.07,161.0,279.0,261.0,5,66.1,2020.0,4,0,1331,3.29,3,3.582766439909297,202.97575949367086,0.13811881188118813,0.1292079207920792,0.021831683168316834,1,False,False,False,True,False,False,False,False,False,False,False,True,False,False,False,False,False,False,False,True,False,False,False,False,False,False,False,False,False,False,False,False,False,False,False,False,False,True
Yuan Plus,2024,107358.88,58.4,205.0,140.8,7.41,132.0,1000.0,888.0,7,27.3,1661.0,3,1,110469,3.56,4,3.51027397260274,523.7018536585366,0.6020469596628537,0.534617700180614,0.03515954244431065,2,True,False,False,False,False,False,False,False,False,False,False,False,True,False,False,False,True,False,False,False,False,False,False,False,False,False,False,False,False,False,False,False,False,False,False,False,True,False
Model Y,2026,78088.26,70.2,245.0,310.8,7.6,130.0,599.0,573.0,7,26.8,1514.0,5,2,489120,3.77,5,3.49002849002849,318.7275918367347,0.3956406869220608,0.37846763540290623,0.046367239101717306,0,False,False,False,False,True,False,False,False,False,False,False,True,False,False,True,False,False,False,False,False,False,False,False,False,False,False,False,False,False,True,False,False,False,False,False,False,False,True
i5,2025,132666.58,82.0,299.0,208.4,3.52,194.0,1000.0,873.0,7,68.2,1817.0,5,1,71584,3.74,6,3.6463414634146343,443.70093645484945,0.550357732526142,0.48046230049532196,0.045129334067143645,1,False,False,False,False,False,False,True,True,False,False,False,False,True,False,False,True,False,False,False,False,False,False,False,False,False,False,False,False,False,False,False,False,False,False,False,True,False,False
Model X,2023,100324.34,79.9,300.0,214.5,6.43,150.0,724.0,607.0,5,22.9,1500.0,4,2,121739,3.62,4,3.754693366708385,334.41446666666667,0.4826666666666667,0.4046666666666667,0.05326666666666667,3,False,False,False,False,False,False,False,False,False,False,False,True,True,False,False,False,False,False,False,False,False,False,False,False,False,False,False,False,False,True,False,False,False,False,False,False,True,False
EL6,2022,69452.42,47.9,170.0,63.1,7.3,147.0,514.0,452.0,5,22.3,1500.0,5,0,28334,3.19,5,3.549060542797495,408.5436470588235,0.3426666666666667,0.30133333333333334,0.031933333333333334,4,True,False,False,False,True,False,False,False,False,False,False,False,False,False,True,False,False,False,False,False,False,False,False,False,False,True,False,False,False,False,False,False,False,False,False,False,False,True
bZ4X,2023,53579.07,65.5,233.0,141.2,7.84,133.0,505.0,443.0,7,36.5,1576.0,4,0,16544,3.42,4,3.5572519083969465,229.95309012875538,0.32043147208121825,0.28109137055837563,0.041560913705583756,3,True,False,False,False,False,False,False,False,True,False,False,False,False,True,False,False,False,False,False,False,False,False,False,False,False,False,False,False,False,False,True,False,False,False,False,False,False,False
R3,2023,81874.34,83.6,317.0,132.5,5.17,177.0,866.0,733.0,5,37.9,1668.0,4,1,1989,3.61,4,3.7918660287081343,258.27867507886435,0.5191846522781774,0.4394484412470024,0.05011990407673861,3,False,False,False,False,True,False,False,False,False,False,False,True,False,False,True,False,False,False,False,False,False,False,False,False,False,False,False,False,True,False,False,False,False,False,False,False,False,True
ID. Aero,2024,59514.0,103.6,337.0,124.5,4.16,183.0,577.0,501.0,7,68.7,1974.0,4,2,230145,3.7,3,3.252895752895753,176.59940652818992,0.2922998986828774,0.25379939209726443,0.0524822695035461,2,True,False,False,True,False,False,False,True,False,False,False,False,False,True,False,False,False,False,False,False,False,False,False,False,False,False,False,False,False,False,False,True,False,False,True,False,False,False
Model 3,2026,80808.44,42.4,154.0,231.2,6.51,147.0,522.0,481.0,7,39.0,1500.0,5,2,234368,3.52,5,3.6320754716981134,524.7301298701299,0.348,0.32066666666666666,0.028266666666666666,0,False,True,False,False,False,False,False,False,False,False,False,True,False,False,True,False,False,False,False,False,False,False,False,False,False,False,False,False,False,True,False,False,False,False,False,False,False,False
R2,2024,84156.92,68.4,226.0,117.0,5.22,165.0,931.0,808.0,5,39.2,1500.0,4,0,29685,3.44,4,3.3040935672514617,372.3757522123894,0.6206666666666667,0.5386666666666666,0.0456,2,True,False,False,False,False,False,False,False,False,False,False,True,False,False,True,False,False,False,False,False,False,False,False,False,False,False,False,False,True,False,False,False,False,False,False,False,False,True
ID.5,2024,39960.53,63.9,252.0,56.8,5.58,165.0,316.0,259.0,5,19.7,1793.0,4,0,212818,3.48,3,3.943661971830986,158.57353174603173,0.1762409369771333,0.14445064138315672,0.03563859453430006,2,False,False,False,False,True,False,False,True,False,False,False,False,False,True,False,False,False,False,False,False,False,False,False,False,False,False,False,False,False,False,False,True,False,False,False,False,False,False
Ronin,2024,115878.52,94.5,334.0,67.6,5.43,166.0,983.0,908.0,7,75.5,2039.0,4,1,6077,3.64,5,3.5343915343915344,346.9416766467066,0.4820990681706719,0.4453163315350662,0.04634624816086317,2,False,False,False,False,False,True,False,False,False,False,False,True,True,False,False,False,False,True,False,False,False,False,False,False,False,False,False,False,False,False,False,False,False,False,True,False,False,False
bZ Compact SUV,2024,64461.76,85.4,288.0,86.3,4.5,180.0,774.0,731.0,7,64.4,2334.0,4,2,1214,3.76,4,3.372365339578454,223.82555555555555,0.33161953727506427,0.31319622964867183,0.036589545844044565,2,True,False,False,True,False,False,False,False,True,False,False,False,False,True,False,False,False,False,False,False,False,False,False,False,False,False,False,False,False,False,True,False,False,False,True,False,False,False
EQG,2023,181026.58,110.6,370.0,212.6,2.8,200.0,1000.0,801.0,5,79.1,2572.0,4,1,35248,3.91,8,3.3453887884267632,489.261027027027,0.38880248833592534,0.3114307931570762,0.04300155520995334,3,True,False,False,False,False,True,False,True,False,False,False,False,True,False,False,False,False,False,False,False,False,False,False,False,True,False,False,False,False,False,False,False,False,False,False,True,False,False
Yuan Plus,2025,48600.01,81.4,288.0,69.6,5.38,167.0,474.0,373.0,5,33.4,1500.0,4,0,222634,3.67,5,3.538083538083538,168.75003472222224,0.316,0.24866666666666667,0.05426666666666667,1,True,False,False,False,True,False,False,False,False,False,False,False,False,True,False,False,True,False,False,False,False,False,False,False,False,False,False,False,False,False,False,False,False,False,True,False,False,False
ID.3,2023,40146.71,41.6,150.0,95.1,7.26,142.0,312.0,299.0,7,37.3,1894.0,4,0,229072,3.13,5,3.605769230769231,267.6447333333333,0.16473072861668428,0.15786694825765576,0.021964097148891235,3,False,False,False,False,False,False,False,True,False,False,False,False,False,True,False,False,False,False,False,False,False,False,False,False,False,False,False,False,False,False,False,True,False,False,False,False,True,False
GLE EV,2023,182443.72,104.6,359.0,140.1,5.11,174.0,1000.0,903.0,7,35.4,1500.0,4,2,20765,4.1,8,3.4321223709369026,508.1997771587744,0.6666666666666666,0.602,0.06973333333333333,3,False,True,False,False,True,False,False,True,False,False,False,False,True,False,False,False,False,False,False,False,False,False,False,False,True,False,False,False,False,False,False,False,False,False,True,False,False,False
Atto 3,2022,38276.48,92.0,283.0,217.9,3.34,199.0,395.0,370.0,5,73.9,1520.0,4,1,175542,3.44,5,3.0760869565217392,135.25257950530036,0.2598684210526316,0.24342105263157895,0.060526315789473685,4,False,True,False,False,False,False,True,False,False,False,False,False,False,True,False,False,True,False,False,False,False,False,False,False,False,False,False,False,False,False,False,False,False,False,False,True,False,False
Cybertruck,2025,116077.71,118.6,428.0,233.8,3.86,189.0,859.0,763.0,5,56.7,2613.0,5,2,150657,4.24,5,3.6087689713322093,271.20960280373833,0.3287409108304631,0.29200153080750096,0.04538844240336778,1,True,False,False,False,False,True,False,False,False,False,False,True,True,False,False,False,False,False,False,False,False,False,False,False,False,False,False,False,False,True,False,False,False,False,False,True,False,False
EV9,2025,56772.77,100.2,356.0,143.1,5.58,167.0,564.0,536.0,5,44.5,2199.0,4,0,99235,3.69,3,3.552894211576846,159.47407303370787,0.25648021828103684,0.24374715779899955,0.04556616643929059,1,False,True,False,True,False,False,False,False,False,True,False,False,False,True,False,False,False,False,False,False,False,False,True,False,False,False,False,False,False,False,False,False,False,False,True,False,False,False
EL8,2025,87478.76,48.6,172.0,148.9,5.5,164.0,804.0,708.0,7,52.5,2018.0,4,1,16505,3.43,3,3.539094650205761,508.5974418604651,0.398414271555996,0.3508424182358771,0.02408325074331021,1,False,True,False,True,False,False,False,False,False,False,False,False,False,False,True,False,False,False,False,False,False,False,False,False,False,True,False,False,False,False,False,False,False,False,False,False,True,False
Bolt EUV,2025,68470.14,87.2,293.0,84.2,5.66,157.0,950.0,828.0,7,74.1,1500.0,4,2,14899,3.33,4,3.360091743119266,233.68648464163823,0.6333333333333333,0.552,0.058133333333333335,1,False,False,False,False,False,False,True,False,False,False,False,True,False,False,True,False,False,False,False,True,False,False,False,False,False,False,False,False,False,False,False,False,False,False,True,False,False,False
EV9,2025,89987.27,70.4,245.0,88.3,5.67,174.0,1000.0,935.0,7,36.7,2020.0,4,0,123485,3.47,4,3.4801136363636362,367.29497959183675,0.49504950495049505,0.4628712871287129,0.034851485148514855,1,False,False,False,True,False,False,False,False,False,True,False,False,False,False,True,False,False,False,False,False,False,False,True,False,False,False,False,False,False,False,False,False,False,False,False,False,True,False
Model S,2023,76607.64,81.1,288.0,315.7,7.64,137.0,556.0,538.0,7,69.5,1617.0,3,3,244244,3.81,4,3.551171393341554,265.99875,0.3438466295609153,0.3327149041434756,0.05015460729746444,3,False,False,False,False,False,False,True,False,False,False,False,True,False,False,True,False,False,False,False,False,False,False,False,False,False,False,False,False,False,True,False,False,False,False,False,False,True,False
Picanto EV,2022,76439.21,93.0,337.0,94.0,5.8,164.0,893.0,853.0,5,75.1,2689.0,5,0,85577,3.72,3,3.6236559139784945,226.8225816023739,0.3320937151357382,0.3172182967645965,0.034585347712904425,4,True,False,False,False,False,True,False,False,False,True,False,False,False,False,True,False,False,False,False,False,False,False,True,False,False,False,False,False,False,False,False,False,False,False,True,False,False,False
XC90 Recharge,2025,106316.66,104.3,367.0,231.2,4.12,193.0,1000.0,898.0,5,60.8,1794.0,5,0,8684,3.86,4,3.51869606903164,289.6911716621253,0.5574136008918618,0.5005574136008919,0.05813823857302118,1,False,True,False,False,False,False,True,False,False,False,True,False,True,False,False,False,False,False,False,False,False,False,False,False,False,False,False,False,False,False,False,False,True,False,False,True,False,False
Model Y,2025,83799.48,74.6,276.0,279.2,6.55,153.0,644.0,594.0,5,55.2,2793.0,5,2,427228,4.15,4,3.699731903485255,303.6213043478261,0.23057644110275688,0.21267454350161116,0.026709631220909413,1,False,True,False,False,False,True,False,False,False,False,False,True,False,False,True,False,False,False,False,False,False,False,False,False,False,False,False,False,False,True,False,False,False,False,False,False,True,False
Ioniq,2024,50276.57,73.2,241.0,96.2,7.53,138.0,521.0,483.0,5,72.9,1533.0,3,1,126203,3.42,4,3.292349726775956,208.61647302904564,0.33985649054142203,0.3150684931506849,0.047749510763209393,2,False,True,False,False,False,False,True,False,False,True,False,False,False,True,False,False,False,False,False,False,False,True,False,False,False,False,False,False,False,False,False,False,False,False,False,False,False,False
e-tron GT,2022,98374.44,50.7,166.0,145.4,5.67,164.0,699.0,652.0,5,55.3,2533.0,5,1,45293,3.1,7,3.274161735700197,592.617108433735,0.27595736281089617,0.25740228977497037,0.02001579155151994,4,False,True,False,False,False,True,False,True,False,False,False,False,False,False,True,False,False,False,False,False,False,False,False,False,False,False,False,False,False,False,False,False,False,False,False,False,True,False
Equinox EV,2025,101369.89,89.3,325.0,206.4,3.53,195.0,1000.0,948.0,7,39.7,1831.0,3,0,27681,3.35,3,3.639417693169093,311.90735384615385,0.5461496450027308,0.5177498634625888,0.048771163298743855,1,False,False,False,True,False,False,False,False,False,False,False,True,True,False,False,False,False,False,False,True,False,False,False,False,False,False,False,False,False,False,False,False,False,False,False,True,False,False
Blazer EV,2025,61000.06,63.4,250.0,146.1,6.81,151.0,774.0,697.0,5,71.4,2734.0,4,0,3536,3.69,4,3.943217665615142,244.00024,0.2831016825164594,0.25493782004389176,0.023189465983906365,1,False,False,False,False,False,True,False,False,False,False,False,True,False,True,False,False,False,False,False,True,False,False,False,False,False,False,False,False,False,False,False,False,False,False,False,False,False,False
Silverado EV,2025,56307.41,55.0,193.0,101.8,6.37,155.0,631.0,564.0,5,24.8,1699.0,4,0,25746,3.34,4,3.5090909090909093,291.74823834196894,0.37139493819894054,0.33195997645673925,0.032371983519717484,1,False,True,False,False,True,False,False,False,False,False,False,True,False,True,False,False,False,False,False,True,False,False,False,False,False,False,False,False,False,False,False,False,False,False,False,False,True,False
ID.4,2021,107417.79,54.2,201.0,75.7,5.06,176.0,1000.0,872.0,5,30.6,1514.0,5,2,254098,3.37,4,3.7084870848708484,534.4168656716417,0.6605019815059445,0.5759577278731837,0.03579920739762219,5,False,False,True,False,False,False,False,True,False,False,False,False,True,False,False,False,False,False,False,False,False,False,False,False,False,False,False,False,False,False,False,True,False,False,False,False,True,False
Leaf 50X,2024,118468.84,86.8,291.0,170.0,3.33,200.0,1000.0,892.0,5,37.6,1584.0,4,0,209498,3.76,3,3.3525345622119818,407.10941580756014,0.6313131313131313,0.5631313131313131,0.0547979797979798,2,False,False,False,False,False,False,False,False,False,False,False,False,True,False,False,False,True,False,False,False,False,False,False,False,False,False,False,False,False,False,False,False,False,False,False,True,False,False
Explorer EV,2025,92751.53,76.2,247.0,133.7,5.02,178.0,1000.0,868.0,7,55.9,2390.0,4,0,70352,3.3,3,3.2414698162729656,375.5122672064777,0.41841004184100417,0.3631799163179916,0.03188284518828452,1,True,False,False,False,False,True,False,False,False,False,False,True,False,False,True,False,False,False,True,False,False,False,False,False,False,False,False,False,False,False,False,False,False,False,True,False,False,False
Mustang Mach-E,2024,52120.46,64.5,208.0,114.7,5.13,181.0,502.0,432.0,7,35.6,1529.0,4,0,29029,3.16,4,3.2248062015503876,250.57913461538462,0.32831916285153695,0.28253760627861346,0.04218443427076521,2,True,False,False,False,False,False,False,False,False,False,False,True,False,True,False,False,False,False,True,False,False,False,False,False,False,False,False,False,False,False,False,False,False,False,False,False,False,False
EQC,2024,169395.24,99.7,323.0,138.5,5.15,172.0,1000.0,874.0,5,59.3,2679.0,3,2,60151,3.87,7,3.2397191574724173,524.4434674922601,0.3732736095558044,0.3262411347517731,0.0372153788727137,2,False,True,False,False,False,True,False,True,False,False,False,False,True,False,False,False,False,False,False,False,False,False,False,False,True,False,False,False,False,False,False,False,False,False,True,False,False,False
e-tron GT,2021,80311.97,74.6,241.0,114.4,5.32,157.0,510.0,457.0,5,21.5,1509.0,5,2,55803,3.52,6,3.2305630026809653,333.2446887966805,0.3379721669980119,0.3028495692511597,0.04943671305500331,5,False,False,False,False,True,False,False,True,False,False,False,False,False,False,True,False,False,False,False,False,False,False,False,False,False,False,False,False,False,False,False,False,False,False,False,False,False,False
Ioniq 5,2022,72159.44,56.2,163.0,114.1,7.7,132.0,890.0,768.0,7,75.8,1500.0,4,0,119329,3.43,4,2.900355871886121,442.6959509202454,0.5933333333333334,0.512,0.03746666666666667,4,False,False,False,False,False,False,True,False,False,True,False,False,False,False,True,False,False,False,False,False,False,True,False,False,False,False,False,False,False,False,False,False,False,False,False,False,True,False
Ioniq 6,2025,37714.46,105.8,359.0,96.8,5.2,170.0,313.0,268.0,7,57.8,2452.0,4,0,77052,3.86,5,3.393194706994329,105.0542061281337,0.12765089722675366,0.10929853181076672,0.043148450244698204,1,False,True,False,False,False,True,False,False,False,True,False,False,False,True,False,False,False,False,False,False,False,True,False,False,False,False,False,False,False,False,False,False,False,False,True,False,False,False
Mustang Mach-E,2023,63827.68,85.8,270.0,133.9,4.6,180.0,665.0,610.0,7,59.4,2431.0,4,0,74506,3.43,3,3.146853146853147,236.3988148148148,0.2735499794323324,0.2509255450431921,0.03529411764705882,3,True,False,False,False,False,True,False,False,False,False,False,True,False,True,False,False,False,False,True,False,False,False,False,False,False,False,False,False,False,False,False,False,False,False,True,False,False,False
i7,2025,150512.16,44.6,150.0,132.1,5.28,170.0,1000.0,905.0,7,20.5,1765.0,4,2,47379,3.31,8,3.3632286995515694,1003.4144,0.56657223796034,0.5127478753541076,0.025269121813031162,1,False,True,True,False,False,False,False,True,False,False,False,False,True,False,False,True,False,False,False,False,False,False,False,False,False,False,False,False,False,False,False,False,False,False,False,False,True,False
Bolt EUV,2023,74889.56,92.7,312.0,151.1,4.05,193.0,994.0,937.0,7,17.5,1704.0,4,2,29402,3.57,3,3.365695792880259,240.03064102564102,0.5833333333333334,0.5498826291079812,0.05440140845070423,3,False,True,False,False,False,False,False,False,False,False,False,True,False,False,True,False,False,False,False,True,False,False,False,False,False,False,False,False,False,False,False,False,False,False,False,True,False,False
F-150 Lightning,2025,66474.9,78.5,273.0,146.0,5.39,168.0,721.0,687.0,4,69.3,2671.0,4,0,43803,3.47,5,3.477707006369427,243.49780219780217,0.2699363534256833,0.2572070385623362,0.029389741669786598,1,True,False,False,False,False,True,False,False,False,False,False,True,False,False,True,False,False,False,True,False,False,False,False,False,False,False,False,False,False,False,False,False,False,False,True,False,False,False
Q6 e-tron,2020,76665.86,103.7,353.0,63.0,5.43,165.0,449.0,388.0,5,29.6,1563.0,4,1,32828,3.4,5,3.404050144648023,217.18373937677055,0.2872680742162508,0.24824056301983366,0.06634676903390915,6,False,False,True,False,False,False,False,True,False,False,False,False,False,False,True,False,False,False,False,False,False,False,False,False,False,False,False,False,False,False,False,False,False,False,True,False,False,False
Dolphin,2025,42876.18,78.3,263.0,87.3,5.69,161.0,415.0,379.0,7,41.7,2370.0,5,2,158327,3.29,3,3.3588761174968074,163.02730038022813,0.1751054852320675,0.159915611814346,0.0330379746835443,1,True,False,False,True,False,False,False,False,False,False,False,False,False,True,False,False,True,False,False,False,False,False,False,False,False,False,False,False,False,False,False,False,False,False,False,False,False,False
ID. Buzz,2026,43538.73,62.3,231.0,100.0,5.92,165.0,299.0,249.0,5,70.6,1732.0,4,1,228329,3.2,3,3.707865168539326,188.47935064935066,0.17263279445727484,0.14376443418013857,0.03596997690531178,0,False,True,False,False,False,False,True,True,False,False,False,False,False,True,False,False,False,False,False,False,False,False,False,False,False,False,False,False,False,False,False,True,False,False,False,False,False,True
Cybertruck,2023,104581.09,50.5,185.0,345.6,6.12,165.0,743.0,674.0,7,66.2,2370.0,5,2,156090,3.54,6,3.6633663366336635,565.3031891891892,0.3135021097046414,0.2843881856540084,0.021308016877637132,3,True,False,False,False,False,True,False,False,False,False,False,True,True,False,False,False,False,False,False,False,False,False,False,False,False,False,False,False,False,True,False,False,False,False,False,False,False,False
EV6,2022,90771.15,86.2,305.0,132.4,4.21,179.0,1000.0,874.0,5,78.9,2457.0,4,0,86318,3.46,3,3.5382830626450117,297.61032786885244,0.407000407000407,0.3557183557183557,0.03508343508343508,4,True,False,False,False,False,True,False,False,False,True,False,False,False,False,True,False,False,False,False,False,False,False,True,False,False,False,False,False,False,False,False,False,False,False,True,False,False,False
Model S,2022,59089.35,76.7,268.0,244.8,6.91,153.0,380.0,319.0,5,36.7,1500.0,5,2,130707,3.64,5,3.494132985658409,220.48264925373132,0.25333333333333335,0.21266666666666667,0.051133333333333336,4,False,True,False,False,True,False,False,False,False,False,False,True,False,True,False,False,False,False,False,False,False,False,False,False,False,False,False,False,False,True,False,False,False,False,False,False,True,False
Ioniq,2024,50087.55,104.8,362.0,185.1,4.02,188.0,578.0,543.0,7,62.2,2466.0,5,0,62703,3.86,3,3.454198473282443,138.36339779005525,0.23438767234387672,0.22019464720194648,0.04249797242497972,2,True,False,False,False,False,True,False,False,False,True,False,False,False,True,False,False,False,False,False,False,False,True,False,False,False,False,False,False,False,False,False,False,False,False,False,True,False,False
EV6,2025,117331.76,116.3,411.0,186.7,2.71,200.0,1000.0,905.0,5,37.4,1704.0,4,0,108933,3.59,4,3.53396388650043,285.47873479318736,0.5868544600938967,0.5311032863849765,0.06825117370892018,1,False,True,False,False,False,False,False,False,False,True,False,False,True,False,False,False,False,False,False,False,False,False,True,False,False,False,False,False,False,False,False,False,False,False,False,True,False,False
Max,2024,36467.37,45.0,150.0,140.9,5.31,169.0,406.0,327.0,5,24.0,1558.0,4,1,220450,3.22,4,3.3333333333333335,243.1158,0.2605905006418485,0.2098844672657253,0.028883183568677792,2,False,True,False,False,False,False,False,False,False,False,False,False,False,True,False,False,True,False,False,False,False,False,False,False,False,False,False,False,False,False,False,False,False,False,False,False,False,False
EV6,2025,74609.83,44.7,153.0,82.8,5.63,165.0,763.0,677.0,5,50.4,2255.0,5,1,84247,3.42,3,3.4228187919463084,487.6459477124183,0.33835920177383594,0.3002217294900222,0.019822616407982264,1,False,True,False,False,False,True,False,False,False,True,False,False,False,False,True,False,False,False,False,False,False,False,True,False,False,False,False,False,False,False,False,False,False,False,False,False,False,False
Cybertruck,2025,87113.04,47.4,150.0,233.9,5.08,176.0,649.0,602.0,5,77.1,2639.0,4,2,217680,3.55,4,3.1645569620253164,580.7536,0.24592648730579766,0.22811671087533156,0.017961348995831752,1,False,True,False,False,False,True,False,False,False,False,False,True,False,False,True,False,False,False,False,False,False,False,False,False,False,False,False,False,False,True,False,False,False,False,False,False,False,False
Cybertruck,2025,166572.78,117.8,398.0,203.0,3.46,200.0,1000.0,903.0,5,72.9,2600.0,5,2,229037,4.35,6,3.3786078098471988,418.5245728643216,0.38461538461538464,0.3473076923076923,0.045307692307692306,1,False,False,False,False,False,True,False,False,False,False,False,True,True,False,False,False,False,False,False,False,False,False,False,False,False,False,False,False,False,True,False,False,False,False,False,True,False,False
GLE EV,2024,116775.93,78.6,259.0,119.6,5.62,166.0,633.0,567.0,5,29.0,1558.0,4,1,43904,3.6,6,3.295165394402036,450.8723166023166,0.40629011553273425,0.36392811296534017,0.05044929396662387,2,False,True,True,False,False,False,False,True,False,False,False,False,True,False,False,False,False,False,False,False,False,False,False,False,True,False,False,False,False,False,False,False,False,False,False,False,False,False
ID.3,2024,98791.59,77.0,250.0,96.8,7.9,133.0,1000.0,918.0,5,25.9,1840.0,5,0,289215,3.46,4,3.2467532467532467,395.16636,0.5434782608695652,0.4989130434782609,0.04184782608695652,2,False,False,True,False,False,False,False,True,False,False,False,False,False,False,True,False,False,False,False,False,False,False,False,False,False,False,False,False,False,False,False,True,False,False,False,False,True,False
Model S,2023,56750.25,40.5,163.0,297.6,7.9,136.0,387.0,382.0,5,72.2,1500.0,4,2,175034,3.89,4,4.0246913580246915,348.16104294478527,0.258,0.25466666666666665,0.027,3,False,False,False,False,False,False,True,False,False,False,False,True,False,True,False,False,False,False,False,False,False,False,False,False,False,False,False,False,False,True,False,False,False,False,False,False,False,False
Kona Electric,2024,75053.58,43.0,154.0,117.1,7.11,150.0,943.0,794.0,7,72.4,2127.0,4,1,86699,3.36,4,3.5813953488372094,487.3609090909091,0.44334743770568874,0.3732957216737188,0.020216267042783263,2,False,True,False,False,False,True,False,False,False,True,False,False,False,False,True,False,False,False,False,False,False,True,False,False,False,False,False,False,False,False,False,False,False,False,False,False,True,False
E-Transit,2025,49970.16,77.5,267.0,56.6,5.0,181.0,406.0,375.0,7,54.0,2803.0,4,1,35218,3.57,3,3.445161290322581,187.1541573033708,0.1448448091330717,0.1337852301105958,0.027648947556189796,1,False,True,False,False,False,True,False,False,False,False,False,True,False,True,False,False,False,False,True,False,False,False,False,False,False,False,False,False,False,False,False,False,False,False,False,False,False,True
Max,2024,39727.71,45.3,154.0,108.8,5.19,170.0,400.0,312.0,7,74.9,1609.0,4,1,139199,3.11,5,3.3995584988962473,257.97214285714284,0.24860161591050342,0.19390926041019266,0.02815413300186451,2,False,False,False,False,False,False,True,False,False,False,False,False,False,True,False,False,True,False,False,False,False,False,False,False,False,False,False,False,False,False,False,False,False,False,False,False,False,True
i4,2025,85729.44,59.9,191.0,145.7,5.99,168.0,651.0,567.0,5,68.3,2688.0,5,2,29338,3.48,6,3.1886477462437397,448.84523560209425,0.2421875,0.2109375,0.02228422619047619,1,False,True,False,False,False,True,False,True,False,False,False,False,False,False,True,True,False,False,False,False,False,False,False,False,False,False,False,False,False,False,False,False,False,False,False,False,False,False
Cybertruck,2023,62213.09,54.2,191.0,341.2,7.6,136.0,404.0,327.0,5,50.7,2531.0,5,3,199768,3.77,5,3.5239852398523985,325.7229842931937,0.15962070327933622,0.1291979454760964,0.021414460687475306,3,True,False,False,False,False,True,False,False,False,False,False,True,False,True,False,False,False,False,False,False,False,False,False,False,False,False,False,False,False,True,False,False,False,False,False,False,False,False
Cybertruck,2022,170128.32,84.4,303.0,306.9,3.88,186.0,1000.0,875.0,7,63.7,2467.0,4,2,163960,4.09,5,3.590047393364929,561.479603960396,0.40535062829347385,0.35468179975678965,0.034211593027969195,4,False,True,False,False,False,True,False,False,False,False,False,True,True,False,False,False,False,False,False,False,False,False,False,False,False,False,False,False,False,True,False,False,False,False,False,True,False,False
Ioniq 5,2024,80948.92,68.6,262.0,104.1,5.97,162.0,1000.0,898.0,7,77.2,1500.0,5,1,134570,3.64,3,3.8192419825072887,308.9653435114504,0.6666666666666666,0.5986666666666667,0.04573333333333333,2,True,False,False,False,False,False,True,False,False,True,False,False,False,False,True,False,False,False,False,False,False,True,False,False,False,False,False,False,False,False,False,False,False,False,False,False,True,False
Picanto EV,2022,43745.72,58.3,197.0,109.4,7.32,141.0,381.0,354.0,7,27.1,1724.0,5,0,77441,3.34,4,3.379073756432247,222.0594923857868,0.22099767981438515,0.20533642691415313,0.03381670533642691,4,False,True,True,False,False,False,False,False,False,True,False,False,False,True,False,False,False,False,False,False,False,False,True,False,False,False,False,False,False,False,False,False,False,False,False,False,False,False
i3,2023,134039.99,84.4,313.0,79.4,4.43,177.0,1000.0,874.0,5,26.8,1652.0,5,2,70841,3.71,5,3.7085308056872037,428.2427795527156,0.6053268765133172,0.5290556900726392,0.051089588377723975,3,False,False,False,False,True,False,False,True,False,False,False,False,True,False,False,True,False,False,False,False,False,False,False,False,False,False,False,False,False,False,False,False,False,False,True,False,False,False
Blazer EV,2025,80896.01,64.4,194.0,102.1,6.97,148.0,1000.0,881.0,5,27.2,1500.0,4,0,11404,3.35,4,3.012422360248447,416.9897422680412,0.6666666666666666,0.5873333333333334,0.04293333333333334,1,False,True,True,False,False,False,False,False,False,False,False,True,False,False,True,False,False,False,False,True,False,False,False,False,False,False,False,False,False,False,False,False,False,False,False,False,True,False
Air,2026,199365.9,57.8,235.0,215.3,7.53,138.0,953.0,859.0,7,23.6,1531.0,4,0,26890,3.19,5,4.0657439446366785,848.3655319148936,0.6224689745264533,0.5610711952971914,0.037753102547354665,0,True,False,False,False,False,False,False,False,False,False,False,True,True,False,False,False,False,False,False,False,False,False,False,True,False,False,False,False,False,False,False,False,False,False,False,False,False,True
i30,2023,65970.0,108.1,394.0,85.8,4.76,179.0,835.0,684.0,5,38.2,1500.0,5,1,146072,4.09,4,3.64477335800185,167.43654822335026,0.5566666666666666,0.456,0.07206666666666667,3,True,False,False,False,False,False,False,False,False,True,False,False,False,False,True,False,False,False,False,False,False,True,False,False,False,False,False,False,False,False,False,False,False,False,True,False,False,False
Qin,2024,67622.89,80.4,289.0,98.5,7.92,131.0,740.0,667.0,5,28.6,1988.0,4,0,235660,3.57,5,3.5945273631840795,233.98923875432527,0.3722334004024145,0.33551307847082495,0.040442655935613685,2,False,False,True,False,False,False,False,False,False,False,False,False,False,False,True,False,True,False,False,False,False,False,False,False,False,False,False,False,False,False,False,False,False,False,False,False,True,False
E-Transit,2023,42208.33,66.3,224.0,72.3,5.56,165.0,401.0,336.0,5,35.2,1892.0,5,0,47569,3.37,4,3.378582202111614,188.43004464285715,0.21194503171247359,0.17758985200845667,0.03504228329809725,3,False,False,False,True,False,False,False,False,False,False,False,True,False,True,False,False,False,False,True,False,False,False,False,False,False,False,False,False,False,False,False,False,False,False,False,False,False,False
Leaf 50X,2024,56388.91,73.7,242.0,113.8,6.52,156.0,632.0,585.0,7,15.8,1666.0,5,1,205113,3.4,4,3.2835820895522385,233.01202479338843,0.3793517406962785,0.35114045618247297,0.044237695078031214,2,False,True,False,False,True,False,False,False,False,False,False,False,False,True,False,False,True,False,False,False,False,False,False,False,False,False,False,False,False,False,False,False,False,False,False,False,False,False
ID. Buzz,2025,66045.15,82.5,269.0,67.6,5.49,163.0,665.0,550.0,7,26.2,1571.0,4,0,228215,3.37,3,3.2606060606060607,245.5210037174721,0.42329726288987907,0.35009548058561424,0.05251432208784214,1,True,False,True,False,False,False,False,True,False,False,False,False,False,False,True,False,False,False,False,False,False,False,False,False,False,False,False,False,False,False,False,True,False,False,True,False,False,False
Cybertruck,2024,37365.06,44.7,150.0,237.7,5.52,169.0,223.0,200.0,5,50.6,2555.0,5,2,220616,3.81,5,3.355704697986577,249.10039999999998,0.08727984344422701,0.07827788649706457,0.017495107632093936,2,False,False,False,False,False,True,False,False,False,False,False,True,False,True,False,False,False,False,False,False,False,False,False,False,False,False,False,False,False,True,False,False,False,False,False,False,False,False
Cybertruck,2023,38622.29,51.5,186.0,261.7,7.84,124.0,276.0,226.0,5,75.7,2714.0,5,2,174372,3.4,5,3.6116504854368934,207.64672043010754,0.1016949152542373,0.08327192336035372,0.018975681650700075,3,True,False,False,False,False,True,False,False,False,False,False,True,False,True,False,False,False,False,False,False,False,False,False,False,False,False,False,False,False,True,False,False,False,False,False,False,False,False
bZ4X,2022,69982.49,42.6,156.0,93.7,6.21,153.0,850.0,731.0,5,64.8,2317.0,5,1,8818,3.15,3,3.6619718309859155,448.60570512820516,0.36685369011653,0.3154941735002158,0.01838584376348727,4,False,False,False,False,False,True,False,False,True,False,False,False,False,False,True,False,False,False,False,False,False,False,False,False,False,False,False,False,False,False,True,False,False,False,False,False,False,True
EQE,2021,165233.4,100.3,329.0,158.6,4.02,194.0,1000.0,842.0,7,62.5,1751.0,4,1,35726,3.78,6,3.280159521435693,502.22917933130697,0.5711022272986864,0.480868075385494,0.05728155339805825,5,False,False,False,False,False,False,True,True,False,False,False,False,True,False,False,False,False,False,False,False,False,False,False,False,True,False,False,False,False,False,False,False,False,False,False,True,False,False
Blazer EV,2025,70614.1,41.9,187.0,142.0,5.15,173.0,995.0,902.0,7,33.3,1629.0,4,0,27643,3.38,4,4.463007159904535,377.6155080213904,0.6108041743400859,0.5537139349294046,0.025721301411909144,1,False,False,True,False,False,False,False,False,False,False,False,True,False,False,True,False,False,False,False,True,False,False,False,False,False,False,False,False,False,False,False,False,False,False,False,False,False,True
ID.4,2025,80549.5,119.7,447.0,160.5,3.41,192.0,904.0,799.0,7,70.9,2812.0,5,0,291709,3.7,3,3.7343358395989976,180.20022371364652,0.32147937411095306,0.28413940256045517,0.04256756756756757,1,False,True,False,False,False,True,False,True,False,False,False,False,False,False,True,False,False,False,False,False,False,False,False,False,False,False,False,False,False,False,False,True,False,False,False,True,False,False
Model Y,2020,96390.76,80.4,287.0,340.0,5.88,160.0,697.0,653.0,5,74.0,1505.0,4,3,498047,3.82,5,3.5696517412935322,335.85630662020907,0.46312292358803986,0.43388704318936877,0.053421926910299004,6,True,False,False,False,False,False,True,False,False,False,False,True,False,False,True,False,False,False,False,False,False,False,False,False,False,False,False,False,False,True,False,False,False,False,True,False,False,False
Model X,2023,27433.3,82.4,258.0,223.7,6.02,161.0,168.0,200.0,7,30.7,1644.0,5,3,230869,3.79,4,3.1310679611650483,106.33062015503876,0.10218978102189781,0.12165450121654502,0.05012165450121655,3,True,False,False,False,False,False,False,False,False,False,False,True,False,False,False,False,False,False,False,False,False,False,False,False,False,False,False,False,False,True,False,False,False,False,False,False,False,False
Leaf 50X,2024,76472.57,67.2,227.0,136.2,7.52,139.0,849.0,830.0,5,63.3,1500.0,4,1,191416,3.33,4,3.3779761904761902,336.8835682819384,0.566,0.5533333333333333,0.0448,2,False,True,False,False,False,False,True,False,False,False,False,False,False,False,True,False,True,False,False,False,False,False,False,False,False,False,False,False,False,False,False,False,False,False,False,False,False,False
Picanto EV,2025,41416.02,60.8,228.0,142.9,5.91,160.0,367.0,344.0,5,22.0,1500.0,5,1,137512,3.35,3,3.75,181.64921052631578,0.24466666666666667,0.22933333333333333,0.04053333333333333,1,False,True,True,False,False,False,False,False,False,True,False,False,False,True,False,False,False,False,False,False,False,False,True,False,False,False,False,False,False,False,False,False,False,False,False,False,False,False
Silverado EV,2023,64132.24,51.9,150.0,51.2,6.67,155.0,870.0,835.0,5,66.5,2693.0,4,0,5462,3.44,4,2.8901734104046244,427.5482666666667,0.32305978462681023,0.31006312662458224,0.01927218715187523,3,False,True,False,False,False,True,False,False,False,False,False,True,False,True,False,False,False,False,False,True,False,False,False,False,False,False,False,False,False,False,False,False,False,False,False,False,False,True
i3,2025,97630.54,108.0,374.0,211.2,3.25,200.0,810.0,745.0,5,57.6,2381.0,4,1,50895,3.63,5,3.462962962962963,261.04422459893044,0.3401931961360773,0.31289374212515747,0.04535909281814364,1,False,True,False,False,False,True,False,True,False,False,False,False,False,False,True,True,False,False,False,False,False,False,False,False,False,False,False,False,False,False,False,False,False,False,False,True,False,False
Seagull,2024,117281.9,115.7,431.0,193.6,3.76,195.0,1000.0,869.0,5,22.2,1500.0,3,0,111137,3.92,3,3.725151253241141,272.115777262181,0.6666666666666666,0.5793333333333334,0.07713333333333333,2,True,False,False,False,True,False,False,False,False,False,False,False,True,False,False,False,True,False,False,False,False,False,False,False,False,False,False,False,False,False,False,False,False,False,False,True,False,False
bZ4X,2025,77617.51,84.5,295.0,80.6,5.04,180.0,1000.0,840.0,7,16.0,1500.0,5,0,15856,3.46,4,3.4911242603550297,263.1102033898305,0.6666666666666666,0.56,0.05633333333333333,1,False,False,False,False,False,False,False,False,True,False,False,False,False,False,True,False,False,False,False,False,False,False,False,False,False,False,False,False,False,False,True,False,False,False,True,False,False,False
Bolt EV,2025,53614.17,77.3,266.0,153.0,3.29,192.0,663.0,599.0,7,51.2,2645.0,5,2,7236,3.24,3,3.441138421733506,201.55703007518795,0.25066162570888467,0.2264650283553875,0.029224952741020792,1,True,False,False,False,False,True,False,False,False,False,False,True,False,True,False,False,False,False,False,True,False,False,False,False,False,False,False,False,False,False,False,False,False,False,False,True,False,False
Niro EV,2026,98299.99,73.4,245.0,132.5,5.83,165.0,1000.0,918.0,5,25.6,1500.0,5,1,126328,3.5,4,3.3378746594005446,401.22444897959184,0.6666666666666666,0.612,0.048933333333333336,0,False,True,False,False,False,False,False,False,False,True,False,False,False,False,True,False,False,False,False,False,False,False,True,False,False,False,False,False,False,False,False,False,False,False,False,False,True,False
EV9,2025,62151.7,74.0,246.0,89.9,7.94,129.0,692.0,582.0,5,52.1,2022.0,5,0,58624,3.74,5,3.324324324324324,252.6491869918699,0.34223541048466866,0.2878338278931751,0.036597428288822946,1,False,False,False,True,False,False,False,False,False,True,False,False,False,True,False,False,False,False,False,False,False,False,True,False,False,False,False,False,False,False,False,False,False,False,False,False,True,False
ID. Buzz,2025,57462.19,76.2,259.0,243.1,4.1,183.0,541.0,402.0,7,28.5,1500.0,4,1,298599,3.42,5,3.3989501312335957,221.86173745173747,0.3606666666666667,0.268,0.050800000000000005,1,False,False,True,False,False,False,False,True,False,False,False,False,False,True,False,False,False,False,False,False,False,False,False,False,False,False,False,False,False,False,False,True,False,False,False,True,False,False
Dolphin,2023,65383.31,69.6,240.0,146.2,6.25,161.0,763.0,709.0,5,32.2,1500.0,5,1,171261,3.56,4,3.4482758620689657,272.4304583333333,0.5086666666666667,0.4726666666666667,0.0464,3,False,True,False,False,False,False,False,False,False,False,False,False,False,False,True,False,True,False,False,False,False,False,False,False,False,False,False,False,False,False,False,False,False,False,False,False,True,False
ID.3,2025,88158.61,99.8,333.0,200.8,2.63,200.0,1000.0,916.0,7,27.4,1591.0,5,1,265949,3.68,4,3.3366733466933867,264.7405705705706,0.6285355122564424,0.5757385292269013,0.06272784412319296,1,False,False,True,False,False,False,False,True,False,False,False,False,False,False,True,False,False,False,False,False,False,False,False,False,False,False,False,False,False,False,False,True,False,False,False,True,False,False
Bolt EV,2022,49443.87,82.7,262.0,103.5,4.7,179.0,556.0,481.0,5,61.5,1500.0,4,1,17112,3.4,3,3.1680773881499396,188.7170610687023,0.37066666666666664,0.32066666666666666,0.05513333333333333,4,True,False,False,False,False,False,True,False,False,False,False,True,False,True,False,False,False,False,False,True,False,False,False,False,False,False,False,False,False,False,False,False,False,False,True,False,False,False
Model 3,2023,33304.79,70.4,262.0,309.3,5.0,180.0,235.0,266.0,5,77.5,1500.0,4,3,239021,3.85,5,3.7215909090909087,127.11751908396947,0.15666666666666668,0.17733333333333334,0.046933333333333334,3,False,True,False,False,False,False,True,False,False,False,False,True,False,False,False,False,False,False,False,False,False,False,False,False,False,False,False,False,False,True,False,False,False,False,False,False,False,False
Cybertruck,2025,29689.54,58.1,216.0,327.0,5.38,170.0,191.0,200.0,5,77.0,2468.0,5,2,210522,3.78,5,3.7177280550774525,137.45157407407407,0.0773905996758509,0.08103727714748785,0.02354132901134522,1,True,False,False,False,False,True,False,False,False,False,False,True,False,False,False,False,False,False,False,False,False,False,False,False,False,False,False,False,False,True,False,False,False,False,False,False,False,False
Model S,2025,129183.24,87.9,337.0,250.2,5.39,169.0,976.0,910.0,7,19.7,1638.0,5,2,207546,3.74,6,3.8339021615472126,383.333056379822,0.5958485958485958,0.5555555555555556,0.05366300366300367,1,True,False,True,False,False,False,False,False,False,False,False,True,True,False,False,False,False,False,False,False,False,False,False,False,False,False,False,False,False,True,False,False,False,False,True,False,False,False
Cybertruck,2025,132226.95,87.5,319.0,265.2,4.66,176.0,983.0,865.0,5,78.7,2287.0,5,3,133735,3.85,4,3.645714285714286,414.5045454545455,0.42982072584171405,0.37822474857892435,0.03825972890249235,1,False,True,False,False,False,True,False,False,False,False,False,True,True,False,False,False,False,False,False,False,False,False,False,False,False,False,False,False,False,True,False,False,False,False,True,False,False,False
EQE,2026,59152.02,43.6,162.0,122.2,5.26,170.0,157.0,200.0,7,56.9,2444.0,4,2,57795,3.37,5,3.715596330275229,365.1359259259259,0.06423895253682488,0.08183306055646482,0.01783960720130933,0,True,False,False,True,False,False,False,True,False,False,False,False,False,True,False,False,False,False,False,False,False,False,False,False,True,False,False,False,False,False,False,False,False,False,False,False,False,False
Equinox EV,2026,42539.36,109.6,371.0,156.4,2.86,200.0,438.0,442.0,5,44.4,2235.0,5,2,18263,3.65,4,3.385036496350365,114.66134770889488,0.1959731543624161,0.19776286353467562,0.04903803131991051,0,False,True,False,True,False,False,False,False,False,False,False,True,False,True,False,False,False,False,False,True,False,False,False,False,False,False,False,False,False,False,False,False,False,False,False,True,False,False
Ioniq 5,2026,86930.64,49.4,177.0,92.9,5.55,171.0,1000.0,867.0,7,26.0,1500.0,4,1,147601,3.5,4,3.582995951417004,491.1335593220339,0.6666666666666666,0.578,0.032933333333333335,0,False,True,False,False,True,False,False,False,False,True,False,False,False,False,True,False,False,False,False,False,False,True,False,False,False,False,False,False,False,False,False,False,False,False,False,False,True,False
Model S,2025,162032.44,61.2,193.0,290.6,7.64,132.0,1000.0,851.0,5,22.4,1618.0,5,2,210253,3.9,4,3.15359477124183,839.5463212435234,0.6180469715698393,0.5259579728059333,0.037824474660074166,1,False,False,False,False,True,False,False,False,False,False,False,True,True,False,False,False,False,False,False,False,False,False,False,False,False,False,False,False,False,True,False,False,False,False,False,False,True,False
Kona Electric,2025,51036.86,52.8,234.0,130.6,7.37,142.0,584.0,538.0,5,34.4,2027.0,5,2,55671,3.38,3,4.431818181818182,218.1062393162393,0.2881105081401085,0.265416872224963,0.026048347311297484,1,False,False,False,False,False,False,False,False,False,True,False,False,False,True,False,False,False,False,False,False,False,True,False,False,False,False,False,False,False,False,False,False,False,False,False,False,True,False
Kona Electric,2024,52223.31,42.1,150.0,116.5,6.02,161.0,566.0,488.0,5,65.7,1635.0,4,1,89573,3.43,3,3.5629453681710213,348.1554,0.346177370030581,0.2984709480122324,0.025749235474006118,2,False,True,False,False,False,False,True,False,False,True,False,False,False,True,False,False,False,False,False,False,False,True,False,False,False,False,False,False,False,False,False,False,False,False,False,False,False,False
Model S,2025,54018.19,40.6,150.0,208.1,6.79,145.0,379.0,325.0,5,37.4,1787.0,4,3,101221,3.6,4,3.694581280788177,360.12126666666666,0.21208729714605484,0.18186905428091774,0.02271964185786234,1,False,False,False,False,False,False,False,False,False,False,False,True,False,True,False,False,False,False,False,False,False,False,False,False,False,False,False,False,False,True,False,False,False,False,False,False,False,False
ID.5,2025,78662.15,41.4,150.0,77.3,7.77,134.0,898.0,772.0,5,74.5,1500.0,4,0,237990,3.28,4,3.6231884057971016,524.4143333333333,0.5986666666666667,0.5146666666666667,0.0276,1,False,True,False,False,False,False,True,True,False,False,False,False,False,False,True,False,False,False,False,False,False,False,False,False,False,False,False,False,False,False,False,True,False,False,False,False,False,False
ID. Buzz,2026,39803.56,46.8,168.0,78.3,6.31,156.0,274.0,241.0,7,69.9,2758.0,3,1,248701,3.08,5,3.58974358974359,236.92595238095237,0.09934735315445975,0.0873821609862219,0.01696881798404641,0,True,False,False,False,False,True,False,True,False,False,False,False,False,True,False,False,False,False,False,False,False,False,False,False,False,False,False,False,False,False,False,True,False,False,False,False,False,True
EV9,2025,103512.45,63.0,213.0,119.0,7.65,124.0,1000.0,919.0,5,45.2,2221.0,5,1,50563,3.44,3,3.380952380952381,485.9739436619718,0.45024763619990993,0.4137775776677172,0.028365601080594327,1,False,False,False,True,False,False,False,False,False,True,False,False,True,False,False,False,False,False,False,False,False,False,True,False,False,False,False,False,False,False,False,False,False,False,False,False,True,False
i5,2024,76696.39,87.4,313.0,196.4,3.49,192.0,523.0,468.0,5,68.3,2006.0,5,1,21525,3.69,5,3.581235697940503,245.03638977635782,0.26071784646061813,0.2333000997008973,0.043569292123629116,2,False,False,False,True,False,False,False,True,False,False,False,False,False,False,True,True,False,False,False,False,False,False,False,False,False,False,False,False,False,False,False,False,False,False,False,True,False,False
Model S,2023,98608.05,77.7,286.0,228.4,4.94,183.0,718.0,700.0,5,39.2,1521.0,4,2,246839,3.98,4,3.6808236808236807,344.78339160839164,0.4720578566732413,0.46022353714661407,0.05108481262327416,3,True,False,True,False,False,False,False,False,False,False,False,True,False,False,True,False,False,False,False,False,False,False,False,False,False,False,False,False,False,True,False,False,False,False,True,False,False,False
ID.4,2026,86543.35,56.3,193.0,94.1,6.9,152.0,935.0,853.0,5,19.0,1583.0,4,0,282690,3.24,3,3.4280639431616344,448.4111398963731,0.5906506632975363,0.5388502842703727,0.03556538218572331,0,True,False,True,False,False,False,False,True,False,False,False,False,False,False,True,False,False,False,False,False,False,False,False,False,False,False,False,False,False,False,False,True,False,False,False,False,False,True
i4,2026,72989.13,82.0,298.0,77.5,6.52,146.0,467.0,428.0,5,28.4,1500.0,5,2,49770,3.42,8,3.6341463414634148,244.92996644295303,0.31133333333333335,0.2853333333333333,0.05466666666666667,0,False,True,True,False,False,False,False,True,False,False,False,False,False,False,True,True,False,False,False,False,False,False,False,False,False,False,False,False,False,False,False,False,False,False,False,False,False,True
Ioniq 6,2025,39399.56,70.9,268.0,65.8,5.76,159.0,293.0,234.0,5,63.1,1935.0,4,1,101021,3.33,3,3.779971791255289,147.01328358208954,0.15142118863049095,0.12093023255813953,0.03664082687338502,1,False,False,False,True,False,False,False,False,False,True,False,False,False,True,False,False,False,False,False,False,False,True,False,False,False,False,False,False,False,False,False,False,False,False,False,False,False,True
EQS,2024,99625.48,81.2,306.0,72.8,6.47,153.0,534.0,467.0,5,65.1,1569.0,4,2,71016,3.79,7,3.768472906403941,325.5734640522876,0.3403441682600382,0.29764181007010837,0.05175270873167623,2,False,False,False,True,False,False,False,True,False,False,False,False,False,False,True,False,False,False,False,False,False,False,False,False,True,False,False,False,False,False,False,False,False,False,False,False,True,False
i7,2025,113646.11,73.6,279.0,188.6,3.16,199.0,1000.0,908.0,5,75.3,2275.0,5,1,68048,3.7,8,3.7907608695652177,407.3337275985663,0.43956043956043955,0.3991208791208791,0.032351648351648346,1,False,False,False,False,False,True,False,True,False,False,False,False,True,False,False,True,False,False,False,False,False,False,False,False,False,False,False,False,False,False,False,False,False,False,False,True,False,False
Model Y,2024,110939.31,48.7,160.0,276.2,5.49,169.0,840.0,747.0,5,22.2,1526.0,4,2,456268,3.43,6,3.2854209445585214,693.3706875,0.5504587155963303,0.4895150720838794,0.03191349934469201,2,False,True,False,False,False,False,False,False,False,False,False,True,True,False,False,False,False,False,False,False,False,False,False,False,False,False,False,False,False,True,False,False,False,False,False,False,False,True
Model X,2026,142726.14,94.6,318.0,205.9,4.61,176.0,1000.0,871.0,5,32.1,1500.0,4,2,176985,4.23,5,3.3615221987315014,448.82433962264156,0.6666666666666666,0.5806666666666667,0.06306666666666666,0,False,True,False,False,False,False,False,False,False,False,False,True,True,False,False,False,False,False,False,False,False,False,False,False,False,False,False,False,False,True,False,False,False,False,True,False,False,False
i3,2024,69442.01,54.1,193.0,95.1,5.86,169.0,383.0,299.0,7,73.2,1764.0,4,2,51378,3.2,5,3.567467652495379,359.8031606217616,0.2171201814058957,0.16950113378684808,0.03066893424036281,2,False,True,False,False,False,False,True,True,False,False,False,False,False,False,True,True,False,False,False,False,False,False,False,False,False,False,False,False,False,False,False,False,False,False,False,False,True,False
Model 3,2025,42979.12,62.8,229.0,275.3,7.9,133.0,252.0,227.0,7,51.8,1730.0,4,2,207769,3.71,5,3.6464968152866244,187.68174672489084,0.14566473988439307,0.13121387283236993,0.03630057803468208,1,False,False,False,True,False,False,False,False,False,False,False,True,False,True,False,False,False,False,False,False,False,False,False,False,False,False,False,False,False,True,False,False,False,False,False,False,False,False
Picanto EV,2024,56096.47,47.3,176.0,107.5,5.39,159.0,531.0,469.0,5,33.7,1841.0,3,0,113782,3.4,3,3.72093023255814,318.7299431818182,0.2884302009777295,0.25475285171102663,0.025692558392178162,2,False,True,False,False,False,False,False,False,False,True,False,False,False,True,False,False,False,False,False,False,False,False,True,False,False,False,False,False,False,False,False,False,False,False,False,False,True,False
EL8,2024,82536.87,69.7,264.0,114.2,7.79,127.0,730.0,687.0,7,56.6,2319.0,5,0,17477,3.38,5,3.787661406025825,312.63965909090905,0.31479085812850366,0.296248382923674,0.03005605864596809,2,True,False,False,False,False,True,False,False,False,False,False,False,False,False,True,False,False,False,False,False,False,False,False,False,False,True,False,False,False,False,False,False,False,False,False,False,False,False
EV9,2026,62907.99,56.0,184.0,97.7,7.47,142.0,663.0,579.0,5,53.0,1838.0,5,0,93165,3.26,3,3.2857142857142856,341.89125,0.3607181719260065,0.3150163220892274,0.030467899891186073,0,True,False,False,True,False,False,False,False,False,True,False,False,False,True,False,False,False,False,False,False,False,False,True,False,False,False,False,False,False,False,False,False,False,False,False,False,False,False
ID.5,2025,97402.81,71.7,258.0,153.8,3.48,200.0,1000.0,912.0,5,77.9,2374.0,4,1,255988,3.58,4,3.598326359832636,377.53027131782943,0.42122999157540014,0.38416175231676497,0.03020219039595619,1,False,True,False,False,False,True,False,True,False,False,False,False,False,False,True,False,False,False,False,False,False,False,False,False,False,False,False,False,False,False,False,True,False,False,False,True,False,False
i7,2025,85706.08,45.1,150.0,127.7,7.87,135.0,650.0,634.0,5,31.2,1703.0,4,2,78799,3.26,8,3.325942350332594,571.3738666666667,0.3816793893129771,0.37228420434527304,0.026482677627715796,1,True,False,True,False,False,False,False,True,False,False,False,False,False,False,True,True,False,False,False,False,False,False,False,False,False,False,False,False,False,False,False,False,False,False,False,False,False,True
Ioniq 6,2024,54234.95,58.4,217.0,131.1,7.58,132.0,577.0,530.0,7,50.2,2843.0,5,2,136935,3.41,4,3.7157534246575343,249.9306451612903,0.20295462539570877,0.18642279282448118,0.020541681322546607,2,True,False,False,False,False,True,False,False,False,True,False,False,False,True,False,False,False,False,False,False,False,True,False,False,False,False,False,False,False,False,False,False,False,False,False,False,False,False
Picanto EV,2023,95598.48,63.5,202.0,141.1,5.52,166.0,1000.0,845.0,5,44.2,1516.0,5,1,107457,3.32,5,3.1811023622047245,473.259801980198,0.6596306068601583,0.5573878627968337,0.041886543535620054,3,False,False,False,True,False,False,False,False,False,True,False,False,False,False,True,False,False,False,False,False,False,False,True,False,False,False,False,False,False,False,False,False,False,False,False,False,True,False
EC6,2023,98011.85,106.2,364.0,79.6,5.43,171.0,953.0,885.0,7,20.5,1662.0,4,0,12631,3.86,5,3.4274952919020714,269.2633241758242,0.5734055354993983,0.5324909747292419,0.06389891696750903,3,False,False,False,False,True,False,False,False,False,False,False,False,False,False,True,False,False,False,False,False,False,False,False,False,False,True,False,False,False,False,False,False,False,False,True,False,False,False
ID.3,2025,58313.43,71.5,260.0,159.7,3.71,193.0,583.0,522.0,5,77.2,2583.0,3,1,263694,3.21,3,3.6363636363636362,224.28242307692307,0.2257065427797135,0.20209059233449478,0.027680991095625242,1,False,False,False,False,False,True,False,True,False,False,False,False,False,True,False,False,False,False,False,False,False,False,False,False,False,False,False,False,False,False,False,True,False,False,False,True,False,False
bZ Compact SUV,2024,62799.62,80.2,271.0,97.3,7.03,143.0,717.0,661.0,5,35.4,1773.0,4,0,8458,3.67,4,3.3790523690773067,231.7329151291513,0.40439932318104904,0.3728144388042865,0.04523406655386351,2,False,True,False,True,False,False,False,False,True,False,False,False,False,True,False,False,False,False,False,False,False,False,False,False,False,False,False,False,False,False,True,False,False,False,False,False,False,False
e-tron,2025,91038.75,55.9,192.0,81.8,7.17,149.0,636.0,591.0,7,64.5,2402.0,5,2,26577,3.76,7,3.4347048300536676,474.16015625,0.26477935054121565,0.246044962531224,0.02327227310574521,1,False,True,False,False,False,True,False,True,False,False,False,False,False,False,True,False,False,False,False,False,False,False,False,False,False,False,False,False,False,False,False,False,False,False,False,False,False,True
Cybertruck,2024,130803.06,83.1,289.0,227.9,6.46,150.0,914.0,861.0,5,77.3,2533.0,4,2,105012,4.03,6,3.4777376654632977,452.6057439446367,0.3608369522305567,0.33991314646664034,0.03280694828266877,2,True,False,False,False,False,True,False,False,False,False,False,True,True,False,False,False,False,False,False,False,False,False,False,False,False,False,False,False,False,True,False,False,False,False,False,False,False,True
Model 3,2025,69626.26,76.8,249.0,256.0,6.0,158.0,502.0,416.0,7,38.5,1522.0,5,3,189686,3.74,5,3.2421875,279.62353413654614,0.32982917214191854,0.2733245729303548,0.05045992115637319,1,True,False,False,False,True,False,False,False,False,False,False,True,False,False,True,False,False,False,False,False,False,False,False,False,False,False,False,False,False,True,False,False,False,False,False,False,False,False
Model Y,2024,85409.4,94.6,338.0,290.6,5.5,167.0,614.0,573.0,5,22.0,1500.0,4,2,497556,4.06,5,3.572938689217759,252.69053254437867,0.4093333333333333,0.382,0.06306666666666666,2,False,False,False,False,True,False,False,False,False,False,False,True,False,False,True,False,False,False,False,False,False,False,False,False,False,False,False,False,False,True,False,False,False,False,True,False,False,False
Model 3,2026,153057.04,85.2,285.0,338.3,4.28,186.0,1000.0,855.0,7,15.0,1574.0,5,2,178740,4.06,5,3.345070422535211,537.0422456140351,0.6353240152477764,0.5432020330368488,0.05412960609911055,0,False,True,False,False,False,False,False,False,False,False,False,True,True,False,False,False,False,False,False,False,False,False,False,False,False,False,False,False,False,True,False,False,False,False,True,False,False,False
Cybertruck,2023,121896.5,64.2,216.0,291.3,7.11,145.0,841.0,748.0,7,77.0,2332.0,5,2,186743,3.62,4,3.364485981308411,564.3356481481482,0.3606346483704974,0.32075471698113206,0.027530017152658664,3,False,True,False,False,False,True,False,False,False,False,False,True,True,False,False,False,False,False,False,False,False,False,False,False,False,False,False,False,False,True,False,False,False,False,False,False,False,True
i7,2025,66273.55,72.4,246.0,51.7,6.85,154.0,327.0,326.0,5,74.8,2768.0,5,1,30088,3.19,8,3.3977900552486187,269.404674796748,0.11813583815028902,0.11777456647398844,0.02615606936416185,1,True,False,False,False,False,True,False,True,False,False,False,False,False,False,True,True,False,False,False,False,False,False,False,False,False,False,False,False,False,False,False,False,False,False,False,False,False,False
Model Y,2024,43315.76,61.7,224.0,301.3,6.9,136.0,360.0,277.0,5,17.4,1500.0,5,2,424937,3.73,6,3.6304700162074552,193.3739285714286,0.24,0.18466666666666667,0.041133333333333334,2,False,False,False,False,True,False,False,False,False,False,False,True,False,True,False,False,False,False,False,False,False,False,False,False,False,False,False,False,False,True,False,False,False,False,False,False,False,False
Atto 3,2022,36072.31,77.7,251.0,60.8,6.32,154.0,365.0,296.0,7,71.3,1527.0,4,2,159638,3.48,4,3.2303732303732304,143.71438247011952,0.23903077930582842,0.19384413883431564,0.05088408644400786,4,False,True,False,False,False,False,True,False,False,False,False,False,False,True,False,False,True,False,False,False,False,False,False,False,False,False,False,False,False,False,False,False,False,False,False,False,True,False
GLE EV,2025,127213.62,61.6,214.0,99.5,6.47,146.0,697.0,636.0,5,35.8,1918.0,4,1,74928,3.82,5,3.474025974025974,594.4561682242991,0.36339937434827946,0.3315954118873827,0.032116788321167884,1,True,False,False,False,True,False,False,True,False,False,False,False,True,False,False,False,False,False,False,False,False,False,False,False,True,False,False,False,False,False,False,False,False,False,False,False,False,False
Model X,2024,79315.78,60.6,195.0,277.0,5.73,164.0,551.0,541.0,7,62.3,2173.0,5,2,122128,3.66,4,3.2178217821782176,406.74758974358974,0.2535664979291302,0.2489645651173493,0.027887712839392547,2,True,False,False,False,False,True,False,False,False,False,False,True,False,False,True,False,False,False,False,False,False,False,False,False,False,False,False,False,False,True,False,False,False,False,False,False,False,True
Explorer EV,2023,35481.88,41.0,173.0,58.6,6.38,155.0,202.0,205.0,5,36.3,1677.0,5,1,63701,3.25,4,4.219512195121951,205.09757225433523,0.12045319022063208,0.12224209898628503,0.024448419797257006,3,False,True,True,False,False,False,False,False,False,False,False,True,False,True,False,False,False,False,True,False,False,False,False,False,False,False,False,False,False,False,False,False,False,False,False,False,False,False
Dolphin,2026,82657.26,83.9,294.0,66.6,7.12,153.0,891.0,772.0,7,72.6,1904.0,5,0,156944,3.54,4,3.504171632896305,281.14714285714285,0.4679621848739496,0.4054621848739496,0.04406512605042017,0,False,False,False,False,False,False,True,False,False,False,False,False,False,False,True,False,True,False,False,False,False,False,False,False,False,False,False,False,False,False,False,False,False,False,False,False,False,True
Model S,2025,137829.03,95.3,323.0,324.7,4.55,187.0,966.0,876.0,5,70.2,1656.0,3,3,239713,3.88,5,3.3892969569779643,426.71526315789475,0.5833333333333334,0.5289855072463768,0.05754830917874396,1,True,False,False,False,False,False,True,False,False,False,False,True,True,False,False,False,False,False,False,False,False,False,False,False,False,False,False,False,False,True,False,False,False,False,True,False,False,False
Silverado EV,2025,70239.01,40.5,150.0,137.3,5.25,184.0,989.0,925.0,7,61.8,1577.0,5,1,23483,3.13,4,3.7037037037037037,468.26006666666666,0.6271401395053899,0.586556753329106,0.02568167406467977,1,True,False,False,False,False,False,True,False,False,False,False,True,False,False,True,False,False,False,False,True,False,False,False,False,False,False,False,False,False,False,False,False,False,False,False,False,False,True
i4,2026,90499.68,42.2,167.0,108.5,7.99,132.0,739.0,656.0,7,19.1,1618.0,3,2,72987,3.29,7,3.957345971563981,541.9142514970059,0.45673671199011123,0.4054388133498146,0.02608158220024722,0,True,False,False,False,False,False,False,True,False,False,False,False,False,False,True,True,False,False,False,False,False,False,False,False,False,False,False,False,False,False,False,False,False,False,False,False,False,True
e-tron,2024,130131.59,94.0,322.0,123.8,5.61,163.0,1000.0,858.0,7,37.7,1642.0,4,2,36875,3.63,8,3.425531914893617,404.13537267080744,0.6090133982947625,0.5225334957369062,0.057247259439707675,2,False,False,False,False,True,False,False,True,False,False,False,False,True,False,False,False,False,False,False,False,False,False,False,False,False,False,False,False,False,False,False,False,False,False,True,False,False,False
Bolt EV,2024,56344.05,94.4,351.0,75.4,4.84,176.0,710.0,584.0,7,17.2,1500.0,5,0,12802,3.81,4,3.7182203389830506,160.524358974359,0.47333333333333333,0.3893333333333333,0.06293333333333334,2,False,False,False,False,False,False,False,False,False,False,False,True,False,True,False,False,False,False,False,True,False,False,False,False,False,False,False,False,False,False,False,False,False,False,True,False,False,False
F-150 Lightning,2024,59797.58,46.4,171.0,93.5,6.46,154.0,628.0,589.0,4,56.0,2692.0,4,0,57357,3.14,4,3.685344827586207,349.6934502923977,0.23328380386329867,0.2187964338781575,0.017236255572065377,2,True,False,False,False,False,True,False,False,False,False,False,True,False,True,False,False,False,False,True,False,False,False,False,False,False,False,False,False,False,False,False,False,False,False,False,False,False,True
Leaf 50X,2023,100157.25,105.4,362.0,110.2,5.21,177.0,1000.0,892.0,5,67.7,2399.0,4,1,107443,3.79,5,3.4345351043643264,276.6774861878453,0.4168403501458941,0.37182159233013756,0.04393497290537724,3,True,False,False,False,False,True,False,False,False,False,False,False,True,False,False,False,True,False,False,False,False,False,False,False,False,False,False,False,False,False,False,False,False,False,True,False,False,False
Model Y,2023,55299.28,40.9,150.0,246.4,6.71,151.0,380.0,293.0,5,16.3,1605.0,5,2,449181,3.75,4,3.6674816625916873,368.66186666666664,0.2367601246105919,0.18255451713395637,0.025482866043613706,3,False,True,True,False,False,False,False,False,False,False,False,True,False,True,False,False,False,False,False,False,False,False,False,False,False,False,False,False,False,True,False,False,False,False,False,False,False,False
Blazer EV,2025,44798.27,109.1,375.0,109.1,5.22,168.0,493.0,430.0,5,22.4,1636.0,4,0,19461,3.6,4,3.4372135655362057,119.46205333333333,0.30134474327628363,0.2628361858190709,0.06668704156479217,1,False,True,True,False,False,False,False,False,False,False,False,True,False,True,False,False,False,False,False,True,False,False,False,False,False,False,False,False,False,False,False,False,False,False,True,False,False,False
E-Transit,2024,98104.32,80.3,266.0,224.7,4.19,181.0,1000.0,873.0,7,69.4,1563.0,4,1,47356,3.62,4,3.3125778331257782,368.8132330827068,0.6397952655150352,0.5585412667946257,0.05137555982085732,2,False,True,False,False,False,False,True,False,False,False,False,True,False,False,True,False,False,False,True,False,False,False,False,False,False,False,False,False,False,False,False,False,False,False,False,True,False,False
XC90 Recharge,2025,55877.09,51.9,192.0,144.5,5.14,166.0,327.0,284.0,5,65.0,1577.0,5,1,15994,3.31,5,3.699421965317919,291.02651041666667,0.20735573874445148,0.18008877615726063,0.032910589727330374,1,True,False,False,False,False,False,True,False,False,False,True,False,False,True,False,False,False,False,False,False,False,False,False,False,False,False,False,False,False,False,False,False,True,False,False,False,False,True
ID.3,2024,32753.54,42.3,178.0,134.1,7.05,139.0,184.0,200.0,5,64.6,2243.0,5,1,224478,3.16,3,4.208037825059102,184.00865168539326,0.08203299152920196,0.08916629514043692,0.018858671422202405,2,False,True,False,False,False,True,False,True,False,False,False,False,False,False,False,False,False,False,False,False,False,False,False,False,False,False,False,False,False,False,False,True,False,False,False,False,False,False
ID.3,2022,73902.85,64.0,231.0,121.1,5.91,168.0,839.0,757.0,7,60.7,1754.0,4,0,251288,3.32,4,3.609375,319.9257575757576,0.47833523375142534,0.4315849486887115,0.036488027366020526,4,True,False,False,False,False,False,True,True,False,False,False,False,False,False,True,False,False,False,False,False,False,False,False,False,False,False,False,False,False,False,False,True,False,False,False,False,False,True
Explorer EV,2023,52080.38,54.7,222.0,99.4,6.86,143.0,553.0,507.0,5,79.8,1632.0,4,1,72053,3.42,3,4.058500914076782,234.5963063063063,0.3388480392156863,0.31066176470588236,0.0335171568627451,3,False,True,False,False,False,False,True,False,False,False,False,True,False,True,False,False,False,False,True,False,False,False,False,False,False,False,False,False,False,False,False,False,False,False,False,False,False,False
Dolphin,2025,22600.22,66.9,206.0,59.0,6.69,146.0,176.0,200.0,7,22.8,1771.0,5,0,131689,3.16,4,3.0792227204783256,109.70980582524273,0.09937888198757763,0.11293054771315642,0.037775268210050825,1,True,False,True,False,False,False,False,False,False,False,False,False,False,False,False,False,True,False,False,False,False,False,False,False,False,False,False,False,False,False,False,False,False,False,False,False,False,True
R1S,2024,99040.38,77.6,294.0,52.0,5.14,169.0,1000.0,900.0,5,38.2,1864.0,5,0,10950,3.77,6,3.7886597938144333,336.87204081632655,0.5364806866952789,0.48283261802575106,0.041630901287553645,2,True,False,False,False,False,False,False,False,False,False,False,True,False,False,True,False,False,False,False,False,False,False,False,False,False,False,False,False,True,False,False,False,False,False,True,False,False,False
EQC,2026,108052.79,111.2,390.0,197.2,3.61,196.0,517.0,476.0,7,36.9,2011.0,5,2,49733,4.02,5,3.5071942446043165,277.05843589743586,0.2570860268523123,0.2366981601193436,0.05529587270014918,0,False,False,True,False,False,False,False,True,False,False,False,False,True,False,False,False,False,False,False,False,False,False,False,False,True,False,False,False,False,False,False,False,False,False,False,True,False,False
ID. Buzz,2023,50097.36,93.7,319.0,216.1,4.32,182.0,403.0,349.0,7,77.4,1844.0,4,0,238954,3.69,4,3.404482390608324,157.0450156739812,0.2185466377440347,0.18926247288503253,0.050813449023861174,3,False,True,False,False,False,False,True,True,False,False,False,False,False,True,False,False,False,False,False,False,False,False,False,False,False,False,False,False,False,False,False,True,False,False,False,True,False,False
Blazer EV,2025,35979.3,56.1,209.0,140.3,7.89,124.0,347.0,326.0,5,55.3,1752.0,4,1,25503,3.61,4,3.7254901960784315,172.14976076555024,0.1980593607305936,0.1860730593607306,0.03202054794520548,1,True,False,False,True,False,False,False,False,False,False,False,True,False,True,False,False,False,False,False,True,False,False,False,False,False,False,False,False,False,False,False,False,False,False,False,False,False,True
Equinox EV,2025,57051.32,98.6,344.0,244.5,2.93,200.0,722.0,656.0,7,54.9,2113.0,4,1,13660,3.69,4,3.488843813387424,165.84686046511627,0.34169427354472315,0.310459062943682,0.04666351159488878,1,False,True,False,True,False,False,False,False,False,False,False,True,False,True,False,False,False,False,False,True,False,False,False,False,False,False,False,False,False,False,False,False,False,False,False,True,False,False
Model Y,2025,109970.08,60.0,194.0,200.5,5.74,165.0,780.0,711.0,5,16.8,1709.0,4,3,456748,3.5,6,3.2333333333333334,566.8560824742268,0.4564072557050907,0.4160327677004096,0.03510825043885313,1,False,True,False,False,False,False,False,False,False,False,False,True,True,False,False,False,False,False,False,False,False,False,False,False,False,False,False,False,False,True,False,False,False,False,False,False,False,False
e-tron,2024,92779.16,80.0,260.0,134.7,4.62,178.0,629.0,553.0,7,15.8,1511.0,4,1,22988,3.55,6,3.25,356.8429230769231,0.41628060886829915,0.36598279285241564,0.05294506949040371,2,False,True,True,False,False,False,False,True,False,False,False,False,False,False,True,False,False,False,False,False,False,False,False,False,False,False,False,False,False,False,False,False,False,False,True,False,False,False
i30,2025,65007.57,44.2,150.0,125.0,5.41,174.0,772.0,707.0,7,15.3,1717.0,4,1,138781,3.03,4,3.3936651583710407,433.3838,0.44962143273150845,0.4117647058823529,0.025742574257425745,1,True,False,True,False,False,False,False,False,False,True,False,False,False,False,True,False,False,False,False,False,False,True,False,False,False,False,False,False,False,False,False,False,False,False,False,False,False,True
EQS,2023,123138.78,81.2,263.0,135.2,5.51,174.0,664.0,636.0,7,54.4,2004.0,5,1,65127,3.77,5,3.2389162561576352,468.208288973384,0.3313373253493014,0.31736526946107785,0.040518962075848305,3,False,False,False,False,False,True,False,True,False,False,False,False,True,False,False,False,False,False,False,False,False,False,False,False,True,False,False,False,False,False,False,False,False,False,True,False,False,False
Atto 3,2020,102787.75,92.6,323.0,210.6,3.62,194.0,1000.0,913.0,5,70.0,1500.0,4,1,117639,3.79,5,3.4881209503239745,318.2283281733746,0.6666666666666666,0.6086666666666667,0.06173333333333333,6,False,True,False,False,False,False,True,False,False,False,False,False,True,False,False,False,True,False,False,False,False,False,False,False,False,False,False,False,False,False,False,False,False,False,False,True,False,False
e-tron,2025,79195.78,74.7,275.0,130.6,5.49,162.0,474.0,339.0,5,32.7,1535.0,4,1,62967,3.57,6,3.681392235609103,287.98465454545453,0.3087947882736156,0.22084690553745928,0.048664495114006515,1,True,False,False,False,True,False,False,True,False,False,False,False,False,False,True,False,False,False,False,False,False,False,False,False,False,False,False,False,False,False,False,False,False,False,False,False,False,False
ID.4,2024,93014.64,70.2,255.0,75.2,5.06,169.0,1000.0,941.0,5,78.3,2324.0,5,1,264436,3.26,4,3.6324786324786325,364.76329411764704,0.43029259896729777,0.40490533562822717,0.030206540447504305,2,False,False,False,False,False,True,False,True,False,False,False,False,False,False,True,False,False,False,False,False,False,False,False,False,False,False,False,False,False,False,False,True,False,False,False,False,True,False
Model S,2023,131294.36,66.0,236.0,230.3,6.29,159.0,939.0,845.0,5,52.7,2015.0,4,2,154508,3.91,4,3.5757575757575757,556.332033898305,0.4660049627791563,0.41935483870967744,0.032754342431761785,3,False,True,False,True,False,False,False,False,False,False,False,True,True,False,False,False,False,False,False,False,False,False,False,False,False,False,False,False,False,True,False,False,False,False,False,False,True,False
e-tron,2025,84380.71,80.0,275.0,135.5,6.41,165.0,531.0,499.0,7,58.6,2209.0,4,1,37226,3.53,5,3.4375,306.83894545454547,0.24038026256224537,0.22589406971480308,0.0362154821186057,1,False,False,False,True,False,False,False,True,False,False,False,False,False,False,True,False,False,False,False,False,False,False,False,False,False,False,False,False,False,False,False,False,False,False,False,False,False,False
Model X,2025,76635.5,45.2,150.0,322.5,5.59,175.0,561.0,470.0,5,56.8,1709.0,5,2,167458,3.59,5,3.31858407079646,510.9033333333333,0.32826214160327677,0.2750146284376829,0.02644821533060269,1,False,True,False,True,False,False,False,False,False,False,False,True,False,False,True,False,False,False,False,False,False,False,False,False,False,False,False,False,False,True,False,False,False,False,False,False,False,True
Leaf 50X,2026,60331.49,43.6,175.0,101.4,7.08,136.0,653.0,581.0,5,19.4,1729.0,4,1,145412,3.34,4,4.013761467889908,344.7513714285714,0.37767495662232503,0.3360323886639676,0.025216888374783114,0,False,True,False,False,False,False,False,False,False,False,False,False,False,True,False,False,True,False,False,False,False,False,False,False,False,False,False,False,False,False,False,False,False,False,False,False,True,False
bZ Compact SUV,2022,59240.75,70.1,267.0,99.5,5.9,162.0,648.0,553.0,5,41.3,2240.0,4,0,18789,3.47,4,3.8088445078459348,221.875468164794,0.2892857142857143,0.246875,0.031294642857142854,4,False,True,False,True,False,False,False,False,True,False,False,False,False,True,False,False,False,False,False,False,False,False,False,False,False,False,False,False,False,False,True,False,False,False,False,False,False,False
bZ Compact SUV,2024,62299.25,60.9,213.0,91.4,5.32,169.0,673.0,581.0,5,55.5,2079.0,3,1,25820,3.36,4,3.497536945812808,292.48474178403757,0.32371332371332373,0.27946127946127947,0.02929292929292929,2,False,False,False,True,False,False,False,False,True,False,False,False,False,True,False,False,False,False,False,False,False,False,False,False,False,False,False,False,False,False,True,False,False,False,False,False,False,True
Picanto EV,2025,41302.85,54.4,210.0,55.8,7.79,128.0,370.0,314.0,5,78.4,2736.0,5,0,124417,3.31,5,3.860294117647059,196.68023809523808,0.13523391812865498,0.11476608187134503,0.019883040935672513,1,False,False,False,False,False,True,False,False,False,True,False,False,False,True,False,False,False,False,False,False,False,False,True,False,False,False,False,False,False,False,False,False,False,False,False,False,False,False
iX,2026,111475.63,44.2,150.0,88.9,6.23,159.0,959.0,885.0,5,71.8,1551.0,4,1,22266,3.33,5,3.3936651583710407,743.1708666666667,0.6183107672469375,0.5705996131528046,0.028497743391360415,0,False,True,False,False,False,False,True,True,False,False,False,False,True,False,False,True,False,False,False,False,False,False,False,False,False,False,False,False,False,False,False,False,False,False,False,False,False,True
ID.4,2023,44868.54,71.0,254.0,133.6,7.27,135.0,370.0,382.0,5,18.4,1500.0,3,2,264149,3.6,5,3.5774647887323945,176.64779527559057,0.24666666666666667,0.25466666666666665,0.04733333333333333,3,False,True,False,False,True,False,False,True,False,False,False,False,False,True,False,False,False,False,False,False,False,False,False,False,False,False,False,False,False,False,False,True,False,False,False,False,True,False
Atto 3,2026,67426.93,98.7,353.0,89.8,5.91,162.0,739.0,692.0,5,26.6,1641.0,4,0,102350,3.66,4,3.576494427558257,191.0111331444759,0.45033516148689823,0.42169408897014016,0.06014625228519196,0,True,False,False,False,True,False,False,False,False,False,False,False,False,False,True,False,True,False,False,False,False,False,False,False,False,False,False,False,False,False,False,False,False,False,True,False,False,False
Dolphin,2025,53327.95,101.5,344.0,246.8,4.27,186.0,555.0,489.0,5,16.0,1500.0,4,0,120007,3.46,4,3.3891625615763545,155.02311046511628,0.37,0.326,0.06766666666666667,1,False,True,False,False,True,False,False,False,False,False,False,False,False,True,False,False,True,False,False,False,False,False,False,False,False,False,False,False,False,False,False,False,False,False,False,True,False,False
i7,2022,69932.43,67.0,249.0,58.9,7.58,140.0,419.0,314.0,5,39.1,1591.0,5,1,52868,3.54,7,3.716417910447761,280.85313253012043,0.2633563796354494,0.19736015084852293,0.04211187932118165,4,True,False,True,False,False,False,False,True,False,False,False,False,False,False,True,True,False,False,False,False,False,False,False,False,False,False,False,False,False,False,False,False,False,False,False,False,False,True
Silverado EV,2025,50051.2,92.1,286.0,194.0,3.44,199.0,568.0,519.0,7,33.4,1500.0,5,2,17861,3.54,3,3.1053203040173725,175.0041958041958,0.37866666666666665,0.346,0.061399999999999996,1,False,True,False,False,True,False,False,False,False,False,False,True,False,True,False,False,False,False,False,True,False,False,False,False,False,False,False,False,False,False,False,False,False,False,False,True,False,False
E-Transit,2026,48841.01,87.7,333.0,152.4,4.3,180.0,369.0,380.0,7,29.2,1844.0,4,1,32288,3.72,4,3.797035347776511,146.66969969969972,0.20010845986984815,0.20607375271149675,0.04755965292841649,0,False,True,True,False,False,False,False,False,False,False,False,True,False,True,False,False,False,False,True,False,False,False,False,False,False,False,False,False,False,False,False,False,False,False,False,True,False,False
Explorer EV,2021,77562.36,104.2,348.0,135.1,5.55,156.0,881.0,758.0,5,26.2,1721.0,4,1,27293,3.54,3,3.3397312859884836,222.8803448275862,0.5119116792562464,0.44044160371876817,0.06054619407321325,5,True,False,True,False,False,False,False,False,False,False,False,True,False,False,True,False,False,False,True,False,False,False,False,False,False,False,False,False,False,False,False,False,False,False,True,False,False,False
Cybertruck,2025,69446.79,55.6,196.0,255.2,6.25,155.0,473.0,453.0,5,69.9,2266.0,4,3,214270,3.74,5,3.5251798561151078,354.3203571428571,0.2087378640776699,0.19991173874669022,0.024536628420123566,1,False,True,False,False,False,True,False,False,False,False,False,True,False,False,True,False,False,False,False,False,False,False,False,False,False,False,False,False,False,True,False,False,False,False,False,False,False,False
Ioniq 5,2023,68110.08,72.3,255.0,144.0,6.66,152.0,842.0,760.0,5,56.0,2701.0,4,0,73761,3.77,4,3.526970954356847,267.0983529411765,0.31173639392817476,0.2813772676786375,0.026767863754165122,3,True,False,False,False,False,True,False,False,False,True,False,False,False,False,True,False,False,False,False,False,False,True,False,False,False,False,False,False,False,False,False,False,False,False,False,False,False,True
Model Y,2023,92950.35,77.5,263.0,293.4,5.57,166.0,716.0,658.0,5,43.0,2272.0,5,3,491547,3.57,5,3.393548387096774,353.4233840304183,0.31514084507042256,0.289612676056338,0.03411091549295775,3,False,True,False,True,False,False,False,False,False,False,False,True,False,False,True,False,False,False,False,False,False,False,False,False,False,False,False,False,False,True,False,False,False,False,False,False,False,False
EV9,2022,67330.57,77.1,284.0,154.4,4.17,194.0,742.0,621.0,5,50.4,1973.0,5,2,91349,3.46,4,3.6835278858625164,237.07947183098594,0.3760770400405474,0.31474911302584896,0.03907754688291941,4,False,True,False,True,False,False,False,False,False,True,False,False,False,False,True,False,False,False,False,False,False,False,True,False,False,False,False,False,False,False,False,False,False,False,False,True,False,False
ID. Aero,2025,89383.1,57.7,217.0,133.5,6.68,143.0,1000.0,885.0,5,50.6,3000.0,4,1,222817,3.39,4,3.7608318890814556,411.9036866359447,0.3333333333333333,0.295,0.019233333333333335,1,False,False,False,False,False,True,False,True,False,False,False,False,False,False,True,False,False,False,False,False,False,False,False,False,False,False,False,False,False,False,False,True,False,False,False,False,True,False
Q4 e-tron,2024,108294.87,84.2,297.0,86.6,7.49,142.0,803.0,720.0,5,63.1,2606.0,5,1,75960,3.64,6,3.527315914489311,364.6291919191919,0.3081350729086723,0.2762854950115119,0.032310053722179585,2,False,True,False,False,False,True,False,True,False,False,False,False,True,False,False,False,False,False,False,False,False,False,False,False,False,False,False,False,False,False,False,False,False,False,False,False,False,False
Max,2025,92829.9,82.3,285.0,154.4,2.99,200.0,1000.0,876.0,7,36.9,1909.0,5,0,235698,3.58,4,3.462940461725395,325.718947368421,0.5238344683080147,0.45887899423782086,0.043111576741749605,1,False,True,False,True,False,False,False,False,False,False,False,False,False,False,True,False,True,False,False,False,False,False,False,False,False,False,False,False,False,False,False,False,False,False,False,True,False,False
Cybertruck,2025,35991.9,60.6,218.0,232.1,6.3,151.0,240.0,200.0,5,51.5,2427.0,4,2,169730,3.71,6,3.597359735973597,165.10045871559635,0.09888751545117429,0.08240626287597858,0.02496909765142151,1,False,False,False,False,False,True,False,False,False,False,False,True,False,True,False,False,False,False,False,False,False,False,False,False,False,False,False,False,False,True,False,False,False,False,False,False,True,False
Model 3,2025,88596.07,45.9,179.0,329.1,5.04,178.0,662.0,638.0,7,60.6,1570.0,5,3,124700,3.61,5,3.899782135076253,494.9501117318436,0.42165605095541403,0.4063694267515924,0.029235668789808916,1,False,False,False,False,False,False,True,False,False,False,False,True,False,False,True,False,False,False,False,False,False,False,False,False,False,False,False,False,False,True,False,False,False,False,False,False,False,False
Explorer EV,2023,73469.82,58.2,186.0,88.3,7.61,134.0,859.0,769.0,5,29.9,1500.0,5,0,59218,3.38,3,3.1958762886597936,394.9990322580646,0.5726666666666667,0.5126666666666667,0.0388,3,False,True,False,False,False,False,False,False,False,False,False,True,False,False,True,False,False,False,True,False,False,False,False,False,False,False,False,False,False,False,False,False,False,False,False,False,False,True
Niro EV,2026,72349.57,59.3,198.0,74.4,7.19,149.0,842.0,756.0,7,55.2,1981.0,4,0,69075,3.22,5,3.338954468802698,365.40186868686874,0.42503785966683494,0.38162544169611307,0.029934376577486117,0,True,False,False,True,False,False,False,False,False,True,False,False,False,False,True,False,False,False,False,False,False,False,True,False,False,False,False,False,False,False,False,False,False,False,False,False,False,True
Model X,2023,93392.21,85.7,297.0,308.7,3.2,200.0,697.0,578.0,7,35.4,2085.0,5,3,138082,3.74,5,3.4655775962660442,314.4518855218855,0.3342925659472422,0.2772182254196643,0.041103117505995206,3,False,False,False,True,False,False,False,False,False,False,False,True,False,False,True,False,False,False,False,False,False,False,False,False,False,False,False,False,False,True,False,False,False,False,False,True,False,False
Model S,2023,109016.04,46.6,178.0,263.2,7.52,137.0,752.0,688.0,5,22.4,1577.0,5,2,113179,3.59,5,3.819742489270386,612.4496629213482,0.476854787571338,0.4362714013950539,0.02954977805960685,3,True,False,True,False,False,False,False,False,False,False,False,True,True,False,False,False,False,False,False,False,False,False,False,False,False,False,False,False,False,True,False,False,False,False,False,False,True,False
Bolt EV,2024,40534.34,52.0,170.0,94.6,7.08,148.0,407.0,344.0,7,26.9,1673.0,5,0,24616,3.08,4,3.269230769230769,238.43729411764704,0.24327555289898387,0.20561864913329347,0.031081888822474597,2,True,False,False,False,False,False,False,False,False,False,False,True,False,True,False,False,False,False,False,True,False,False,False,False,False,False,False,False,False,False,False,False,False,False,False,False,False,True
Model Y,2024,47765.25,45.3,171.0,305.8,6.25,167.0,306.0,318.0,5,25.0,1500.0,5,3,423769,3.45,4,3.774834437086093,279.32894736842104,0.204,0.212,0.030199999999999998,2,False,True,False,False,True,False,False,False,False,False,False,True,False,True,False,False,False,False,False,False,False,False,False,False,False,False,False,False,False,True,False,False,False,False,False,False,True,False
Mustang Mach-E,2024,92734.95,71.6,257.0,171.2,4.22,183.0,1000.0,917.0,7,71.5,1569.0,4,0,52532,3.34,5,3.5893854748603355,360.8363813229572,0.6373486297004461,0.5844486934353091,0.04563416188655194,2,False,True,False,False,False,False,True,False,False,False,False,True,False,False,True,False,False,False,True,False,False,False,False,False,False,False,False,False,False,False,False,False,False,False,False,True,False,False
Bolt EUV,2024,53007.41,82.4,303.0,146.8,7.4,145.0,623.0,533.0,5,44.5,2061.0,4,1,25295,3.72,5,3.6771844660194173,174.9419471947195,0.30228044638524987,0.2586123241145075,0.03998059194565745,2,False,True,False,True,False,False,False,False,False,False,False,True,False,True,False,False,False,False,False,True,False,False,False,False,False,False,False,False,False,False,False,False,False,False,False,False,False,True
Model 3,2024,74766.45,76.5,284.0,257.2,5.48,169.0,487.0,482.0,7,25.1,1610.0,5,3,155185,4.14,5,3.712418300653595,263.2621478873239,0.3024844720496894,0.2993788819875776,0.04751552795031056,2,False,False,False,False,True,False,False,False,False,False,False,True,False,False,True,False,False,False,False,False,False,False,False,False,False,False,False,False,False,True,False,False,False,False,True,False,False,False
Model S,2025,43016.55,44.3,159.0,252.5,5.67,163.0,327.0,254.0,7,50.8,1663.0,5,2,118264,3.47,6,3.5891647855530477,270.54433962264153,0.19663259170174383,0.15273601924233313,0.026638604930847864,1,True,False,False,True,False,False,False,False,False,False,False,True,False,True,False,False,False,False,False,False,False,False,False,False,False,False,False,False,False,True,False,False,False,False,False,False,False,False
Taycan,2023,145262.78,70.6,265.0,329.1,7.46,148.0,626.0,548.0,5,17.8,1755.0,4,2,24347,3.55,7,3.7535410764872523,548.1614339622641,0.35669515669515667,0.31225071225071227,0.040227920227920225,3,False,True,True,False,False,False,False,True,False,False,False,False,True,False,False,False,False,False,False,False,False,False,False,False,False,False,False,True,False,False,False,False,False,False,False,False,False,False
ID.4,2022,102466.68,77.6,281.0,218.0,4.12,189.0,1000.0,886.0,7,65.3,2347.0,5,1,252835,3.37,5,3.621134020618557,364.65010676156584,0.42607584149978694,0.37750319556881123,0.033063485300383465,4,False,True,False,False,False,True,False,True,False,False,False,False,True,False,False,False,False,False,False,False,False,False,False,False,False,False,False,False,False,False,False,True,False,False,False,True,False,False
ID.4,2025,66259.17,77.6,256.0,242.3,2.76,200.0,666.0,595.0,7,23.8,1721.0,4,0,296982,3.45,3,3.2989690721649487,258.8248828125,0.38698431144683326,0.34572922719349214,0.045090063916327715,1,False,True,False,False,True,False,False,True,False,False,False,False,False,False,True,False,False,False,False,False,False,False,False,False,False,False,False,False,False,False,False,True,False,False,False,True,False,False
Explorer EV,2026,69136.54,53.2,193.0,107.3,6.38,161.0,768.0,638.0,5,37.7,2080.0,3,2,61663,3.2,4,3.6278195488721803,358.220414507772,0.36923076923076925,0.30673076923076925,0.025576923076923077,0,True,False,False,True,False,False,False,False,False,False,False,True,False,False,True,False,False,False,True,False,False,False,False,False,False,False,False,False,False,False,False,False,False,False,False,False,False,True
bZ Compact SUV,2024,87515.62,75.8,273.0,117.8,4.57,170.0,1000.0,858.0,7,61.7,1886.0,4,0,24507,3.51,4,3.6015831134564644,320.5700366300366,0.5302226935312832,0.45493107104984093,0.04019088016967126,2,True,False,False,True,False,False,False,False,True,False,False,False,False,False,True,False,False,False,False,False,False,False,False,False,False,False,False,False,False,False,True,False,False,False,True,False,False,False
Taycan,2026,220736.96,82.6,288.0,304.4,5.9,161.0,1000.0,915.0,5,42.7,2169.0,5,0,5345,3.64,6,3.4866828087167074,766.4477777777778,0.46104195481788846,0.4218533886583679,0.03808206546795758,0,False,True,False,True,False,False,False,True,False,False,False,False,True,False,False,False,False,False,False,False,False,False,False,False,False,False,False,True,False,False,False,False,False,False,True,False,False,False
Bolt EV,2025,93152.0,60.9,214.0,82.9,6.96,145.0,1000.0,850.0,7,16.1,1500.0,5,1,20002,3.74,4,3.5139573070607555,435.2897196261682,0.6666666666666666,0.5666666666666667,0.0406,1,False,True,False,False,True,False,False,False,False,False,False,True,False,False,True,False,False,False,False,True,False,False,False,False,False,False,False,False,False,False,False,False,False,False,False,False,True,False
ID. Aero,2026,36003.86,51.5,216.0,88.4,5.81,170.0,211.0,201.0,7,18.0,1597.0,5,1,241049,3.54,3,4.194174757281553,166.68453703703705,0.13212273011897308,0.1258609893550407,0.03224796493425172,0,True,False,True,False,False,False,False,True,False,False,False,False,False,True,False,False,False,False,False,False,False,False,False,False,False,False,False,False,False,False,False,True,False,False,False,False,False,True
Model S,2022,119080.01,82.3,284.0,267.4,5.42,159.0,912.0,859.0,5,73.1,2165.0,5,2,124340,3.98,6,3.450789793438639,419.29580985915493,0.4212471131639723,0.39676674364896075,0.038013856812933025,4,False,True,False,False,False,True,False,False,False,False,False,True,True,False,False,False,False,False,False,False,False,False,False,False,False,False,False,False,False,True,False,False,False,False,True,False,False,False
E-Transit,2023,51056.88,78.6,262.0,89.9,6.52,156.0,500.0,462.0,5,16.9,1639.0,5,0,59730,3.53,4,3.3333333333333335,194.87358778625952,0.3050640634533252,0.28187919463087246,0.04795607077486272,3,False,True,False,False,False,False,False,False,False,False,False,True,False,True,False,False,False,False,True,False,False,False,False,False,False,False,False,False,False,False,False,False,False,False,False,False,False,False
Niro EV,2020,46532.99,75.9,260.0,71.9,5.92,156.0,419.0,386.0,7,72.8,1762.0,4,0,63258,3.48,4,3.4255599472990776,178.97303846153847,0.23779795686719638,0.21906923950056753,0.04307604994324631,6,False,True,False,False,False,False,True,False,False,True,False,False,False,True,False,False,False,False,False,False,False,False,True,False,False,False,False,False,False,False,False,False,False,False,False,False,False,False
ID.4,2024,114364.87,45.2,151.0,74.1,6.55,150.0,1000.0,911.0,5,31.4,1812.0,5,0,233971,3.16,5,3.3407079646017697,757.3832450331125,0.5518763796909493,0.5027593818984547,0.024944812362030905,2,False,True,True,False,False,False,False,True,False,False,False,False,True,False,False,False,False,False,False,False,False,False,False,False,False,False,False,False,False,False,False,True,False,False,False,False,True,False
e-tron GT,2025,109816.18,60.8,222.0,113.4,7.53,139.0,820.0,730.0,5,39.6,1514.0,5,1,73358,3.54,8,3.6513157894736845,494.66747747747746,0.5416116248348745,0.4821664464993395,0.04015852047556143,1,True,False,False,False,True,False,False,True,False,False,False,False,True,False,False,False,False,False,False,False,False,False,False,False,False,False,False,False,False,False,False,False,False,False,False,False,False,True
Model Y,2026,40006.71,63.9,241.0,313.7,7.73,131.0,266.0,234.0,7,64.2,2397.0,4,2,488644,3.74,4,3.77151799687011,166.00294605809128,0.11097204839382561,0.09762202753441802,0.026658322903629537,0,True,False,False,False,False,True,False,False,False,False,False,True,False,True,False,False,False,False,False,False,False,False,False,False,False,False,False,False,False,True,False,False,False,False,False,False,False,True
Ioniq 6,2025,63640.0,40.3,150.0,135.0,7.88,131.0,755.0,696.0,5,53.7,2077.0,4,0,139571,3.2,4,3.7220843672456576,424.26666666666665,0.3635050553683197,0.33509870004814635,0.019402985074626865,1,True,False,False,False,False,True,False,False,False,True,False,False,False,True,False,False,False,False,False,False,False,True,False,False,False,False,False,False,False,False,False,False,False,False,False,False,False,True
Model Y,2025,161112.44,98.8,371.0,313.4,5.56,163.0,1000.0,875.0,7,33.0,1641.0,4,2,404800,4.22,5,3.7550607287449393,434.2653369272237,0.6093845216331505,0.5332114564290067,0.06020719073735527,1,False,False,False,False,False,False,False,False,False,False,False,True,True,False,False,False,False,False,False,False,False,False,False,False,False,False,False,False,False,True,False,False,False,False,True,False,False,False
Ioniq 6,2025,44861.53,84.1,305.0,50.4,5.06,172.0,389.0,344.0,5,24.7,1680.0,4,0,98434,3.53,3,3.6266349583828776,147.08698360655737,0.23154761904761906,0.20476190476190476,0.050059523809523804,1,False,True,False,False,False,False,False,False,False,True,False,False,False,True,False,False,False,False,False,False,False,True,False,False,False,False,False,False,False,False,False,False,False,False,False,False,True,False
Model S,2023,137659.6,56.7,186.0,223.5,7.05,142.0,1000.0,907.0,5,27.8,1530.0,4,2,167952,3.72,6,3.2804232804232805,740.105376344086,0.6535947712418301,0.5928104575163399,0.03705882352941177,3,False,False,False,False,False,False,False,False,False,False,False,True,True,False,False,False,False,False,False,False,False,False,False,False,False,False,False,False,False,True,False,False,False,False,False,False,True,False
Model 3,2024,32105.76,54.4,214.0,223.7,7.58,129.0,229.0,203.0,5,18.8,1625.0,4,2,245170,3.53,5,3.933823529411765,150.02691588785046,0.14092307692307693,0.12492307692307693,0.03347692307692308,2,True,False,False,False,False,False,False,False,False,False,False,True,False,False,False,False,False,False,False,False,False,False,False,False,False,False,False,False,False,True,False,False,False,False,False,False,False,False
Model 3,2025,42441.37,104.2,372.0,260.9,2.56,200.0,260.0,237.0,7,57.3,2532.0,5,2,230471,4.32,5,3.5700575815738964,114.08970430107527,0.10268562401263823,0.09360189573459715,0.04115323854660348,1,True,False,False,False,False,True,False,False,False,False,False,True,False,True,False,False,False,False,False,False,False,False,False,False,False,False,False,False,False,True,False,False,False,False,False,True,False,False
iX,2022,61657.41,79.9,273.0,112.4,5.22,174.0,295.0,276.0,5,58.7,1890.0,5,2,21575,3.67,6,3.4167709637046304,225.8513186813187,0.15608465608465608,0.14603174603174604,0.04227513227513228,4,False,False,False,True,False,False,False,True,False,False,False,False,False,True,False,True,False,False,False,False,False,False,False,False,False,False,False,False,False,False,False,False,False,False,False,False,False,False
Equinox EV,2023,37448.46,74.1,275.0,104.4,5.71,165.0,350.0,350.0,7,47.5,1971.0,5,0,12182,3.71,5,3.7112010796221324,136.17621818181817,0.17757483510908167,0.17757483510908167,0.03759512937595129,3,False,False,False,True,False,False,False,False,False,False,False,True,False,True,False,False,False,False,False,True,False,False,False,False,False,False,False,False,False,False,False,False,False,False,False,False,False,False
EV9,2023,55591.96,80.5,283.0,90.4,6.21,166.0,533.0,490.0,5,41.6,2004.0,4,1,113695,3.55,5,3.515527950310559,196.43802120141342,0.26596806387225547,0.24451097804391217,0.040169660678642714,3,False,False,False,True,False,False,False,False,False,True,False,False,False,True,False,False,False,False,False,False,False,False,True,False,False,False,False,False,False,False,False,False,False,False,False,False,False,True
bZ4X,2024,55686.21,91.7,324.0,116.2,4.88,179.0,560.0,505.0,5,64.2,1570.0,5,1,18558,3.6,4,3.5332606324972735,171.87101851851853,0.35668789808917195,0.321656050955414,0.058407643312101916,2,True,False,False,False,False,False,True,False,True,False,False,False,False,True,False,False,False,False,False,False,False,False,False,False,False,False,False,False,False,False,True,False,False,False,True,False,False,False
ID.4,2025,47485.93,104.7,349.0,67.7,5.75,166.0,429.0,423.0,5,17.8,1870.0,4,1,243761,3.63,5,3.333333333333333,136.06283667621776,0.22941176470588234,0.22620320855614973,0.05598930481283423,1,True,False,False,False,True,False,False,True,False,False,False,False,False,True,False,False,False,False,False,False,False,False,False,False,False,False,False,False,False,False,False,True,False,False,True,False,False,False
Dolphin,2025,53346.09,111.0,410.0,228.9,4.02,189.0,553.0,436.0,7,67.3,1923.0,5,0,141126,4.19,3,3.6936936936936937,130.11241463414632,0.2875715028601144,0.2267290691627665,0.057722308892355696,1,True,False,False,True,False,False,False,False,False,False,False,False,False,True,False,False,True,False,False,False,False,False,False,False,False,False,False,False,False,False,False,False,False,False,False,True,False,False
EQC,2025,162751.1,96.3,344.0,117.0,4.35,185.0,1000.0,889.0,5,33.4,1500.0,5,1,68195,4.28,6,3.572170301142264,473.1136627906977,0.6666666666666666,0.5926666666666667,0.0642,1,False,False,False,False,True,False,False,True,False,False,False,False,True,False,False,False,False,False,False,False,False,False,False,False,True,False,False,False,False,False,False,False,False,False,True,False,False,False
Dolphin,2020,70472.75,66.3,241.0,74.7,7.41,138.0,730.0,699.0,5,67.2,1731.0,3,2,199656,3.4,4,3.6349924585218703,292.4180497925311,0.4217215482380127,0.4038128249566724,0.03830155979202773,6,False,False,False,False,False,False,True,False,False,False,False,False,False,False,True,False,True,False,False,False,False,False,False,False,False,False,False,False,False,False,False,False,False,False,False,False,False,True
bZ4X,2024,36014.2,52.5,186.0,91.3,5.22,177.0,200.0,212.0,5,29.8,1500.0,4,1,5267,3.41,3,3.5428571428571427,193.62473118279567,0.13333333333333333,0.14133333333333334,0.035,2,True,False,False,False,False,False,False,False,True,False,False,False,False,True,False,False,False,False,False,False,False,False,False,False,False,False,False,False,False,False,True,False,False,False,False,False,False,False
Model Y,2026,41355.45,69.6,247.0,307.7,5.79,165.0,287.0,328.0,5,69.8,1501.0,4,2,407336,3.8,4,3.548850574712644,167.430971659919,0.19120586275816123,0.21852098600932712,0.0463690872751499,0,False,True,False,False,False,False,True,False,False,False,False,True,False,True,False,False,False,False,False,False,False,False,False,False,False,False,False,False,False,True,False,False,False,False,False,False,False,False
Ronin,2024,65556.39,55.1,194.0,77.1,6.84,143.0,472.0,380.0,7,70.6,1500.0,5,1,2927,3.38,4,3.5208711433756803,337.9195360824742,0.31466666666666665,0.25333333333333335,0.03673333333333333,2,False,True,False,False,False,False,True,False,False,False,False,True,False,False,True,False,False,True,False,False,False,False,False,False,False,False,False,False,False,False,False,False,False,False,False,False,False,False
Model S,2026,88832.48,49.6,157.0,285.7,7.87,138.0,597.0,558.0,7,24.3,1583.0,5,2,238605,3.46,4,3.165322580645161,565.811974522293,0.37713202779532534,0.35249526216045485,0.03133291219204043,0,True,False,False,False,False,False,False,False,False,False,False,True,False,False,True,False,False,False,False,False,False,False,False,False,False,False,False,False,False,True,False,False,False,False,False,False,False,False
Q4 e-tron,2026,71435.35,106.0,377.0,144.5,5.29,176.0,416.0,348.0,7,34.1,1500.0,3,1,45647,3.96,6,3.556603773584906,189.48368700265254,0.2773333333333333,0.232,0.07066666666666667,0,True,False,True,False,False,False,False,True,False,False,False,False,False,False,True,False,False,False,False,False,False,False,False,False,False,False,False,False,False,False,False,False,False,False,True,False,False,False
i30,2025,41853.99,80.1,318.0,59.6,6.15,157.0,390.0,369.0,7,21.8,1688.0,4,1,111448,3.65,4,3.970037453183521,131.61632075471698,0.23104265402843602,0.21860189573459715,0.04745260663507109,1,True,False,True,False,False,False,False,False,False,True,False,False,False,True,False,False,False,False,False,False,False,True,False,False,False,False,False,False,False,False,False,False,False,False,False,False,False,True
XC90 Recharge,2025,96813.71,40.6,150.0,140.7,7.68,123.0,899.0,801.0,7,63.9,1615.0,5,2,10606,3.2,3,3.694581280788177,645.4247333333334,0.556656346749226,0.49597523219814244,0.025139318885448916,1,True,False,False,False,False,False,True,False,False,False,True,False,False,False,True,False,False,False,False,False,False,False,False,False,False,False,False,False,False,False,False,False,True,False,False,False,True,False
Model Y,2025,129623.74,54.6,210.0,270.0,7.44,132.0,960.0,849.0,5,75.6,2337.0,5,2,481115,3.49,5,3.8461538461538463,617.2559047619047,0.41078305519897307,0.3632862644415918,0.023363286264441594,1,False,False,False,False,False,True,False,False,False,False,False,True,True,False,False,False,False,False,False,False,False,False,False,False,False,False,False,False,False,True,False,False,False,False,False,False,True,False
EV9,2024,70066.61,55.2,186.0,110.9,5.46,169.0,783.0,737.0,7,36.8,1704.0,4,2,125092,3.1,3,3.369565217391304,376.70220430107526,0.4595070422535211,0.4325117370892019,0.0323943661971831,2,False,False,False,True,False,False,False,False,False,True,False,False,False,False,True,False,False,False,False,False,False,False,True,False,False,False,False,False,False,False,False,False,False,False,False,False,False,True
Ocean,2025,141027.0,54.1,190.0,99.0,6.37,168.0,1000.0,877.0,7,32.1,1626.0,5,1,11123,3.38,4,3.512014787430684,742.2473684210527,0.6150061500615006,0.5393603936039361,0.033271832718327184,1,False,False,False,False,True,False,False,False,False,False,False,True,True,False,False,False,False,True,False,False,False,False,False,False,False,False,False,False,False,False,False,False,False,False,False,False,True,False
Ioniq 5,2020,50630.65,64.0,203.0,104.1,5.57,171.0,545.0,452.0,5,31.4,1560.0,5,0,60112,3.39,3,3.171875,249.41206896551725,0.34935897435897434,0.28974358974358977,0.041025641025641026,6,True,False,True,False,False,False,False,False,False,True,False,False,False,True,False,False,False,False,False,False,False,True,False,False,False,False,False,False,False,False,False,False,False,False,False,False,False,True
i4,2025,113836.67,71.5,253.0,76.5,6.71,152.0,1000.0,842.0,7,37.2,1950.0,4,1,42535,3.47,8,3.5384615384615383,449.9473122529644,0.5128205128205128,0.4317948717948718,0.03666666666666667,1,True,False,False,True,False,False,False,True,False,False,False,False,True,False,False,True,False,False,False,False,False,False,False,False,False,False,False,False,False,False,False,False,False,False,False,False,True,False
Silverado EV,2025,51177.18,46.9,150.0,107.7,7.48,140.0,597.0,521.0,7,60.3,1514.0,4,0,14323,3.34,4,3.1982942430703627,341.1812,0.3943196829590489,0.3441215323645971,0.030977542932628797,1,True,False,False,False,False,False,True,False,False,False,False,True,False,True,False,False,False,False,False,True,False,False,False,False,False,False,False,False,False,False,False,False,False,False,False,False,False,True
ID.3,2026,92636.43,109.7,373.0,74.5,4.44,188.0,1000.0,867.0,7,56.1,2583.0,5,0,243081,3.92,3,3.400182315405652,248.35504021447719,0.38714672861014326,0.3356562137049942,0.042469996128532715,0,True,False,False,False,False,True,False,True,False,False,False,False,False,False,True,False,False,False,False,False,False,False,False,False,False,False,False,False,False,False,False,True,False,False,True,False,False,False
i7,2024,64827.83,42.9,150.0,89.3,5.19,176.0,368.0,312.0,5,38.3,2130.0,4,2,69279,3.23,7,3.4965034965034967,432.18553333333335,0.1727699530516432,0.14647887323943662,0.020140845070422533,2,False,True,False,True,False,False,False,True,False,False,False,False,False,True,False,True,False,False,False,False,False,False,False,False,False,False,False,False,False,False,False,False,False,False,False,False,False,True
Niro EV,2025,56005.31,102.7,361.0,216.5,4.41,184.0,592.0,524.0,7,22.4,1649.0,5,0,96451,3.9,5,3.5150925024342743,155.1393628808864,0.3590054578532444,0.3177683444511825,0.062280169799878715,1,False,False,False,False,True,False,False,False,False,True,False,False,False,True,False,False,False,False,False,False,False,False,True,False,False,False,False,False,False,False,False,False,False,False,False,True,False,False
Q6 e-tron,2020,102595.23,84.1,278.0,83.1,7.86,128.0,773.0,639.0,5,31.5,1500.0,3,1,45569,3.67,8,3.305588585017836,369.04758992805756,0.5153333333333333,0.426,0.05606666666666666,6,True,False,False,False,False,False,False,True,False,False,False,False,True,False,False,False,False,False,False,False,False,False,False,False,False,False,False,False,False,False,False,False,False,False,False,False,False,True
Model Y,2022,74321.01,61.2,226.0,217.2,7.98,118.0,555.0,457.0,7,67.6,2356.0,5,3,438573,3.82,5,3.6928104575163396,328.85402654867255,0.23556876061120544,0.19397283531409168,0.02597623089983022,4,True,False,False,False,False,True,False,False,False,False,False,True,False,False,True,False,False,False,False,False,False,False,False,False,False,False,False,False,False,True,False,False,False,False,False,False,True,False
Qin,2023,51321.91,45.9,150.0,53.5,6.62,156.0,523.0,464.0,7,36.0,1815.0,5,1,135053,3.36,4,3.2679738562091503,342.1460666666667,0.2881542699724518,0.2556473829201102,0.025289256198347106,3,False,True,True,False,False,False,False,False,False,False,False,False,False,True,False,False,True,False,False,False,False,False,False,False,False,False,False,False,False,False,False,False,False,False,False,False,False,False
bZ4X,2024,61582.84,62.3,215.0,127.5,7.4,130.0,668.0,665.0,5,35.5,1929.0,5,2,26767,3.22,3,3.4510433386837884,286.43181395348836,0.3462934162778642,0.34473820632452046,0.03229652669777086,2,True,False,True,False,False,False,False,False,True,False,False,False,False,True,False,False,False,False,False,False,False,False,False,False,False,False,False,False,False,False,True,False,False,False,False,False,False,True
Q6 e-tron,2022,87894.85,84.4,315.0,107.6,7.62,136.0,609.0,589.0,7,22.7,1500.0,5,1,64291,3.45,6,3.7322274881516586,279.0312698412699,0.406,0.39266666666666666,0.05626666666666667,4,True,False,True,False,False,False,False,True,False,False,False,False,False,False,True,False,False,False,False,False,False,False,False,False,False,False,False,False,False,False,False,False,False,False,False,False,False,False
ID.3,2025,88484.86,105.9,381.0,231.1,3.32,196.0,983.0,930.0,7,16.3,1717.0,3,0,285530,3.65,4,3.5977337110481584,232.24372703412072,0.5725101921956901,0.541642399534071,0.06167734420500874,1,False,True,False,False,False,False,False,True,False,False,False,False,False,False,True,False,False,False,False,False,False,False,False,False,False,False,False,False,False,False,False,True,False,False,False,True,False,False
i3,2023,102426.61,53.1,197.0,50.8,6.62,146.0,829.0,771.0,7,63.4,2700.0,5,1,26181,3.26,5,3.7099811676082863,519.9320304568528,0.30703703703703705,0.28555555555555556,0.019666666666666666,3,False,True,False,False,False,True,False,True,False,False,False,False,True,False,False,True,False,False,False,False,False,False,False,False,False,False,False,False,False,False,False,False,False,False,False,False,True,False
Max,2025,104281.84,69.7,233.0,138.3,5.5,170.0,1000.0,890.0,7,70.4,1633.0,4,1,164080,3.52,4,3.3428981348637015,447.56154506437764,0.612369871402327,0.545009185548071,0.04268218003674219,1,False,False,False,False,False,False,True,False,False,False,False,False,True,False,False,False,True,False,False,False,False,False,False,False,False,False,False,False,False,False,False,False,False,False,False,False,True,False
Model X,2026,167028.1,106.1,356.0,325.4,4.37,186.0,1000.0,866.0,7,42.1,2121.0,4,2,191484,4.17,5,3.355325164938737,469.1800561797753,0.47147571900047147,0.4082979726544083,0.05002357378595002,0,False,False,False,True,False,False,False,False,False,False,False,True,True,False,False,False,False,False,False,False,False,False,False,False,False,False,False,False,False,True,False,False,False,False,False,True,False,False
Ioniq 6,2024,45546.32,45.1,160.0,121.2,5.18,171.0,424.0,385.0,7,27.7,1514.0,4,0,71807,3.28,4,3.547671840354767,284.6645,0.2800528401585205,0.25429326287978865,0.0297886393659181,2,False,True,False,False,True,False,False,False,False,True,False,False,False,True,False,False,False,False,False,False,False,True,False,False,False,False,False,False,False,False,False,False,False,False,False,False,True,False
Max,2025,86288.72,81.9,311.0,145.1,5.25,174.0,1000.0,911.0,5,61.8,1500.0,4,0,120560,3.71,3,3.797313797313797,277.455691318328,0.6666666666666666,0.6073333333333333,0.0546,1,True,False,False,False,False,False,True,False,False,False,False,False,False,False,True,False,True,False,False,False,False,False,False,False,False,False,False,False,False,False,False,False,False,False,False,False,False,True
Picanto EV,2025,58803.16,70.1,248.0,86.3,7.19,153.0,636.0,517.0,5,68.8,2466.0,4,1,111130,3.52,3,3.5378031383737523,237.10951612903227,0.25790754257907544,0.20965125709651258,0.028426601784266016,1,True,False,False,False,False,True,False,False,False,True,False,False,False,True,False,False,False,False,False,False,False,False,True,False,False,False,False,False,False,False,False,False,False,False,False,False,False,False
Model S,2023,44024.89,81.6,284.0,302.0,7.69,143.0,283.0,237.0,7,70.9,2856.0,5,3,124369,3.76,5,3.480392156862745,155.01721830985915,0.09908963585434173,0.08298319327731092,0.02857142857142857,3,True,False,False,False,False,True,False,False,False,False,False,True,False,True,False,False,False,False,False,False,False,False,False,False,False,False,False,False,False,True,False,False,False,False,False,False,False,True
Ocean,2024,113331.61,84.6,274.0,74.4,4.86,170.0,1000.0,895.0,5,57.1,2457.0,5,0,17978,3.23,3,3.2387706855791962,413.61901459854016,0.407000407000407,0.36426536426536427,0.03443223443223443,2,False,True,False,False,False,True,False,False,False,False,False,True,True,False,False,False,False,True,False,False,False,False,False,False,False,False,False,False,False,False,False,False,False,False,True,False,False,False
Taycan,2024,111922.96,102.7,358.0,276.9,4.29,188.0,371.0,339.0,7,23.0,1657.0,5,0,28429,3.99,5,3.485881207400195,312.63396648044693,0.22389861194930596,0.20458660229330114,0.061979480989740494,2,True,False,True,False,False,False,False,True,False,False,False,False,True,False,False,False,False,False,False,False,False,False,False,False,False,False,False,True,False,False,False,False,False,False,True,False,False,False
Silverado EV,2024,74262.98,80.7,285.0,195.8,3.55,197.0,1000.0,892.0,7,38.9,1589.0,5,0,24171,3.38,4,3.5315985130111525,260.5718596491228,0.6293266205160478,0.5613593455003146,0.05078665827564506,2,False,True,False,False,True,False,False,False,False,False,False,True,False,False,True,False,False,False,False,True,False,False,False,False,False,False,False,False,False,False,False,False,False,False,False,True,False,False
Ioniq 5,2024,41621.62,97.9,365.0,103.1,5.66,162.0,362.0,322.0,5,39.0,1900.0,5,1,70525,3.62,4,3.72829417773238,114.03183561643836,0.19052631578947368,0.1694736842105263,0.051526315789473684,2,True,False,True,False,False,False,False,False,False,True,False,False,False,True,False,False,False,False,False,False,False,True,False,False,False,False,False,False,False,False,False,False,False,False,True,False,False,False
Qin,2025,122517.87,73.6,252.0,225.1,2.78,200.0,1000.0,873.0,7,25.6,1755.0,4,0,150780,3.44,3,3.423913043478261,486.1820238095238,0.5698005698005698,0.49743589743589745,0.041937321937321935,1,False,False,True,False,False,False,False,False,False,False,False,False,True,False,False,False,True,False,False,False,False,False,False,False,False,False,False,False,False,False,False,False,False,False,False,True,False,False
F-150 Lightning,2021,63458.62,66.8,253.0,128.6,7.67,136.0,700.0,632.0,4,72.9,2629.0,4,1,76517,3.4,4,3.787425149700599,250.82458498023718,0.26626093571700266,0.2403955876759224,0.025408900722708253,5,False,True,False,False,False,True,False,False,False,False,False,True,False,True,False,False,False,False,True,False,False,False,False,False,False,False,False,False,False,False,False,False,False,False,False,False,False,False
i5,2023,140938.73,59.3,195.0,101.9,6.9,137.0,1000.0,942.0,5,37.6,1843.0,5,1,51811,3.11,8,3.288364249578415,722.762717948718,0.5425935973955507,0.5111231687466088,0.032175800325556156,3,False,True,False,True,False,False,False,True,False,False,False,False,True,False,False,True,False,False,False,False,False,False,False,False,False,False,False,False,False,False,False,False,False,False,False,False,True,False
Model 3,2025,90298.51,49.3,183.0,228.4,6.81,157.0,631.0,512.0,5,37.3,1528.0,3,2,163915,3.66,5,3.7119675456389456,493.43448087431693,0.4129581151832461,0.33507853403141363,0.03226439790575916,1,False,False,False,False,True,False,False,False,False,False,False,True,False,False,True,False,False,False,False,False,False,False,False,False,False,False,False,False,False,True,False,False,False,False,False,False,False,False
Q4 e-tron,2025,79689.05,81.7,278.0,148.2,7.13,148.0,505.0,432.0,5,68.9,1714.0,4,1,66705,3.5,7,3.402692778457772,286.65125899280577,0.29463243873978995,0.25204200700116686,0.04766627771295216,1,False,False,False,False,False,False,True,True,False,False,False,False,False,False,True,False,False,False,False,False,False,False,False,False,False,False,False,False,False,False,False,False,False,False,False,False,False,False
EQC,2026,137679.27,71.2,244.0,54.3,7.92,136.0,848.0,725.0,7,15.9,1767.0,5,1,34790,3.64,7,3.426966292134831,564.2593032786884,0.47990945104697225,0.41029994340690434,0.04029428409734013,0,True,False,False,False,False,False,False,True,False,False,False,False,True,False,False,False,False,False,False,False,False,False,False,False,True,False,False,False,False,False,False,False,False,False,False,False,False,False
bZ4X,2025,72608.92,97.1,334.0,75.5,5.77,156.0,912.0,799.0,5,23.1,1731.0,4,1,13954,3.57,4,3.439752832131823,217.3919760479042,0.5268630849220104,0.4615829000577701,0.0560947429231658,1,False,False,False,False,True,False,False,False,True,False,False,False,False,False,True,False,False,False,False,False,False,False,False,False,False,False,False,False,False,False,True,False,False,False,True,False,False,False
Equinox EV,2025,91034.7,47.9,164.0,115.9,5.45,169.0,1000.0,923.0,5,48.0,1847.0,4,1,12825,3.46,3,3.4237995824634657,555.0896341463415,0.5414185165132648,0.4997292907417434,0.02593394694098538,1,False,False,False,True,False,False,False,False,False,False,False,True,False,False,True,False,False,False,False,True,False,False,False,False,False,False,False,False,False,False,False,False,False,False,False,False,True,False
Picanto EV,2023,42171.81,67.1,252.0,141.5,7.02,155.0,399.0,351.0,5,21.8,1500.0,4,0,135630,3.6,5,3.7555886736214608,167.34845238095238,0.266,0.234,0.044733333333333326,3,False,False,True,False,False,False,False,False,False,True,False,False,False,True,False,False,False,False,False,False,False,False,True,False,False,False,False,False,False,False,False,False,False,False,False,False,False,False
ID. Aero,2020,40762.98,101.5,332.0,75.3,5.95,164.0,315.0,293.0,7,16.4,1532.0,4,0,220087,3.39,4,3.270935960591133,122.78006024096386,0.2056135770234987,0.1912532637075718,0.0662532637075718,6,False,False,False,False,False,False,False,True,False,False,False,False,False,True,False,False,False,False,False,False,False,False,False,False,False,False,False,False,False,False,False,True,False,False,True,False,False,False
R3,2025,70880.73,80.9,285.0,59.1,6.31,148.0,218.0,273.0,5,78.0,2589.0,5,1,11173,3.44,4,3.5228677379480837,248.70431578947367,0.08420239474700657,0.10544611819235226,0.031247585940517575,1,True,False,False,False,False,True,False,False,False,False,False,True,False,False,True,False,False,False,False,False,False,False,False,False,False,False,False,False,True,False,False,False,False,False,False,False,False,False
EQS,2024,114049.24,103.4,368.0,191.2,3.81,187.0,607.0,502.0,5,70.2,1541.0,5,2,68987,3.92,6,3.5589941972920696,309.91641304347826,0.39390006489292667,0.3257624918883842,0.06709928617780662,2,False,False,False,False,False,False,True,True,False,False,False,False,True,False,False,False,False,False,False,False,False,False,False,False,True,False,False,False,False,False,False,False,False,False,False,True,False,False
Model 3,2024,36657.02,61.2,188.0,296.4,7.11,144.0,270.0,219.0,5,28.4,1813.0,5,3,208877,3.91,5,3.071895424836601,194.9841489361702,0.14892443463872035,0.12079426365140651,0.033756205184776615,2,False,False,False,False,False,False,False,False,False,False,False,True,False,True,False,False,False,False,False,False,False,False,False,False,False,False,False,False,False,True,False,False,False,False,False,False,False,True
Cybertruck,2025,124865.93,64.9,241.0,330.2,7.79,124.0,895.0,800.0,5,79.6,2145.0,4,2,223231,3.65,4,3.713405238828967,518.1158921161825,0.4172494172494173,0.372960372960373,0.03025641025641026,1,False,False,False,False,False,True,False,False,False,False,False,True,True,False,False,False,False,False,False,False,False,False,False,False,False,False,False,False,False,True,False,False,False,False,False,False,True,False
ID. Buzz,2026,46634.88,48.4,169.0,105.6,7.47,137.0,418.0,376.0,7,77.1,1500.0,4,2,203221,3.33,4,3.491735537190083,275.9460355029586,0.2786666666666667,0.25066666666666665,0.032266666666666666,0,True,False,False,False,False,False,True,True,False,False,False,False,False,True,False,False,False,False,False,False,False,False,False,False,False,False,False,False,False,False,False,True,False,False,False,False,False,False
Explorer EV,2023,68553.62,71.3,243.0,137.1,5.02,173.0,722.0,627.0,5,44.5,1984.0,5,0,60519,3.36,5,3.4081346423562415,282.1136625514403,0.3639112903225806,0.3160282258064516,0.0359375,3,True,False,False,True,False,False,False,False,False,False,False,True,False,False,True,False,False,False,True,False,False,False,False,False,False,False,False,False,False,False,False,False,False,False,False,False,False,True
Taycan,2023,254017.08,118.1,408.0,222.2,3.9,190.0,1000.0,936.0,5,21.8,1500.0,5,0,26159,4.2,8,3.454699407281965,622.5908823529411,0.6666666666666666,0.624,0.07873333333333334,3,False,False,False,False,True,False,False,True,False,False,False,False,True,False,False,False,False,False,False,False,False,False,False,False,False,False,False,True,False,False,False,False,False,False,False,True,False,False
Model X,2021,27945.8,48.4,157.0,300.2,7.15,149.0,188.0,200.0,7,39.7,1891.0,5,2,162791,3.38,6,3.243801652892562,177.99872611464968,0.09941829719725014,0.10576414595452142,0.02559492332099418,5,False,False,True,False,False,False,False,False,False,False,False,True,False,False,False,False,False,False,False,False,False,False,False,False,False,False,False,False,False,True,False,False,False,False,False,False,False,True
Niro EV,2024,51697.58,115.1,396.0,187.6,3.39,194.0,533.0,497.0,5,72.4,2631.0,5,1,56242,3.84,4,3.440486533449175,130.54944444444445,0.2025845686050931,0.18890155834283542,0.04374762447738502,2,False,True,False,False,False,True,False,False,False,True,False,False,False,True,False,False,False,False,False,False,False,False,True,False,False,False,False,False,False,False,False,False,False,False,False,True,False,False
ID.4,2024,36019.25,63.3,224.0,133.5,6.85,140.0,257.0,296.0,7,18.5,1771.0,4,0,209890,3.52,4,3.5387045813586098,160.80022321428572,0.14511575381140598,0.1671372106154715,0.035742518351214,2,False,True,True,False,False,False,False,True,False,False,False,False,False,True,False,False,False,False,False,False,False,False,False,False,False,False,False,False,False,False,False,True,False,False,False,False,False,True
Ocean,2024,121374.95,70.8,262.0,142.8,6.04,153.0,1000.0,845.0,7,69.2,1768.0,3,0,26859,3.7,5,3.7005649717514126,463.2631679389313,0.5656108597285068,0.47794117647058826,0.04004524886877828,2,False,False,False,False,False,False,True,False,False,False,False,True,True,False,False,False,False,True,False,False,False,False,False,False,False,False,False,False,False,False,False,False,False,False,False,False,True,False
EQG,2026,115211.58,57.3,174.0,69.8,6.09,161.0,622.0,619.0,7,15.5,1500.0,4,1,42340,3.43,6,3.036649214659686,662.1355172413794,0.4146666666666667,0.4126666666666667,0.0382,0,False,True,False,False,True,False,False,True,False,False,False,False,True,False,False,False,False,False,False,False,False,False,False,False,True,False,False,False,False,False,False,False,False,False,False,False,True,False
EQG,2025,139106.45,61.4,208.0,51.8,6.86,150.0,922.0,787.0,7,38.5,1656.0,5,1,49644,3.35,6,3.3876221498371337,668.7810096153846,0.5567632850241546,0.4752415458937198,0.03707729468599034,1,False,True,False,False,False,False,False,True,False,False,False,False,True,False,False,False,False,False,False,False,False,False,False,False,True,False,False,False,False,False,False,False,False,False,False,False,False,True
i30,2025,60050.99,47.8,165.0,73.1,7.67,133.0,663.0,681.0,5,24.1,1500.0,4,1,138281,3.21,3,3.4518828451882846,363.9453939393939,0.442,0.454,0.03186666666666667,1,False,False,True,False,False,False,False,False,False,True,False,False,False,True,False,False,False,False,False,False,False,True,False,False,False,False,False,False,False,False,False,False,False,False,False,False,False,True
ID.4,2026,44501.34,41.7,150.0,146.0,7.64,135.0,378.0,326.0,7,34.3,1547.0,5,1,220387,3.14,5,3.597122302158273,296.6756,0.24434389140271492,0.21073044602456367,0.02695539754363284,0,True,False,False,False,False,False,False,True,False,False,False,False,False,True,False,False,False,False,False,False,False,False,False,False,False,False,False,False,False,False,False,True,False,False,False,False,False,True
Yuan Plus,2024,40390.03,62.1,232.0,89.4,7.19,138.0,402.0,324.0,7,35.4,1810.0,5,0,138054,3.39,4,3.7359098228663443,174.0949568965517,0.22209944751381216,0.17900552486187846,0.03430939226519337,2,False,False,False,False,False,False,False,False,False,False,False,False,False,True,False,False,True,False,False,False,False,False,False,False,False,False,False,False,False,False,False,False,False,False,False,False,False,False
Cybertruck,2024,45682.18,109.7,377.0,312.9,5.32,165.0,335.0,376.0,5,63.3,2562.0,4,2,170687,3.94,4,3.436645396536007,121.17289124668434,0.13075722092115535,0.14676034348165495,0.04281811085089774,2,False,True,False,False,False,True,False,False,False,False,False,True,False,True,False,False,False,False,False,False,False,False,False,False,False,False,False,False,False,True,False,False,False,False,True,False,False,False
EQE,2025,103044.63,78.9,264.0,128.1,7.97,132.0,592.0,542.0,5,63.3,1542.0,5,1,75663,3.56,5,3.3460076045627374,390.3205681818182,0.383916990920882,0.35149156939040205,0.05116731517509728,1,False,False,False,False,False,False,True,True,False,False,False,False,True,False,False,False,False,False,False,False,False,False,False,False,True,False,False,False,False,False,False,False,False,False,False,False,False,True
Mustang Mach-E,2026,53193.55,98.0,364.0,83.3,5.19,173.0,541.0,487.0,7,70.2,1783.0,4,2,23578,3.93,4,3.7142857142857144,146.13612637362638,0.303421200224341,0.27313516545148625,0.054963544587773416,0,False,True,False,False,False,False,True,False,False,False,False,True,False,True,False,False,False,False,True,False,False,False,False,False,False,False,False,False,False,False,False,False,False,False,True,False,False,False
e:Ny1,2026,51309.25,118.5,410.0,188.1,3.03,200.0,742.0,677.0,5,36.5,1557.0,5,1,6885,3.78,5,3.459915611814346,125.14451219512195,0.4765574823378292,0.43481053307642903,0.07610789980732177,0,False,True,False,False,True,False,False,False,True,False,False,False,False,True,False,False,False,False,False,False,True,False,False,False,False,False,False,False,False,False,False,False,False,False,False,True,False,False
SU7,2024,102584.09,74.5,250.0,185.6,3.7,195.0,1000.0,937.0,5,38.5,1831.0,5,0,19780,3.36,4,3.3557046979865772,410.33636,0.5461496450027308,0.5117422173675588,0.04068814855270344,2,False,False,True,False,False,False,False,False,False,False,False,False,True,False,False,False,False,False,False,False,False,False,False,False,False,False,False,False,False,False,False,False,False,True,False,True,False,False
Sportage EV,2024,99048.18,89.0,324.0,92.3,5.55,168.0,1000.0,907.0,7,40.6,2057.0,5,0,55742,3.56,4,3.640449438202247,305.70425925925923,0.48614487117160915,0.4409333981526495,0.04326689353427322,2,True,False,False,True,False,False,False,False,False,True,False,False,False,False,True,False,False,False,False,False,False,False,True,False,False,False,False,False,False,False,False,False,False,False,True,False,False,False
Mustang Mach-E,2023,67976.38,49.0,179.0,107.9,5.74,166.0,778.0,690.0,7,39.7,2302.0,4,0,21067,3.27,3,3.6530612244897958,379.75631284916204,0.33796698523023455,0.2997393570807993,0.021285838401390096,3,False,False,False,True,False,False,False,False,False,False,False,True,False,False,True,False,False,False,True,False,False,False,False,False,False,False,False,False,False,False,False,False,False,False,False,False,False,False
bZ4X,2023,69285.92,67.1,201.0,99.7,5.12,168.0,831.0,745.0,7,36.2,1552.0,5,1,15625,3.58,4,2.995529061102832,344.7060696517413,0.5354381443298969,0.4800257731958763,0.043234536082474226,3,False,False,True,False,False,False,False,False,True,False,False,False,False,False,True,False,False,False,False,False,False,False,False,False,False,False,False,False,False,False,True,False,False,False,False,False,False,True
EQC,2024,167898.8,106.0,375.0,218.2,3.4,200.0,1000.0,941.0,5,24.5,1729.0,4,1,20936,4.04,6,3.5377358490566038,447.7301333333333,0.578368999421631,0.5442452284557547,0.061307113938692884,2,False,True,False,False,False,False,False,True,False,False,False,False,True,False,False,False,False,False,False,False,False,False,False,False,True,False,False,False,False,False,False,False,False,False,False,True,False,False
Qin,2025,36623.25,43.3,164.0,149.8,7.7,139.0,344.0,318.0,5,59.5,2509.0,5,0,185983,3.42,5,3.7875288683602775,223.3125,0.137106416899163,0.1267437225986449,0.017257871662016738,1,True,False,False,False,False,True,False,False,False,False,False,False,False,True,False,False,True,False,False,False,False,False,False,False,False,False,False,False,False,False,False,False,False,False,False,False,False,True
ID.5,2025,30097.01,74.3,267.0,58.6,7.84,127.0,150.0,200.0,7,36.6,1883.0,5,0,289031,3.27,5,3.5935397039030956,112.72288389513108,0.07966011683483802,0.10621348911311737,0.0394583112055231,1,False,False,False,False,False,False,False,True,False,False,False,False,False,False,False,False,False,False,False,False,False,False,False,False,False,False,False,False,False,False,False,True,False,False,False,False,False,False
Model S,2023,82511.11,85.6,289.0,232.0,4.31,180.0,553.0,487.0,5,35.2,1518.0,4,2,243479,3.78,5,3.376168224299066,285.50557093425607,0.36429512516469037,0.3208168642951252,0.05638998682476943,3,True,False,False,False,False,False,False,False,False,False,False,True,False,False,True,False,False,False,False,False,False,False,False,False,False,False,False,False,False,True,False,False,False,False,False,True,False,False
bZ Compact SUV,2022,56751.98,90.8,324.0,228.5,3.6,191.0,598.0,543.0,5,50.7,2143.0,5,1,9887,3.39,3,3.5682819383259914,175.16043209876545,0.2790480634624358,0.2533831077928138,0.04237050863275781,4,False,True,False,True,False,False,False,False,True,False,False,False,False,True,False,False,False,False,False,False,False,False,False,False,False,False,False,False,False,False,True,False,False,False,False,True,False,False
EV6,2024,30277.36,62.3,226.0,143.8,5.42,172.0,150.0,200.0,5,75.2,1644.0,5,1,130299,3.2,5,3.6276083467094704,133.97061946902656,0.09124087591240876,0.12165450121654502,0.03789537712895377,2,False,True,False,False,False,False,True,False,False,True,False,False,False,False,False,False,False,False,False,False,False,False,True,False,False,False,False,False,False,False,False,False,False,False,False,False,False,False
Qin,2024,103480.37,104.9,347.0,176.2,2.95,200.0,1000.0,907.0,7,64.3,2052.0,4,0,211837,3.58,5,3.30791229742612,298.2143227665706,0.4873294346978557,0.4420077972709552,0.051120857699805074,2,False,True,False,True,False,False,False,False,False,False,False,False,True,False,False,False,True,False,False,False,False,False,False,False,False,False,False,False,False,False,False,False,False,False,False,True,False,False
i7,2026,48107.44,41.6,150.0,139.0,5.91,169.0,156.0,200.0,7,45.9,2060.0,4,1,49300,3.02,7,3.605769230769231,320.7162666666667,0.07572815533980583,0.0970873786407767,0.020194174757281556,0,False,False,False,True,False,False,False,True,False,False,False,False,False,True,False,True,False,False,False,False,False,False,False,False,False,False,False,False,False,False,False,False,False,False,False,False,False,False
Sportage EV,2023,102070.65,49.5,174.0,64.3,5.56,163.0,1000.0,940.0,7,50.1,1859.0,3,2,148039,3.37,4,3.515151515151515,586.6129310344827,0.5379236148466918,0.5056481979558902,0.026627218934911243,3,True,False,False,True,False,False,False,False,False,True,False,False,True,False,False,False,False,False,False,False,False,False,True,False,False,False,False,False,False,False,False,False,False,False,False,False,True,False
ID.3,2025,94110.75,60.5,194.0,64.0,6.75,149.0,1000.0,888.0,7,70.2,1687.0,5,1,225387,3.43,4,3.206611570247934,485.1069587628866,0.5927682276229994,0.5263781861292235,0.03586247777119146,1,False,False,False,False,False,False,True,True,False,False,False,False,False,False,True,False,False,False,False,False,False,False,False,False,False,False,False,False,False,False,False,True,False,False,False,False,True,False
Cybertruck,2025,125305.65,42.0,158.0,277.7,6.96,136.0,868.0,786.0,7,57.9,2372.0,4,2,199754,3.28,5,3.761904761904762,793.0737341772151,0.36593591905564926,0.33136593591905567,0.01770657672849916,1,False,False,False,False,False,True,False,False,False,False,False,True,True,False,False,False,False,False,False,False,False,False,False,False,False,False,False,False,False,True,False,False,False,False,False,False,False,True
i7,2026,116974.41,71.9,251.0,175.3,3.87,190.0,1000.0,909.0,5,53.7,2650.0,5,2,50944,3.38,6,3.4909596662030595,466.0335059760956,0.37735849056603776,0.3430188679245283,0.027132075471698117,0,False,True,False,False,False,True,False,True,False,False,False,False,True,False,False,True,False,False,False,False,False,False,False,False,False,False,False,False,False,False,False,False,False,False,False,True,False,False
Ioniq 6,2024,84751.75,83.1,305.0,97.4,5.49,169.0,1000.0,924.0,5,61.0,1511.0,5,0,53893,3.55,3,3.670276774969916,277.87459016393444,0.6618133686300464,0.6115155526141628,0.054996690933156844,2,False,True,False,False,False,False,True,False,False,True,False,False,False,False,True,False,False,False,False,False,False,True,False,False,False,False,False,False,False,False,False,False,False,False,True,False,False,False
Explorer EV,2025,65329.39,49.5,157.0,137.3,6.01,165.0,671.0,629.0,7,22.0,1592.0,4,2,24686,3.21,4,3.1717171717171717,416.1107643312102,0.4214824120603015,0.3951005025125628,0.031092964824120602,1,False,True,False,False,False,False,False,False,False,False,False,True,False,False,True,False,False,False,True,False,False,False,False,False,False,False,False,False,False,False,False,False,False,False,False,False,False,True
Ioniq,2026,78614.71,78.0,278.0,57.5,5.83,159.0,987.0,924.0,5,67.3,2653.0,5,2,126223,3.68,4,3.5641025641025643,282.7867266187051,0.3720316622691293,0.3482849604221636,0.029400678477195626,0,True,False,False,False,False,True,False,False,False,True,False,False,False,False,True,False,False,False,False,False,False,True,False,False,False,False,False,False,False,False,False,False,False,False,True,False,False,False
GLE EV,2026,135101.31,74.2,242.0,110.8,5.12,181.0,807.0,733.0,5,59.2,2160.0,4,2,54508,3.82,5,3.261455525606469,558.2698760330578,0.3736111111111111,0.33935185185185185,0.034351851851851856,0,True,False,False,True,False,False,False,True,False,False,False,False,True,False,False,False,False,False,False,False,False,False,False,False,True,False,False,False,False,False,False,False,False,False,False,False,False,True
Niro EV,2023,96493.02,59.1,207.0,89.9,7.25,146.0,1000.0,965.0,7,79.0,1729.0,5,2,123691,3.45,4,3.50253807106599,466.14985507246377,0.578368999421631,0.558126084441874,0.03418160786581839,3,False,True,False,False,False,False,True,False,False,True,False,False,False,False,True,False,False,False,False,False,False,False,True,False,False,False,False,False,False,False,False,False,False,False,False,False,True,False
EV9,2023,52108.05,65.9,230.0,119.1,6.72,152.0,531.0,442.0,5,53.0,1976.0,5,0,98868,3.23,3,3.4901365705614564,226.5567391304348,0.2687246963562753,0.2236842105263158,0.0333502024291498,3,True,False,False,True,False,False,False,False,False,True,False,False,False,True,False,False,False,False,False,False,False,False,True,False,False,False,False,False,False,False,False,False,False,False,False,False,False,False
e-tron,2023,93510.78,53.0,195.0,63.5,5.08,161.0,659.0,562.0,5,16.9,1834.0,5,1,70832,3.16,6,3.6792452830188678,479.5424615384615,0.35932388222464556,0.3064340239912759,0.028898582333696837,3,False,False,True,False,False,False,False,True,False,False,False,False,False,False,True,False,False,False,False,False,False,False,False,False,False,False,False,False,False,False,False,False,False,False,False,False,False,False
ID.4,2024,78233.39,46.6,161.0,105.0,7.69,139.0,824.0,725.0,5,19.5,1684.0,4,1,259295,3.2,3,3.4549356223175964,485.92167701863355,0.48931116389548696,0.4305225653206651,0.027672209026128266,2,True,False,False,False,False,False,False,True,False,False,False,False,False,False,True,False,False,False,False,False,False,False,False,False,False,False,False,False,False,False,False,True,False,False,False,False,False,True
Model S,2025,101976.23,83.7,284.0,268.2,7.24,139.0,754.0,680.0,5,27.1,1882.0,5,2,160905,3.89,5,3.3930704898446833,359.0712323943662,0.40063761955366634,0.361317747077577,0.044473963868225296,1,True,False,True,False,False,False,False,False,False,False,False,True,True,False,False,False,False,False,False,False,False,False,False,False,False,False,False,False,False,True,False,False,False,False,False,False,False,False
Model Y,2024,110000.94,53.4,163.0,322.5,5.33,172.0,809.0,763.0,5,16.1,1577.0,4,2,414109,3.55,4,3.052434456928839,674.8523926380368,0.5129993658845909,0.4838300570703868,0.03386176284083703,2,False,False,False,False,True,False,False,False,False,False,False,True,True,False,False,False,False,False,False,False,False,False,False,False,False,False,False,False,False,True,False,False,False,False,False,False,False,True
Equinox EV,2025,83117.35,106.5,362.0,215.7,3.06,200.0,1000.0,888.0,5,59.7,1801.0,3,1,17250,3.59,4,3.39906103286385,229.60593922651935,0.555247084952804,0.49305941143808996,0.05913381454747363,1,False,False,False,True,False,False,False,False,False,False,False,True,False,False,True,False,False,False,False,True,False,False,False,False,False,False,False,False,False,False,False,False,False,False,False,True,False,False
i7,2025,107462.71,63.0,242.0,78.9,5.42,175.0,929.0,805.0,5,34.2,1736.0,5,2,59946,3.37,7,3.8412698412698414,444.060785123967,0.5351382488479263,0.4637096774193548,0.036290322580645164,1,False,True,False,False,True,False,False,True,False,False,False,False,True,False,False,True,False,False,False,False,False,False,False,False,False,False,False,False,False,False,False,False,False,False,False,False,True,False
Blazer EV,2022,55685.25,80.4,288.0,51.4,6.05,158.0,670.0,592.0,7,39.9,1642.0,4,0,22694,3.58,4,3.5820895522388057,193.3515625,0.40803897685749085,0.36053593179049936,0.048964677222898906,4,True,False,False,False,True,False,False,False,False,False,False,True,False,True,False,False,False,False,False,True,False,False,False,False,False,False,False,False,False,False,False,False,False,False,False,False,False,True
Max,2026,90766.48,91.0,318.0,231.3,2.7,200.0,1000.0,928.0,5,29.3,1500.0,4,0,205278,3.53,3,3.4945054945054945,285.42918238993707,0.6666666666666666,0.6186666666666667,0.06066666666666667,0,True,False,False,False,True,False,False,False,False,False,False,False,False,False,True,False,True,False,False,False,False,False,False,False,False,False,False,False,False,False,False,False,False,False,False,True,False,False
Model Y,2026,111102.01,57.5,194.0,273.3,7.1,140.0,805.0,733.0,5,30.0,1767.0,5,2,457566,3.79,5,3.373913043478261,572.6907731958763,0.4555744199207697,0.41482739105829086,0.03254102999434069,0,True,False,False,False,True,False,False,False,False,False,False,True,True,False,False,False,False,False,False,False,False,False,False,False,False,False,False,False,False,True,False,False,False,False,False,False,False,False
Cybertruck,2026,121350.3,82.3,289.0,226.3,7.42,130.0,930.0,825.0,5,72.6,2759.0,5,3,144677,3.86,6,3.511543134872418,419.89723183391004,0.33707865168539325,0.29902138455962307,0.02982964842334179,0,False,False,False,False,False,True,False,False,False,False,False,True,True,False,False,False,False,False,False,False,False,False,False,False,False,False,False,False,False,True,False,False,False,False,False,False,False,False
Qin,2025,43868.55,77.3,290.0,123.0,5.63,165.0,450.0,423.0,5,35.5,1761.0,5,1,211394,3.74,3,3.751617076326003,151.27086206896553,0.2555366269165247,0.2402044293015332,0.043895513912549686,1,True,False,False,False,False,False,False,False,False,False,False,False,False,True,False,False,True,False,False,False,False,False,False,False,False,False,False,False,False,False,False,False,False,False,False,False,False,False
EV9,2026,37918.56,79.9,304.0,103.8,4.71,182.0,284.0,216.0,5,42.9,2341.0,5,0,92798,3.66,3,3.8047559449311636,124.73210526315789,0.12131567706108501,0.0922682614267407,0.03413071337035455,0,False,False,False,True,False,False,False,False,False,True,False,False,False,True,False,False,False,False,False,False,False,False,True,False,False,False,False,False,False,False,False,False,False,False,True,False,False,False
ID.5,2023,87378.56,46.6,155.0,73.9,5.68,162.0,1000.0,866.0,7,70.7,2532.0,3,0,280958,3.26,5,3.3261802575107295,563.7326451612903,0.3949447077409163,0.3420221169036335,0.0184044233807267,3,False,False,False,False,False,True,False,True,False,False,False,False,False,False,True,False,False,False,False,False,False,False,False,False,False,False,False,False,False,False,False,True,False,False,False,False,True,False
ID. Aero,2025,98049.57,79.3,271.0,109.3,5.08,178.0,1000.0,925.0,7,78.8,2544.0,4,0,232457,3.53,3,3.4174022698612863,361.8065313653137,0.39308176100628933,0.3636006289308176,0.031171383647798742,1,True,False,False,False,False,True,False,True,False,False,False,False,False,False,True,False,False,False,False,False,False,False,False,False,False,False,False,False,False,False,False,True,False,False,True,False,False,False
Q6 e-tron,2025,91070.12,66.4,224.0,134.5,7.09,152.0,640.0,596.0,5,21.5,1500.0,3,1,69627,3.71,7,3.373493975903614,406.5630357142857,0.4266666666666667,0.3973333333333333,0.04426666666666667,1,False,False,False,False,True,False,False,True,False,False,False,False,False,False,True,False,False,False,False,False,False,False,False,False,False,False,False,False,False,False,False,False,False,False,False,False,False,False
Dolphin,2026,33590.41,74.1,252.0,145.1,7.81,140.0,320.0,319.0,7,59.1,2166.0,4,1,225478,3.58,5,3.4008097165991904,133.29527777777778,0.14773776546629733,0.14727608494921515,0.03421052631578947,0,False,False,False,False,False,True,False,False,False,False,False,False,False,False,False,False,True,False,False,False,False,False,False,False,False,False,False,False,False,False,False,False,False,False,False,False,False,False
Ioniq 5,2023,51553.1,75.3,265.0,102.7,5.85,174.0,530.0,474.0,5,25.8,1500.0,5,0,110986,3.76,4,3.5192563081009296,194.54,0.35333333333333333,0.316,0.0502,3,False,True,False,False,False,False,False,False,False,True,False,False,False,True,False,False,False,False,False,False,False,True,False,False,False,False,False,False,False,False,False,False,False,False,True,False,False,False
Mustang Mach-E,2025,31921.1,77.2,284.0,63.3,5.86,172.0,250.0,221.0,5,16.0,1500.0,5,2,21264,3.57,5,3.6787564766839376,112.39823943661972,0.16666666666666666,0.14733333333333334,0.05146666666666667,1,False,False,False,False,False,False,False,False,False,False,False,True,False,False,False,False,False,False,True,False,False,False,False,False,False,False,False,False,False,False,False,False,False,False,False,False,False,False
ID.4,2024,67460.11,97.9,324.0,92.4,4.29,180.0,681.0,643.0,7,78.7,2596.0,4,0,219503,3.66,3,3.30949948927477,208.21021604938272,0.262326656394453,0.24768875192604006,0.03771186440677966,2,True,False,False,False,False,True,False,True,False,False,False,False,False,False,True,False,False,False,False,False,False,False,False,False,False,False,False,False,False,False,False,True,False,False,True,False,False,False
i7,2025,56108.72,78.4,280.0,142.2,5.11,178.0,253.0,262.0,5,24.8,1729.0,5,1,32771,3.55,5,3.571428571428571,200.38828571428573,0.14632735685367265,0.15153267784846733,0.045344129554655874,1,False,False,True,False,False,False,False,True,False,False,False,False,False,True,False,True,False,False,False,False,False,False,False,False,False,False,False,False,False,False,False,False,False,False,False,False,False,True
EQS,2024,175695.73,119.3,421.0,160.5,2.98,200.0,1000.0,867.0,5,71.5,2775.0,4,1,47072,4.14,7,3.528918692372171,417.3295249406176,0.36036036036036034,0.3124324324324324,0.04299099099099099,2,False,False,False,False,False,True,False,True,False,False,False,False,True,False,False,False,False,False,False,False,False,False,False,False,True,False,False,False,False,False,False,False,False,False,False,True,False,False
bZ Compact SUV,2020,47569.79,41.5,160.0,86.2,7.8,133.0,419.0,383.0,5,43.1,1792.0,4,0,28709,3.17,4,3.855421686746988,297.3111875,0.23381696428571427,0.21372767857142858,0.023158482142857144,6,False,True,False,True,False,False,False,False,True,False,False,False,False,True,False,False,False,False,False,False,False,False,False,False,False,False,False,False,False,False,True,False,False,False,False,False,False,False
Cybertruck,2024,68394.93,94.8,315.0,254.1,4.15,179.0,520.0,388.0,5,64.6,2391.0,5,2,230110,4.0,5,3.3227848101265822,217.12676190476188,0.2174822250104559,0.16227519866164786,0.03964868255959849,2,False,True,False,False,False,True,False,False,False,False,False,True,False,False,True,False,False,False,False,False,False,False,False,False,False,False,False,False,False,True,False,False,False,False,False,True,False,False
R1T,2025,78693.27,63.6,243.0,115.4,5.92,171.0,624.0,547.0,4,67.1,2866.0,4,0,14022,3.14,6,3.820754716981132,323.8406172839506,0.21772505233775297,0.19085833914863923,0.022191207257501747,1,False,True,False,False,False,True,False,False,False,False,False,True,False,False,True,False,False,False,False,False,False,False,False,False,False,False,False,False,True,False,False,False,False,False,False,False,False,True
Ioniq 6,2025,46340.48,70.6,240.0,88.7,7.3,133.0,473.0,446.0,5,18.5,1585.0,3,0,91894,3.21,4,3.3994334277620397,193.08533333333335,0.29842271293375394,0.28138801261829655,0.04454258675078864,1,True,False,False,False,True,False,False,False,False,True,False,False,False,True,False,False,False,False,False,False,False,True,False,False,False,False,False,False,False,False,False,False,False,False,False,False,False,True
Seagull,2021,73231.02,46.1,166.0,143.1,7.63,141.0,844.0,798.0,5,24.9,1547.0,4,1,227938,3.21,4,3.6008676789587852,441.1507228915663,0.5455720749838396,0.5158371040723982,0.02979961215255333,5,False,False,False,False,True,False,False,False,False,False,False,False,False,False,True,False,True,False,False,False,False,False,False,False,False,False,False,False,False,False,False,False,False,False,False,False,False,True
Ioniq 6,2025,70402.19,49.9,170.0,108.8,7.04,148.0,866.0,746.0,5,21.9,1500.0,5,1,69074,3.3,4,3.4068136272545093,414.1305294117647,0.5773333333333334,0.49733333333333335,0.03326666666666667,1,True,False,False,False,True,False,False,False,False,True,False,False,False,False,True,False,False,False,False,False,False,True,False,False,False,False,False,False,False,False,False,False,False,False,False,False,False,True
3,2024,98223.61,58.4,219.0,103.2,7.31,147.0,701.0,672.0,5,27.3,1500.0,4,2,3904,3.65,4,3.75,448.50963470319635,0.4673333333333333,0.448,0.038933333333333334,2,False,True,False,False,False,False,False,False,False,False,True,False,False,False,True,False,False,False,False,False,False,False,False,False,False,False,True,False,False,False,False,False,False,False,False,False,True,False
Ioniq,2024,39646.49,41.0,150.0,94.3,5.91,174.0,271.0,236.0,5,31.2,1595.0,5,0,129173,3.0,3,3.658536585365854,264.30993333333333,0.16990595611285267,0.14796238244514107,0.025705329153605017,2,False,False,True,False,False,False,False,False,False,True,False,False,False,True,False,False,False,False,False,False,False,True,False,False,False,False,False,False,False,False,False,False,False,False,False,False,True,False
Yuan Plus,2023,70732.36,45.3,151.0,118.3,5.92,161.0,801.0,724.0,5,38.9,1764.0,4,1,198624,3.14,3,3.3333333333333335,468.4262251655629,0.45408163265306123,0.41043083900226757,0.025680272108843535,3,True,False,True,False,False,False,False,False,False,False,False,False,False,False,True,False,True,False,False,False,False,False,False,False,False,False,False,False,False,False,False,False,False,False,False,False,False,True
i5,2023,106048.4,47.8,195.0,87.0,6.06,167.0,866.0,827.0,5,16.4,1511.0,5,1,52016,3.3,5,4.079497907949791,543.8379487179487,0.5731303772336201,0.5473196558570483,0.03163467902051621,3,False,False,True,False,False,False,False,True,False,False,False,False,True,False,False,True,False,False,False,False,False,False,False,False,False,False,False,False,False,False,False,False,False,False,False,False,False,True
Seagull,2026,75687.78,57.9,223.0,77.4,7.1,136.0,911.0,866.0,7,31.9,1545.0,3,2,230330,3.4,4,3.8514680483592403,339.40708520179373,0.5896440129449838,0.5605177993527508,0.0374757281553398,0,False,False,False,False,True,False,False,False,False,False,False,False,False,False,True,False,True,False,False,False,False,False,False,False,False,False,False,False,False,False,False,False,False,False,False,False,False,True
Model 3,2024,164903.76,51.1,184.0,261.5,6.48,159.0,1000.0,922.0,5,30.2,1747.0,3,2,238934,3.62,5,3.6007827788649704,896.2160869565217,0.5724098454493417,0.527761877504293,0.02925014310246136,2,False,False,False,False,False,False,False,False,False,False,False,True,True,False,False,False,False,False,False,False,False,False,False,False,False,False,False,False,False,True,False,False,False,False,False,False,True,False
Cybertruck,2025,104330.24,50.1,185.0,261.5,7.04,145.0,792.0,738.0,7,79.1,2220.0,4,2,241443,3.82,6,3.6926147704590817,563.9472432432433,0.3567567567567568,0.3324324324324324,0.02256756756756757,1,False,True,False,False,False,True,False,False,False,False,False,True,True,False,False,False,False,False,False,False,False,False,False,False,False,False,False,False,False,True,False,False,False,False,False,False,True,False
Model 3,2022,74667.63,60.5,201.0,228.2,6.62,159.0,552.0,490.0,5,78.2,2148.0,5,2,245609,3.71,4,3.322314049586777,371.48074626865673,0.2569832402234637,0.22811918063314712,0.028165735567970206,4,False,False,False,False,False,True,False,False,False,False,False,True,False,False,True,False,False,False,False,False,False,False,False,False,False,False,False,False,False,True,False,False,False,False,False,False,True,False
Model S,2024,132957.6,57.4,197.0,313.0,5.66,168.0,1000.0,900.0,7,24.8,1603.0,5,2,220563,3.46,5,3.43205574912892,674.9116751269036,0.6238303181534622,0.561447286338116,0.03580786026200873,2,False,True,False,False,True,False,False,False,False,False,False,True,True,False,False,False,False,False,False,False,False,False,False,False,False,False,False,False,False,True,False,False,False,False,False,False,False,True
Model Y,2025,146521.88,91.7,343.0,226.2,3.18,200.0,1000.0,863.0,5,58.9,1942.0,4,2,406719,4.12,5,3.7404580152671754,427.1774927113703,0.5149330587023687,0.44438722966014416,0.04721936148300721,1,False,False,False,True,False,False,False,False,False,False,False,True,True,False,False,False,False,False,False,False,False,False,False,False,False,False,False,False,False,True,False,False,False,False,False,True,False,False
i7,2024,126323.43,92.6,337.0,134.2,4.57,190.0,1000.0,906.0,7,38.1,1500.0,5,1,51591,3.87,6,3.639308855291577,374.84697329376854,0.6666666666666666,0.604,0.06173333333333333,2,True,False,True,False,False,False,False,True,False,False,False,False,True,False,False,True,False,False,False,False,False,False,False,False,False,False,False,False,False,False,False,False,False,False,True,False,False,False
Model X,2025,42945.26,77.0,266.0,309.9,6.79,148.0,248.0,200.0,7,66.1,1861.0,5,3,202664,3.79,5,3.4545454545454546,161.44834586466166,0.13326168726491133,0.10746910263299302,0.04137560451370231,1,False,False,False,True,False,False,False,False,False,False,False,True,False,True,False,False,False,False,False,False,False,False,False,False,False,False,False,False,False,True,False,False,False,False,False,False,False,False
Dolphin,2024,38014.51,86.6,325.0,141.9,4.79,169.0,383.0,328.0,7,45.2,1687.0,5,0,241420,3.72,3,3.752886836027714,116.96772307692308,0.22703023117960877,0.1944279786603438,0.05133372851215175,2,False,False,False,True,False,False,False,False,False,False,False,False,False,True,False,False,True,False,False,False,False,False,False,False,False,False,False,False,False,False,False,False,False,False,True,False,False,False
e-tron,2025,109441.61,51.1,161.0,100.9,7.02,151.0,876.0,844.0,5,21.6,1589.0,4,1,27623,3.34,7,3.150684931506849,679.7615527950311,0.5512901195720579,0.5311516677155443,0.032158590308370046,1,False,False,True,False,False,False,False,True,False,False,False,False,True,False,False,False,False,False,False,False,False,False,False,False,False,False,False,False,False,False,False,False,False,False,False,False,False,True
Ioniq 6,2026,93179.93,102.1,351.0,126.1,4.97,181.0,1000.0,892.0,5,16.2,1500.0,4,1,64997,3.42,4,3.437806072477963,265.46988603988603,0.6666666666666666,0.5946666666666667,0.06806666666666666,0,True,False,False,False,True,False,False,False,False,True,False,False,False,False,True,False,False,False,False,False,False,True,False,False,False,False,False,False,False,False,False,False,False,False,True,False,False,False
i5,2025,79696.27,76.5,251.0,103.6,6.21,161.0,550.0,514.0,5,60.0,2846.0,5,1,32509,3.24,5,3.281045751633987,317.51501992031876,0.1932536893886156,0.18060435699226984,0.026879831342234716,1,False,False,False,False,False,True,False,True,False,False,False,False,False,False,True,True,False,False,False,False,False,False,False,False,False,False,False,False,False,False,False,False,False,False,False,False,True,False
Model Y,2025,85878.17,49.2,188.0,238.9,6.03,164.0,605.0,592.0,7,29.6,2009.0,4,2,499717,3.42,5,3.8211382113821135,456.7987765957447,0.3011448481831757,0.2946739671478347,0.02448979591836735,1,False,True,False,False,True,False,False,False,False,False,False,True,False,False,True,False,False,False,False,False,False,False,False,False,False,False,False,False,False,True,False,False,False,False,False,False,False,True
Model Y,2021,49771.04,62.5,225.0,212.5,5.56,175.0,317.0,261.0,5,34.2,1578.0,3,3,483023,3.69,5,3.6,221.2046222222222,0.2008871989860583,0.16539923954372623,0.03960709759188847,5,True,False,False,False,False,False,False,False,False,False,False,True,False,True,False,False,False,False,False,False,False,False,False,False,False,False,False,False,False,True,False,False,False,False,False,False,False,True
Model 3,2025,60544.17,81.6,287.0,247.1,5.81,158.0,384.0,366.0,5,51.2,2538.0,5,2,170776,3.98,6,3.5171568627450984,210.95529616724738,0.15130023640661938,0.14420803782505912,0.03215130023640662,1,False,True,False,False,False,True,False,False,False,False,False,True,False,True,False,False,False,False,False,False,False,False,False,False,False,False,False,False,False,True,False,False,False,False,False,False,True,False
Model S,2026,125990.82,75.3,272.0,209.9,4.94,171.0,955.0,881.0,7,17.1,1589.0,5,2,200607,3.97,4,3.612217795484728,463.2015441176471,0.6010069225928257,0.5544367526746381,0.0473882945248584,0,True,False,True,False,False,False,False,False,False,False,False,True,True,False,False,False,False,False,False,False,False,False,False,False,False,False,False,False,False,True,False,False,False,False,True,False,False,False
Seagull,2020,48719.93,95.3,342.0,125.3,5.39,166.0,449.0,397.0,5,30.4,1511.0,4,0,158941,3.72,4,3.588667366211962,142.4559356725146,0.2971542025148908,0.2627399073461284,0.06307081403044341,6,True,False,False,False,False,False,False,False,False,False,False,False,False,True,False,False,True,False,False,False,False,False,False,False,False,False,False,False,False,False,False,False,False,False,True,False,False,False
Model X,2022,66277.97,97.7,340.0,285.5,3.71,189.0,445.0,394.0,5,59.1,2882.0,3,2,108652,4.11,4,3.480040941658137,194.93520588235293,0.15440666204024983,0.13671061762664816,0.033900069396252605,4,False,True,False,False,False,True,False,False,False,False,False,True,False,False,True,False,False,False,False,False,False,False,False,False,False,False,False,False,False,True,False,False,False,False,False,True,False,False
Model Y,2025,122990.85,43.1,177.0,222.1,7.3,132.0,909.0,826.0,5,25.4,1500.0,4,2,444103,3.49,5,4.106728538283063,694.8635593220339,0.606,0.5506666666666666,0.028733333333333333,1,False,False,True,False,False,False,False,False,False,False,False,True,True,False,False,False,False,False,False,False,False,False,False,False,False,False,False,False,False,True,False,False,False,False,False,False,False,True
Model 3,2025,77509.32,78.6,256.0,347.7,7.73,130.0,522.0,442.0,7,18.0,1500.0,3,2,156028,3.89,4,3.256997455470738,302.77078125,0.348,0.2946666666666667,0.052399999999999995,1,False,True,True,False,False,False,False,False,False,False,False,True,False,False,True,False,False,False,False,False,False,False,False,False,False,False,False,False,False,True,False,False,False,False,False,False,False,True
Ioniq 5,2025,42592.08,73.4,215.0,90.7,6.29,154.0,432.0,362.0,5,54.8,2777.0,4,0,124929,3.43,4,2.9291553133514983,198.1026976744186,0.15556355779618294,0.1303564998199496,0.026431400792221824,1,True,False,False,False,False,True,False,False,False,True,False,False,False,True,False,False,False,False,False,False,False,True,False,False,False,False,False,False,False,False,False,False,False,False,False,False,False,False
Max,2026,42445.79,53.0,173.0,61.8,5.53,167.0,444.0,446.0,7,34.2,1642.0,4,1,217748,3.05,5,3.2641509433962264,245.351387283237,0.27040194884287455,0.27161997563946405,0.03227771010962241,0,False,False,False,False,False,False,False,False,False,False,False,False,False,True,False,False,True,False,False,False,False,False,False,False,False,False,False,False,False,False,False,False,False,False,False,False,False,True
ID. Aero,2023,44275.35,90.4,308.0,211.5,4.49,180.0,363.0,288.0,7,36.4,1606.0,5,2,209760,3.52,3,3.407079646017699,143.75113636363636,0.22602739726027396,0.1793275217932752,0.05628891656288917,3,False,False,True,False,False,False,False,True,False,False,False,False,False,True,False,False,False,False,False,False,False,False,False,False,False,False,False,False,False,False,False,True,False,False,False,True,False,False
Ioniq 6,2025,107109.36,119.6,434.0,239.3,2.87,200.0,1000.0,906.0,5,68.7,2249.0,5,1,92278,3.9,3,3.62876254180602,246.7957603686636,0.444642063139173,0.4028457092040907,0.05317919075144508,1,False,False,False,True,False,False,False,False,False,True,False,False,True,False,False,False,False,False,False,False,False,True,False,False,False,False,False,False,False,False,False,False,False,False,False,True,False,False
Bolt EV,2023,38369.91,46.8,177.0,81.7,6.83,139.0,363.0,331.0,7,57.5,2174.0,5,0,19280,3.34,3,3.7820512820512824,216.7791525423729,0.16697332106715732,0.15225390984360626,0.02152713891444342,3,True,False,False,True,False,False,False,False,False,False,False,True,False,True,False,False,False,False,False,True,False,False,False,False,False,False,False,False,False,False,False,False,False,False,False,False,False,False
Model S,2023,82872.71,88.9,322.0,293.4,4.31,182.0,559.0,488.0,7,38.0,1852.0,5,2,233601,3.61,5,3.622047244094488,257.36866459627333,0.3018358531317495,0.2634989200863931,0.04800215982721383,3,False,False,False,False,False,False,False,False,False,False,False,True,False,False,True,False,False,False,False,False,False,False,False,False,False,False,False,False,False,True,False,False,False,False,True,False,False,False
Mustang Mach-E,2024,96727.35,71.4,233.0,128.6,7.7,140.0,1000.0,862.0,7,20.7,1832.0,3,1,75873,3.24,5,3.2633053221288515,415.1388412017168,0.5458515283842795,0.4705240174672489,0.03897379912663756,2,False,False,True,False,False,False,False,False,False,False,False,True,False,False,True,False,False,False,True,False,False,False,False,False,False,False,False,False,False,False,False,False,False,False,False,False,True,False
i7,2024,84385.88,47.3,177.0,108.6,7.35,136.0,601.0,552.0,7,23.5,1500.0,5,1,74771,3.09,6,3.7420718816067655,476.756384180791,0.40066666666666667,0.368,0.03153333333333333,2,True,False,False,False,True,False,False,True,False,False,False,False,False,False,True,True,False,False,False,False,False,False,False,False,False,False,False,False,False,False,False,False,False,False,False,False,False,False
Model Y,2025,33796.25,90.1,295.0,250.6,4.06,183.0,215.0,200.0,5,43.0,2400.0,5,2,476519,3.86,5,3.274139844617092,114.5635593220339,0.08958333333333333,0.08333333333333333,0.03754166666666667,1,False,True,False,True,False,False,False,False,False,False,False,True,False,False,False,False,False,False,False,False,False,False,False,False,False,False,False,False,False,True,False,False,False,False,True,False,False,False
e-tron GT,2025,67634.79,79.9,278.0,90.2,5.56,167.0,396.0,388.0,5,24.9,1712.0,4,2,62437,3.52,8,3.4793491864831037,243.29061151079134,0.23130841121495327,0.2266355140186916,0.046670560747663556,1,True,False,False,False,True,False,False,True,False,False,False,False,False,False,True,False,False,False,False,False,False,False,False,False,False,False,False,False,False,False,False,False,False,False,False,False,False,False
R2,2025,105675.37,104.0,386.0,102.2,4.64,173.0,1000.0,866.0,5,63.1,2353.0,5,0,25421,3.88,4,3.7115384615384617,273.77038860103625,0.42498937526561836,0.3680407989800255,0.04419889502762431,1,False,False,False,True,False,False,False,False,False,False,False,True,True,False,False,False,False,False,False,False,False,False,False,False,False,False,False,False,True,False,False,False,False,False,True,False,False,False
Model X,2023,43959.45,63.9,211.0,207.5,6.67,148.0,283.0,251.0,5,62.7,1838.0,3,2,124556,3.97,4,3.3020344287949923,208.33862559241706,0.15397170837867247,0.1365614798694233,0.034766050054406965,3,True,False,False,True,False,False,False,False,False,False,False,True,False,True,False,False,False,False,False,False,False,False,False,False,False,False,False,False,False,True,False,False,False,False,False,False,False,True
Dolphin,2025,19398.19,79.6,255.0,104.3,7.87,125.0,165.0,200.0,5,71.9,1500.0,4,0,165718,3.4,4,3.203517587939699,76.07133333333333,0.11,0.13333333333333333,0.053066666666666665,1,True,False,False,False,False,False,True,False,False,False,False,False,False,False,False,False,True,False,False,False,False,False,False,False,False,False,False,False,False,False,False,False,False,False,False,False,False,False
Explorer EV,2026,55828.42,47.5,163.0,69.0,5.68,167.0,570.0,527.0,5,22.3,1668.0,5,1,64449,3.39,5,3.431578947368421,342.5056441717791,0.34172661870503596,0.315947242206235,0.028477218225419664,0,False,True,True,False,False,False,False,False,False,False,False,True,False,True,False,False,False,False,True,False,False,False,False,False,False,False,False,False,False,False,False,False,False,False,False,False,False,False
Blazer EV,2025,55791.9,43.1,150.0,123.6,6.64,150.0,646.0,596.0,7,35.3,1903.0,5,2,16439,3.05,4,3.480278422273782,371.946,0.3394640042038886,0.3131897004729375,0.022648449816079875,1,True,False,False,True,False,False,False,False,False,False,False,True,False,True,False,False,False,False,False,True,False,False,False,False,False,False,False,False,False,False,False,False,False,False,False,False,False,True
Model 3,2025,151283.19,58.3,189.0,340.8,6.99,152.0,1000.0,918.0,5,36.7,1557.0,5,2,203592,3.49,5,3.2418524871355063,800.4401587301587,0.6422607578676943,0.5895953757225434,0.03744380218368658,1,False,False,False,False,True,False,False,False,False,False,False,True,True,False,False,False,False,False,False,False,False,False,False,False,False,False,False,False,False,True,False,False,False,False,False,False,True,False
Qin,2024,54577.89,119.6,427.0,156.1,4.31,190.0,567.0,531.0,5,27.9,1638.0,5,0,139526,3.84,5,3.5702341137123748,127.81707259953161,0.34615384615384615,0.3241758241758242,0.073015873015873,2,False,False,True,False,False,False,False,False,False,False,False,False,False,True,False,False,True,False,False,False,False,False,False,False,False,False,False,False,False,False,False,False,False,False,False,True,False,False
ID. Buzz,2025,55247.47,53.5,199.0,114.4,5.73,170.0,459.0,410.0,5,34.4,1500.0,5,1,220284,3.29,4,3.7196261682242993,277.6254773869347,0.306,0.2733333333333333,0.035666666666666666,1,False,False,False,False,True,False,False,True,False,False,False,False,False,True,False,False,False,False,False,False,False,False,False,False,False,False,False,False,False,False,False,True,False,False,False,False,False,True
Ioniq 6,2025,37922.42,50.5,150.0,65.4,6.36,155.0,325.0,323.0,5,68.6,1992.0,3,0,75225,3.06,5,2.9702970297029703,252.8161333333333,0.16315261044176707,0.16214859437751003,0.02535140562248996,1,False,True,False,True,False,False,False,False,False,True,False,False,False,True,False,False,False,False,False,False,False,True,False,False,False,False,False,False,False,False,False,False,False,False,False,False,False,False
EV9,2023,65534.18,84.3,248.0,57.6,5.04,176.0,708.0,642.0,5,56.5,1815.0,4,1,115671,3.43,4,2.9418742586002375,264.2507258064516,0.39008264462809916,0.3537190082644628,0.046446280991735533,3,True,False,False,True,False,False,False,False,False,True,False,False,False,False,True,False,False,False,False,False,False,False,True,False,False,False,False,False,False,False,False,False,False,False,False,False,False,False
ID.3,2026,36867.62,42.0,175.0,63.1,6.92,148.0,259.0,233.0,7,67.1,1542.0,5,1,299992,3.38,4,4.166666666666667,210.6721142857143,0.16796368352788585,0.1511024643320363,0.027237354085603113,0,False,True,False,False,False,False,True,True,False,False,False,False,False,True,False,False,False,False,False,False,False,False,False,False,False,False,False,False,False,False,False,True,False,False,False,False,False,True
Ioniq 6,2023,66319.66,72.9,225.0,110.9,7.63,134.0,766.0,617.0,7,77.2,1709.0,4,0,139935,3.2,3,3.0864197530864197,294.75404444444445,0.44821533060269164,0.361029842012873,0.04265652428320656,3,False,True,False,False,False,False,True,False,False,True,False,False,False,False,True,False,False,False,False,False,False,True,False,False,False,False,False,False,False,False,False,False,False,False,False,False,False,True
Blazer EV,2026,47749.35,64.3,253.0,114.0,5.82,170.0,522.0,467.0,7,71.9,2378.0,5,0,11602,3.26,4,3.9346811819595646,188.73260869565217,0.21951219512195122,0.19638351555929354,0.027039529015979814,0,False,True,False,False,False,True,False,False,False,False,False,True,False,True,False,False,False,False,False,True,False,False,False,False,False,False,False,False,False,False,False,False,False,False,False,False,False,True
Model S,2025,75212.51,79.3,260.0,293.3,6.39,154.0,528.0,494.0,7,37.8,1513.0,5,3,148099,3.93,6,3.278688524590164,289.2788846153846,0.3489755452742895,0.32650363516192993,0.05241242564441507,1,True,False,False,False,True,False,False,False,False,False,False,True,False,False,True,False,False,False,False,False,False,False,False,False,False,False,False,False,False,True,False,False,False,False,False,False,False,True
Atto 3,2025,87159.36,101.7,351.0,140.4,4.35,183.0,986.0,946.0,5,68.2,2527.0,3,1,204628,3.58,3,3.4513274336283186,248.31726495726497,0.39018599129402454,0.37435694499406413,0.04024535021764939,1,False,False,False,False,False,True,False,False,False,False,False,False,False,False,True,False,True,False,False,False,False,False,False,False,False,False,False,False,False,False,False,False,False,False,True,False,False,False
Bolt EUV,2021,44183.28,58.8,207.0,105.0,5.23,169.0,449.0,443.0,5,64.7,1615.0,5,0,22786,3.51,4,3.5204081632653064,213.44579710144927,0.27801857585139317,0.2743034055727554,0.03640866873065015,5,False,True,False,False,False,False,True,False,False,False,False,True,False,True,False,False,False,False,False,True,False,False,False,False,False,False,False,False,False,False,False,False,False,False,False,False,False,True
e-tron,2023,63313.85,56.2,189.0,110.0,6.71,138.0,298.0,281.0,5,72.2,1632.0,4,1,25175,3.27,6,3.3629893238434163,334.9939153439153,0.18259803921568626,0.1721813725490196,0.034436274509803924,3,False,False,False,False,False,False,True,True,False,False,False,False,False,True,False,False,False,False,False,False,False,False,False,False,False,False,False,False,False,False,False,False,False,False,False,False,False,True
Kona Electric,2024,90974.8,80.4,296.0,119.4,4.7,179.0,1000.0,923.0,7,72.6,1741.0,4,0,59668,3.91,3,3.6815920398009947,307.3472972972973,0.5743825387708213,0.5301550832854681,0.04618035611717404,2,True,False,False,False,False,False,True,False,False,True,False,False,False,False,True,False,False,False,False,False,False,True,False,False,False,False,False,False,False,False,False,False,False,False,True,False,False,False
Ioniq 5,2022,81725.25,71.7,234.0,189.2,3.79,197.0,1000.0,888.0,5,37.0,1500.0,5,1,72070,3.48,4,3.2635983263598325,349.25320512820514,0.6666666666666666,0.592,0.0478,4,False,False,False,False,True,False,False,False,False,True,False,False,False,False,True,False,False,False,False,False,False,True,False,False,False,False,False,False,False,False,False,False,False,False,False,True,False,False
Model Y,2025,64135.13,97.7,359.0,226.7,5.4,171.0,471.0,372.0,5,37.5,1742.0,4,3,427732,4.21,4,3.674513817809621,178.64938718662953,0.2703788748564868,0.21354764638346727,0.0560849598163031,1,False,True,True,False,False,False,False,False,False,False,False,True,False,True,False,False,False,False,False,False,False,False,False,False,False,False,False,False,False,True,False,False,False,False,True,False,False,False
ID.4,2025,91483.89,74.2,246.0,206.1,3.02,199.0,1000.0,891.0,5,37.3,1500.0,4,1,206750,3.64,3,3.315363881401617,371.88573170731706,0.6666666666666666,0.594,0.049466666666666666,1,False,False,False,False,False,False,False,True,False,False,False,False,False,False,True,False,False,False,False,False,False,False,False,False,False,False,False,False,False,False,False,True,False,False,False,True,False,False
i30,2024,40685.58,66.5,247.0,65.0,6.33,159.0,381.0,313.0,7,18.5,1548.0,5,0,143645,3.36,4,3.7142857142857144,164.71894736842106,0.24612403100775193,0.20219638242894056,0.042958656330749356,2,False,False,True,False,False,False,False,False,False,True,False,False,False,True,False,False,False,False,False,False,False,True,False,False,False,False,False,False,False,False,False,False,False,False,False,False,True,False
Dolphin,2025,52144.09,43.5,150.0,82.6,5.11,178.0,572.0,578.0,7,15.2,1600.0,4,0,212512,3.12,3,3.4482758620689653,347.6272666666666,0.3575,0.36125,0.0271875,1,True,False,True,False,False,False,False,False,False,False,False,False,False,True,False,False,True,False,False,False,False,False,False,False,False,False,False,False,False,False,False,False,False,False,False,False,False,False
Yuan Plus,2024,73962.43,41.7,163.0,108.8,5.83,163.0,867.0,753.0,5,18.4,1597.0,5,0,121424,3.25,3,3.9088729016786568,453.7572392638036,0.5428929242329368,0.4715090795241077,0.026111458985598,2,False,True,False,False,True,False,False,False,False,False,False,False,False,False,True,False,True,False,False,False,False,False,False,False,False,False,False,False,False,False,False,False,False,False,False,False,False,False
ID.5,2023,62312.34,116.7,420.0,160.5,4.17,191.0,574.0,499.0,7,30.5,1792.0,4,0,298301,3.59,3,3.5989717223650386,148.36271428571428,0.3203125,0.27845982142857145,0.06512276785714285,3,True,False,False,False,True,False,False,True,False,False,False,False,False,True,False,False,False,False,False,False,False,False,False,False,False,False,False,False,False,False,False,True,False,False,False,True,False,False
Model 3,2024,73678.26,106.1,370.0,204.7,4.74,177.0,505.0,433.0,5,29.7,1536.0,5,2,201869,3.99,5,3.4872761545711595,199.13043243243243,0.3287760416666667,0.2819010416666667,0.06907552083333333,2,False,True,False,False,False,False,False,False,False,False,False,True,False,False,True,False,False,False,False,False,False,False,False,False,False,False,False,False,False,True,False,False,False,False,True,False,False,False
Leaf 50X,2021,32842.63,55.1,180.0,131.0,7.28,139.0,415.0,337.0,5,55.1,2155.0,4,1,173134,3.1,4,3.2667876588021776,182.45905555555555,0.1925754060324826,0.15638051044083526,0.025568445475638052,5,False,False,False,True,False,False,False,False,False,False,False,False,False,False,False,False,True,False,False,False,False,False,False,False,False,False,False,False,False,False,False,False,False,False,False,False,True,False
Atto 3,2023,62874.95,71.7,262.0,179.3,3.15,200.0,691.0,603.0,5,38.9,1665.0,4,0,207361,3.74,4,3.6541143654114365,239.98072519083968,0.41501501501501503,0.3621621621621622,0.04306306306306307,3,False,True,False,False,True,False,False,False,False,False,False,False,False,True,False,False,True,False,False,False,False,False,False,False,False,False,False,False,False,False,False,False,False,False,False,True,False,False
Atto 3,2022,107436.09,65.7,255.0,124.5,7.71,137.0,1000.0,899.0,5,37.8,1887.0,5,1,201045,3.64,3,3.881278538812785,421.318,0.5299417064122947,0.4764175940646529,0.03481717011128776,4,False,True,False,True,False,False,False,False,False,False,False,False,True,False,False,False,True,False,False,False,False,False,False,False,False,False,False,False,False,False,False,False,False,False,False,False,True,False
Model 3,2025,154568.94,68.0,235.0,285.7,5.02,170.0,1000.0,937.0,5,21.2,1756.0,5,3,245844,3.7,5,3.4558823529411766,657.740170212766,0.5694760820045558,0.5335990888382688,0.0387243735763098,1,False,True,False,False,False,False,False,False,False,False,False,True,True,False,False,False,False,False,False,False,False,False,False,False,False,False,False,False,False,True,False,False,False,False,False,False,True,False
e-tron,2024,62074.39,65.3,236.0,53.7,5.78,160.0,256.0,256.0,7,53.4,2242.0,5,2,41240,3.53,8,3.614088820826953,263.02707627118644,0.11418376449598573,0.11418376449598573,0.02912578055307761,2,False,True,False,True,False,False,False,True,False,False,False,False,False,True,False,False,False,False,False,False,False,False,False,False,False,False,False,False,False,False,False,False,False,False,False,False,False,True
EV6,2024,68316.17,76.4,262.0,155.3,3.88,189.0,785.0,658.0,7,23.8,1907.0,4,2,86275,3.61,3,3.4293193717277486,260.7487404580153,0.4116413214472994,0.3450445726271631,0.0400629260618773,2,False,True,True,False,False,False,False,False,False,True,False,False,False,False,True,False,False,False,False,False,False,False,True,False,False,False,False,False,False,False,False,False,False,False,False,True,False,False
iX,2023,98461.71,53.0,185.0,121.0,6.84,142.0,800.0,752.0,7,27.3,1509.0,5,2,22686,3.0,7,3.490566037735849,532.2254594594594,0.5301524188204109,0.4983432736911862,0.03512259774685222,3,True,False,False,False,True,False,False,True,False,False,False,False,False,False,True,True,False,False,False,False,False,False,False,False,False,False,False,False,False,False,False,False,False,False,False,False,False,False
Mustang Mach-E,2023,61500.69,61.2,209.0,73.0,6.01,154.0,616.0,524.0,7,15.4,1576.0,5,1,52208,3.39,4,3.415032679738562,294.2616746411483,0.39086294416243655,0.33248730964467005,0.03883248730964467,3,False,False,False,False,True,False,False,False,False,False,False,True,False,True,False,False,False,False,True,False,False,False,False,False,False,False,False,False,False,False,False,False,False,False,False,False,True,False
Ioniq 6,2024,60164.53,53.1,185.0,61.2,7.06,146.0,673.0,592.0,7,41.7,1827.0,5,1,85467,3.29,5,3.4839924670433144,325.2136756756757,0.36836343732895455,0.3240284619594964,0.029064039408866996,2,True,False,False,True,False,False,False,False,False,True,False,False,False,True,False,False,False,False,False,False,False,True,False,False,False,False,False,False,False,False,False,False,False,False,False,False,False,True
Model 3,2023,123171.93,71.8,246.0,208.4,6.3,150.0,907.0,860.0,5,24.7,1779.0,4,3,165942,3.71,5,3.4261838440111423,500.6989024390244,0.5098369870713885,0.4834176503653738,0.04035975267003935,3,True,False,True,False,False,False,False,False,False,False,False,True,True,False,False,False,False,False,False,False,False,False,False,False,False,False,False,False,False,True,False,False,False,False,False,False,False,True
i30,2024,35093.17,77.1,295.0,136.0,7.96,134.0,249.0,207.0,5,65.6,1663.0,4,2,117101,3.46,4,3.826199740596628,118.95989830508474,0.1497294046903187,0.12447384245339747,0.04636199639206253,2,True,False,False,False,False,False,True,False,False,True,False,False,False,True,False,False,False,False,False,False,False,True,False,False,False,False,False,False,False,False,False,False,False,False,False,False,False,False
Niro EV,2021,101333.39,70.5,249.0,104.0,5.45,170.0,1000.0,846.0,5,71.2,1660.0,4,0,89918,3.29,4,3.5319148936170213,406.96140562248996,0.6024096385542169,0.5096385542168674,0.04246987951807229,5,False,True,False,False,False,False,True,False,False,True,False,False,True,False,False,False,False,False,False,False,False,False,True,False,False,False,False,False,False,False,False,False,False,False,False,False,True,False
Blazer EV,2022,54305.64,86.4,289.0,121.7,5.96,162.0,669.0,612.0,5,66.9,1708.0,5,2,18445,3.56,4,3.344907407407407,187.90878892733565,0.3916861826697892,0.3583138173302108,0.05058548009367682,4,True,False,False,False,False,False,True,False,False,False,False,True,False,True,False,False,False,False,False,True,False,False,False,False,False,False,False,False,False,False,False,False,False,False,True,False,False,False
ID. Buzz,2025,58007.82,105.3,382.0,246.2,4.21,188.0,563.0,492.0,7,67.8,1781.0,3,0,241176,3.98,3,3.627730294396961,151.85293193717277,0.31611454239191467,0.27624929814710836,0.059124087591240874,1,False,True,False,False,False,False,True,True,False,False,False,False,False,True,False,False,False,False,False,False,False,False,False,False,False,False,False,False,False,False,False,True,False,False,False,True,False,False
Cybertruck,2024,188964.7,106.8,367.0,318.0,4.35,193.0,1000.0,912.0,7,67.4,2274.0,4,3,239165,4.27,5,3.4363295880149813,514.8901907356949,0.4397537379067722,0.40105540897097625,0.04696569920844327,2,False,True,False,False,False,True,False,False,False,False,False,True,True,False,False,False,False,False,False,False,False,False,False,False,False,False,False,False,False,True,False,False,False,False,False,True,False,False
Leaf 50X,2025,33650.32,63.9,231.0,79.2,7.37,134.0,332.0,340.0,7,39.5,1698.0,4,1,210399,3.56,4,3.615023474178404,145.67238095238096,0.1955241460541814,0.20023557126030625,0.03763250883392226,1,False,False,False,False,True,False,False,False,False,False,False,False,False,False,False,False,True,False,False,False,False,False,False,False,False,False,False,False,False,False,False,False,False,False,False,False,False,True
ID. Buzz,2023,31850.78,51.4,199.0,81.3,7.1,149.0,166.0,200.0,5,30.7,1500.0,5,0,272903,3.24,3,3.8715953307392996,160.05417085427135,0.11066666666666666,0.13333333333333333,0.03426666666666667,3,True,False,False,False,True,False,False,True,False,False,False,False,False,False,False,False,False,False,False,False,False,False,False,False,False,False,False,False,False,False,False,True,False,False,False,False,False,False
iX,2026,111337.67,83.1,295.0,73.5,5.59,167.0,1000.0,922.0,7,66.0,1641.0,4,1,20689,3.65,7,3.5499398315282793,377.4158305084746,0.6093845216331505,0.5618525289457648,0.050639853747714805,0,False,True,False,False,False,False,True,True,False,False,False,False,True,False,False,True,False,False,False,False,False,False,False,False,False,False,False,False,False,False,False,False,False,False,False,False,False,True
Sportage EV,2024,56593.19,56.2,197.0,62.4,5.24,170.0,590.0,549.0,5,55.4,2177.0,4,0,135755,3.26,4,3.505338078291815,287.275076142132,0.27101515847496555,0.2521819016995866,0.025815342214056042,2,False,True,False,True,False,False,False,False,False,True,False,False,False,True,False,False,False,False,False,False,False,False,True,False,False,False,False,False,False,False,False,False,False,False,False,False,False,True
ID.3,2024,71569.98,57.7,186.0,144.5,5.62,158.0,746.0,669.0,7,68.2,2030.0,5,1,287315,3.19,3,3.2235701906412477,384.7848387096774,0.367487684729064,0.3295566502463054,0.028423645320197047,2,False,True,False,True,False,False,False,True,False,False,False,False,False,False,True,False,False,False,False,False,False,False,False,False,False,False,False,False,False,False,False,True,False,False,False,False,False,False
Macan Electric,2023,139594.69,75.6,252.0,292.5,4.35,179.0,611.0,473.0,7,25.3,1829.0,3,0,9428,3.64,8,3.3333333333333335,553.9471825396826,0.33406232914160744,0.25861126298523784,0.04133406232914161,3,True,False,True,False,False,False,False,True,False,False,False,False,True,False,False,False,False,False,False,False,False,False,False,False,False,False,False,True,False,False,False,False,False,False,True,False,False,False
Niro EV,2023,42128.98,66.6,226.0,79.4,6.82,145.0,371.0,263.0,7,33.2,1795.0,4,0,121472,3.23,4,3.3933933933933935,186.41141592920354,0.20668523676880224,0.14651810584958216,0.03710306406685236,3,True,False,True,False,False,False,False,False,False,True,False,False,False,True,False,False,False,False,False,False,False,False,True,False,False,False,False,False,False,False,False,False,False,False,False,False,False,True
Seagull,2023,52361.13,60.0,186.0,121.5,7.42,142.0,534.0,449.0,7,32.1,1500.0,4,0,203886,3.06,3,3.1,281.5114516129032,0.356,0.29933333333333334,0.04,3,True,False,True,False,False,False,False,False,False,False,False,False,False,True,False,False,True,False,False,False,False,False,False,False,False,False,False,False,False,False,False,False,False,False,False,False,False,False
Cybertruck,2022,161513.5,115.3,420.0,223.7,2.54,200.0,1000.0,924.0,5,75.1,2605.0,4,2,172224,4.09,4,3.642671292281006,384.55595238095236,0.3838771593090211,0.3547024952015355,0.044261036468330135,4,False,True,False,False,False,True,False,False,False,False,False,True,True,False,False,False,False,False,False,False,False,False,False,False,False,False,False,False,False,True,False,False,False,False,False,True,False,False
Model S,2025,99545.7,74.1,250.0,202.5,4.19,190.0,746.0,677.0,7,34.7,1588.0,4,2,244941,3.69,5,3.373819163292848,398.1828,0.46977329974811083,0.4263224181360202,0.0466624685138539,1,False,False,True,False,False,False,False,False,False,False,False,True,False,False,True,False,False,False,False,False,False,False,False,False,False,False,False,False,False,True,False,False,False,False,False,True,False,False
Dolphin,2023,78664.3,82.8,301.0,145.4,6.95,137.0,845.0,776.0,5,74.0,2356.0,5,1,238674,3.59,4,3.635265700483092,261.34318936877077,0.35865874363327677,0.3293718166383701,0.03514431239388795,3,False,False,False,False,False,True,False,False,False,False,False,False,False,False,True,False,True,False,False,False,False,False,False,False,False,False,False,False,False,False,False,False,False,False,False,False,True,False
Model Y,2022,75540.09,49.6,150.0,293.4,5.78,154.0,490.0,455.0,5,23.0,1503.0,5,2,455317,3.27,6,3.0241935483870965,503.6006,0.3260146373918829,0.302727877578177,0.033000665335994675,4,True,False,False,False,False,False,False,False,False,False,False,True,False,False,True,False,False,False,False,False,False,False,False,False,False,False,False,False,False,True,False,False,False,False,False,False,False,False
Model S,2025,135540.84,85.8,296.0,299.2,3.77,188.0,1000.0,854.0,5,61.5,2369.0,5,3,108193,3.98,5,3.44988344988345,457.90824324324325,0.42211903756859437,0.3604896580835796,0.03621781342338539,1,False,True,False,True,False,False,False,False,False,False,False,True,True,False,False,False,False,False,False,False,False,False,False,False,False,False,False,False,False,True,False,False,False,False,False,True,False,False
Seagull,2024,24520.21,71.2,253.0,57.5,6.21,159.0,228.0,201.0,7,33.7,1739.0,5,1,191198,3.48,5,3.553370786516854,96.91782608695652,0.1311098332374928,0.11558366877515813,0.04094307073030477,2,False,False,True,False,False,False,False,False,False,False,False,False,False,False,False,False,True,False,False,False,False,False,False,False,False,False,False,False,False,False,False,False,False,False,False,False,False,False
Model Y,2026,113350.86,73.5,268.0,207.2,6.51,155.0,835.0,807.0,7,17.4,1500.0,5,2,463970,3.62,6,3.6462585034013606,422.95097014925375,0.5566666666666666,0.538,0.049,0,True,False,False,False,True,False,False,False,False,False,False,True,True,False,False,False,False,False,False,False,False,False,False,False,False,False,False,False,False,True,False,False,False,False,False,False,False,False
Q6 e-tron,2025,80914.99,67.4,220.0,55.8,5.13,178.0,484.0,414.0,5,30.0,1500.0,5,1,22856,3.44,7,3.264094955489614,367.7954090909091,0.32266666666666666,0.276,0.04493333333333334,1,True,False,False,False,True,False,False,True,False,False,False,False,False,False,True,False,False,False,False,False,False,False,False,False,False,False,False,False,False,False,False,False,False,False,False,False,False,False
Model X,2023,84447.94,72.5,255.0,322.2,3.35,200.0,602.0,569.0,5,36.6,1535.0,4,2,103295,3.51,6,3.5172413793103448,331.16839215686275,0.39218241042345275,0.3706840390879479,0.04723127035830619,3,True,False,False,False,True,False,False,False,False,False,False,True,False,False,True,False,False,False,False,False,False,False,False,False,False,False,False,False,False,True,False,False,False,False,False,True,False,False
Ioniq,2024,31858.49,76.6,274.0,140.3,5.5,171.0,286.0,243.0,7,24.0,1538.0,3,0,89552,3.4,5,3.5770234986945173,116.27186131386861,0.1859557867360208,0.15799739921976594,0.04980494148244473,2,True,False,True,False,False,False,False,False,False,True,False,False,False,False,False,False,False,False,False,False,False,True,False,False,False,False,False,False,False,False,False,False,False,False,False,False,False,False
ID.5,2025,70801.47,60.4,204.0,126.5,7.51,137.0,785.0,727.0,7,66.5,1837.0,5,0,299914,3.54,4,3.377483443708609,347.0660294117647,0.42732716385410996,0.39575394665215025,0.03287969515514426,1,True,False,False,True,False,False,False,True,False,False,False,False,False,False,True,False,False,False,False,False,False,False,False,False,False,False,False,False,False,False,False,True,False,False,False,False,False,True
4,2025,80679.27,41.3,155.0,112.6,5.25,170.0,456.0,427.0,5,33.2,1818.0,5,0,7428,3.03,4,3.7530266343825667,520.5114193548387,0.2508250825082508,0.23487348734873487,0.022717271727172715,1,False,False,True,False,False,False,False,False,False,False,True,False,False,False,True,False,False,False,False,False,False,False,False,False,False,False,True,False,False,False,False,False,False,False,False,False,False,True
Model S,2025,29088.57,79.3,262.0,230.9,6.43,148.0,150.0,200.0,7,79.5,1535.0,5,2,173989,4.17,6,3.3039092055485497,111.02507633587786,0.09771986970684039,0.13029315960912052,0.05166123778501629,1,True,False,False,False,False,False,True,False,False,False,False,True,False,False,False,False,False,False,False,False,False,False,False,False,False,False,False,False,False,True,False,False,False,False,False,False,False,False
ID.3,2026,57231.82,83.1,283.0,81.4,4.75,170.0,586.0,546.0,7,69.5,1604.0,4,1,290062,3.77,4,3.4055354993983156,202.23257950530035,0.3653366583541147,0.3403990024937656,0.05180798004987531,0,False,True,False,False,False,False,True,True,False,False,False,False,False,True,False,False,False,False,False,False,False,False,False,False,False,False,False,False,False,False,False,True,False,False,True,False,False,False
Ronin,2025,67039.1,75.0,271.0,92.9,7.99,127.0,473.0,448.0,7,30.8,1735.0,5,1,2336,3.5,5,3.6133333333333333,247.3767527675277,0.27262247838616716,0.25821325648414983,0.043227665706051875,1,False,False,False,False,False,False,False,False,False,False,False,True,False,False,True,False,False,True,False,False,False,False,False,False,False,False,False,False,False,False,False,False,False,False,False,False,True,False
EQG,2024,72880.75,63.7,235.0,106.4,7.57,133.0,273.0,269.0,5,69.4,2466.0,4,1,46123,3.85,5,3.6891679748822606,310.13085106382977,0.11070559610705596,0.10908353609083536,0.025831305758313057,2,False,True,False,False,False,True,False,True,False,False,False,False,False,False,True,False,False,False,False,False,False,False,False,False,True,False,False,False,False,False,False,False,False,False,False,False,False,False
E-Transit,2024,81884.76,79.5,280.0,54.3,7.91,134.0,950.0,893.0,5,22.8,1998.0,3,1,49332,3.58,4,3.5220125786163523,292.4455714285714,0.4754754754754755,0.4469469469469469,0.03978978978978979,2,False,False,True,False,False,False,False,False,False,False,False,True,False,False,True,False,False,False,True,False,False,False,False,False,False,False,False,False,False,False,False,False,False,False,False,False,True,False
Dolphin,2024,27229.19,64.8,227.0,133.2,7.27,144.0,326.0,301.0,5,28.0,1522.0,5,0,118103,3.49,4,3.5030864197530867,119.95237885462555,0.21419185282522996,0.19776609724047306,0.04257555847568988,2,True,False,True,False,False,False,False,False,False,False,False,False,False,False,False,False,True,False,False,False,False,False,False,False,False,False,False,False,False,False,False,False,False,False,False,False,False,False
Cybertruck,2022,39719.77,75.3,297.0,204.3,3.65,200.0,277.0,273.0,5,70.2,2610.0,5,2,220959,4.0,5,3.944223107569721,133.7365993265993,0.10613026819923371,0.10459770114942529,0.028850574712643677,4,False,False,False,False,False,True,False,False,False,False,False,True,False,True,False,False,False,False,False,False,False,False,False,False,False,False,False,False,False,True,False,False,False,False,False,True,False,False
i4,2024,83737.7,90.9,331.0,92.1,5.78,166.0,611.0,530.0,5,22.8,1527.0,4,2,68789,3.44,6,3.641364136413641,252.98398791540785,0.40013097576948264,0.3470857891290111,0.05952848722986248,2,True,False,False,False,True,False,False,True,False,False,False,False,False,False,True,True,False,False,False,False,False,False,False,False,False,False,False,False,False,False,False,False,False,False,True,False,False,False
R2,2025,104305.19,112.7,429.0,159.1,3.37,200.0,1000.0,875.0,7,29.3,1500.0,4,1,26219,4.08,6,3.8065661047027506,243.13564102564104,0.6666666666666666,0.5833333333333334,0.07513333333333333,1,True,False,True,False,False,False,False,False,False,False,False,True,True,False,False,False,False,False,False,False,False,False,False,False,False,False,False,False,True,False,False,False,False,False,False,True,False,False
EV6,2025,107335.21,101.2,372.0,208.4,3.71,187.0,1000.0,911.0,5,63.5,2775.0,5,0,56222,3.63,5,3.675889328063241,288.5355107526882,0.36036036036036034,0.32828828828828827,0.03646846846846847,1,False,False,False,False,False,True,False,False,False,True,False,False,True,False,False,False,False,False,False,False,False,False,True,False,False,False,False,False,False,False,False,False,False,False,False,True,False,False
Picanto EV,2026,38689.25,93.0,330.0,69.7,5.24,173.0,322.0,295.0,7,67.4,1906.0,3,1,112175,3.57,4,3.5483870967741935,117.24015151515151,0.1689401888772298,0.1547743966421826,0.04879328436516264,0,True,False,False,True,False,False,False,False,False,True,False,False,False,True,False,False,False,False,False,False,False,False,True,False,False,False,False,False,False,False,False,False,False,False,True,False,False,False
Dolphin,2025,45068.52,56.6,195.0,112.5,5.42,162.0,472.0,438.0,5,18.0,1566.0,5,0,196546,3.22,5,3.4452296819787986,231.12061538461538,0.30140485312899107,0.2796934865900383,0.03614303959131546,1,False,True,False,False,True,False,False,False,False,False,False,False,False,True,False,False,True,False,False,False,False,False,False,False,False,False,False,False,False,False,False,False,False,False,False,False,False,True
E-Transit,2023,38404.42,49.1,193.0,124.0,6.99,148.0,300.0,298.0,5,79.1,3000.0,3,1,49683,3.43,4,3.930753564154786,198.98663212435233,0.1,0.09933333333333333,0.016366666666666668,3,True,False,False,False,False,True,False,False,False,False,False,True,False,True,False,False,False,False,True,False,False,False,False,False,False,False,False,False,False,False,False,False,False,False,False,False,False,True
Model S,2025,47711.51,47.2,173.0,321.6,5.99,154.0,308.0,261.0,5,26.8,1500.0,4,2,180408,3.58,5,3.6652542372881354,275.7890751445087,0.20533333333333334,0.174,0.03146666666666667,1,True,False,False,False,True,False,False,False,False,False,False,True,False,True,False,False,False,False,False,False,False,False,False,False,False,False,False,False,False,True,False,False,False,False,False,False,False,True
Dolphin,2023,77360.56,106.1,386.0,136.6,4.88,176.0,878.0,785.0,7,52.9,2502.0,5,1,154361,3.89,4,3.638077285579642,200.41595854922278,0.35091926458832934,0.3137490007993605,0.04240607513988809,3,False,True,False,False,False,True,False,False,False,False,False,False,False,False,True,False,True,False,False,False,False,False,False,False,False,False,False,False,False,False,False,False,False,False,True,False,False,False
ID. Buzz,2024,65767.18,48.6,159.0,110.2,7.4,137.0,635.0,584.0,7,66.8,1591.0,5,0,214102,3.4,5,3.271604938271605,413.63006289308174,0.399120050282841,0.3670647391577624,0.030546825895663106,2,True,False,False,False,False,False,True,True,False,False,False,False,False,False,True,False,False,False,False,False,False,False,False,False,False,False,False,False,False,False,False,True,False,False,False,False,False,False
Ioniq 6,2025,72308.96,49.7,167.0,107.3,6.71,150.0,906.0,841.0,5,64.1,1602.0,3,0,143294,3.17,4,3.3601609657947686,432.98778443113775,0.5655430711610487,0.5249687890137328,0.031023720349563046,1,False,False,False,False,False,False,True,False,False,True,False,False,False,False,True,False,False,False,False,False,False,True,False,False,False,False,False,False,False,False,False,False,False,False,False,False,True,False
Leaf 50X,2021,86937.42,114.7,426.0,245.8,4.0,200.0,961.0,894.0,7,35.9,1500.0,5,1,145646,4.13,4,3.7140366172624235,204.07845070422536,0.6406666666666667,0.596,0.07646666666666667,5,True,False,False,False,True,False,False,False,False,False,False,False,False,False,True,False,True,False,False,False,False,False,False,False,False,False,False,False,False,False,False,False,False,False,False,True,False,False
Model 3,2026,127646.69,65.6,239.0,238.5,6.59,154.0,936.0,844.0,7,57.6,2416.0,4,2,120535,3.74,4,3.6432926829268295,534.0865690376569,0.38741721854304634,0.34933774834437087,0.0271523178807947,0,True,False,False,True,False,False,False,False,False,False,False,True,True,False,False,False,False,False,False,False,False,False,False,False,False,False,False,False,False,True,False,False,False,False,False,False,False,True
Sportage EV,2025,37973.05,76.2,263.0,50.6,4.99,172.0,328.0,234.0,5,40.5,2061.0,4,2,66783,3.42,4,3.4514435695538057,144.3842205323194,0.1591460456089277,0.11353711790393013,0.03697234352256187,1,False,True,False,True,False,False,False,False,False,True,False,False,False,True,False,False,False,False,False,False,False,False,True,False,False,False,False,False,False,False,False,False,False,False,True,False,False,False
Atto 3,2023,48954.46,94.7,326.0,56.1,4.75,184.0,512.0,464.0,5,74.0,1616.0,5,1,200483,3.75,4,3.4424498416050686,150.16705521472392,0.31683168316831684,0.2871287128712871,0.058601485148514855,3,False,False,False,False,False,False,True,False,False,False,False,False,False,True,False,False,True,False,False,False,False,False,False,False,False,False,False,False,False,False,False,False,False,False,True,False,False,False
EV9,2021,60641.55,109.9,404.0,83.4,5.66,168.0,698.0,655.0,5,57.2,2142.0,5,2,116742,3.9,5,3.67606915377616,150.10284653465348,0.3258636788048553,0.3057889822595705,0.051307189542483665,5,False,False,False,True,False,False,False,False,False,True,False,False,False,True,False,False,False,False,False,False,False,False,True,False,False,False,False,False,False,False,False,False,False,False,True,False,False,False
Model S,2025,89182.57,108.7,358.0,299.9,5.62,158.0,683.0,643.0,5,69.3,2123.0,4,2,161378,4.0,6,3.293468261269549,249.11332402234638,0.32171455487517664,0.3028732925105982,0.051201130475741874,1,True,False,False,False,False,True,False,False,False,False,False,True,False,False,True,False,False,False,False,False,False,False,False,False,False,False,False,False,False,True,False,False,False,False,True,False,False,False
Ioniq 5,2024,41142.11,53.2,176.0,90.5,5.85,160.0,367.0,339.0,5,17.5,1865.0,4,1,133250,3.71,4,3.308270676691729,233.76198863636364,0.1967828418230563,0.18176943699731904,0.028525469168900804,2,False,False,True,False,False,False,False,False,False,True,False,False,False,True,False,False,False,False,False,False,False,True,False,False,False,False,False,False,False,False,False,False,False,False,False,False,True,False
Ioniq 5,2025,49595.48,75.1,260.0,73.9,4.53,187.0,496.0,428.0,5,18.4,1805.0,5,0,108288,3.54,4,3.4620505992010657,190.75184615384617,0.27479224376731304,0.2371191135734072,0.041606648199445984,1,False,True,False,False,False,False,False,False,False,True,False,False,False,True,False,False,False,False,False,False,False,True,False,False,False,False,False,False,False,False,False,False,False,False,True,False,False,False
Model S,2025,99045.61,69.9,238.0,316.4,7.86,125.0,716.0,620.0,5,60.9,2154.0,4,3,134937,3.58,5,3.40486409155937,416.158025210084,0.33240482822655526,0.2878365831012071,0.032451253481894156,1,True,False,False,True,False,False,False,False,False,False,False,True,False,False,True,False,False,False,False,False,False,False,False,False,False,False,False,False,False,True,False,False,False,False,False,False,False,False
Leaf 50X,2024,68838.03,48.9,180.0,88.2,6.45,147.0,757.0,719.0,7,19.4,1666.0,4,0,173863,3.01,5,3.6809815950920246,382.4335,0.45438175270108044,0.43157262905162064,0.02935174069627851,2,True,False,False,False,False,False,False,False,False,False,False,False,False,False,True,False,True,False,False,False,False,False,False,False,False,False,False,False,False,False,False,False,False,False,False,False,False,True
Model 3,2024,54793.42,108.6,395.0,265.4,4.22,191.0,350.0,288.0,5,20.8,1657.0,4,3,136524,4.42,6,3.637200736648251,138.71751898734178,0.2112251056125528,0.17380808690404345,0.06554013277006639,2,True,False,True,False,False,False,False,False,False,False,False,True,False,True,False,False,False,False,False,False,False,False,False,False,False,False,False,False,False,True,False,False,False,False,True,False,False,False
Cybertruck,2025,160711.64,76.8,290.0,265.0,6.64,153.0,1000.0,885.0,5,67.5,2776.0,5,2,208796,3.95,5,3.776041666666667,554.1780689655172,0.36023054755043227,0.3188040345821326,0.0276657060518732,1,False,False,False,False,False,True,False,False,False,False,False,True,True,False,False,False,False,False,False,False,False,False,False,False,False,False,False,False,False,True,False,False,False,False,False,False,True,False
C40 Recharge,2026,68234.87,75.5,251.0,127.0,5.73,165.0,493.0,456.0,5,41.7,2235.0,4,0,22605,3.33,3,3.3245033112582782,271.8520717131474,0.22058165548098435,0.2040268456375839,0.03378076062639821,0,True,False,False,True,False,False,False,False,False,False,True,False,False,False,True,False,False,False,False,False,False,False,False,False,False,False,False,False,False,False,False,False,True,False,True,False,False,False
Atto 3,2023,53518.98,71.2,260.0,109.6,6.1,153.0,632.0,516.0,7,28.5,1500.0,4,2,222794,3.15,4,3.651685393258427,205.84223076923078,0.42133333333333334,0.344,0.04746666666666667,3,True,False,True,False,False,False,False,False,False,False,False,False,False,True,False,False,True,False,False,False,False,False,False,False,False,False,False,False,False,False,False,False,False,False,False,False,False,False
E-Transit,2025,43156.03,81.3,293.0,146.7,7.18,139.0,341.0,288.0,5,65.4,1526.0,4,2,34530,3.75,4,3.6039360393603936,147.290204778157,0.22346002621231978,0.18872870249017037,0.05327653997378768,1,True,False,False,False,False,False,True,False,False,False,False,True,False,True,False,False,False,False,True,False,False,False,False,False,False,False,False,False,False,False,False,False,False,False,False,False,False,True
Leaf 50X,2021,44708.41,55.8,204.0,97.6,7.34,146.0,492.0,419.0,7,18.7,1500.0,4,0,132992,3.34,4,3.655913978494624,219.15887254901963,0.328,0.2793333333333333,0.0372,5,False,True,True,False,False,False,False,False,False,False,False,False,False,True,False,False,True,False,False,False,False,False,False,False,False,False,False,False,False,False,False,False,False,False,False,False,False,False
i7,2022,115394.15,98.5,343.0,61.0,4.94,167.0,1000.0,863.0,5,18.5,1500.0,5,1,58674,3.4,5,3.482233502538071,336.4260932944606,0.6666666666666666,0.5753333333333334,0.06566666666666666,4,False,False,False,False,True,False,False,True,False,False,False,False,True,False,False,True,False,False,False,False,False,False,False,False,False,False,False,False,False,False,False,False,False,False,True,False,False,False
Bolt EUV,2025,38010.06,62.7,226.0,57.0,7.27,137.0,303.0,283.0,7,27.0,1852.0,4,2,16274,3.18,4,3.6044657097288675,168.18610619469027,0.16360691144708422,0.15280777537796977,0.03385529157667387,1,False,True,True,False,False,False,False,False,False,False,False,True,False,True,False,False,False,False,False,True,False,False,False,False,False,False,False,False,False,False,False,False,False,False,False,False,False,False
EV6,2024,70386.61,70.9,215.0,57.3,5.02,168.0,727.0,681.0,5,38.7,1504.0,4,0,72998,3.35,4,3.032440056417489,327.37958139534885,0.4833776595744681,0.45279255319148937,0.04714095744680851,2,False,True,False,False,True,False,False,False,False,True,False,False,False,False,True,False,False,False,False,False,False,False,True,False,False,False,False,False,False,False,False,False,False,False,False,False,False,True
Ioniq,2022,67747.05,89.8,333.0,82.6,4.95,173.0,779.0,667.0,5,29.8,1778.0,5,2,100096,3.57,4,3.7082405345211584,203.4445945945946,0.438132733408324,0.375140607424072,0.050506186726659165,4,False,False,False,False,False,False,False,False,False,True,False,False,False,False,True,False,False,False,False,False,False,True,False,False,False,False,False,False,False,False,False,False,False,False,True,False,False,False
ID.4,2024,78109.65,110.5,383.0,158.6,2.78,200.0,886.0,783.0,7,78.0,2339.0,5,0,260956,3.68,4,3.4660633484162897,203.94164490861618,0.3787943565626336,0.3347584437793929,0.04724241128687473,2,True,False,False,False,False,True,False,True,False,False,False,False,False,False,True,False,False,False,False,False,False,False,False,False,False,False,False,False,False,False,False,True,False,False,False,True,False,False
Max,2025,23230.02,80.6,262.0,77.9,6.83,151.0,173.0,200.0,5,71.2,1500.0,5,0,183226,3.75,4,3.250620347394541,88.66419847328244,0.11533333333333333,0.13333333333333333,0.05373333333333333,1,False,False,False,False,False,False,True,False,False,False,False,False,False,False,False,False,True,False,False,False,False,False,False,False,False,False,False,False,False,False,False,False,False,False,False,False,False,False
R1S,2026,87078.44,72.1,262.0,114.3,6.22,150.0,1000.0,898.0,5,28.0,1649.0,5,0,21561,3.72,5,3.633841886269071,332.36045801526717,0.6064281382656155,0.5445724681625227,0.04372346876895088,0,False,True,False,False,False,False,False,False,False,False,False,True,False,False,True,False,False,False,False,False,False,False,False,False,False,False,False,False,True,False,False,False,False,False,False,False,False,True
EQG,2023,133058.62,89.4,309.0,123.4,5.84,158.0,777.0,661.0,7,65.8,2651.0,5,1,29039,3.99,8,3.4563758389261743,430.6104207119741,0.2930969445492267,0.24933987174651076,0.03372312334967937,3,False,False,False,False,False,True,False,True,False,False,False,False,True,False,False,False,False,False,False,False,False,False,False,False,True,False,False,False,False,False,False,False,False,False,True,False,False,False
Ronin,2026,89077.35,81.7,286.0,60.9,6.38,155.0,727.0,707.0,5,33.3,1746.0,4,2,28442,3.61,5,3.500611995104039,311.4592657342657,0.4163802978235968,0.40492554410080184,0.04679266895761741,0,True,False,False,False,False,False,False,False,False,False,False,True,False,False,True,False,False,True,False,False,False,False,False,False,False,False,False,False,False,False,False,False,False,False,False,False,False,False
Model 3,2025,106221.52,66.8,251.0,322.1,7.55,134.0,785.0,681.0,7,24.8,1593.0,4,2,106799,3.65,5,3.75748502994012,423.1933067729084,0.49278091650973005,0.4274952919020716,0.04193345888261142,1,False,False,False,False,True,False,False,False,False,False,False,True,True,False,False,False,False,False,False,False,False,False,False,False,False,False,False,False,False,True,False,False,False,False,False,False,True,False
Bolt EV,2024,59253.96,56.6,223.0,145.1,5.33,160.0,753.0,666.0,7,64.0,2655.0,5,2,22516,3.7,4,3.939929328621908,265.7128251121076,0.28361581920903955,0.25084745762711863,0.021318267419962334,2,False,True,False,False,False,True,False,False,False,False,False,True,False,True,False,False,False,False,False,True,False,False,False,False,False,False,False,False,False,False,False,False,False,False,False,False,False,True
ET6,2025,70152.19,44.1,160.0,64.9,5.79,156.0,523.0,459.0,7,60.4,2579.0,5,0,21427,3.0,3,3.6281179138321993,438.4511875,0.20279177975959675,0.17797595967429236,0.01709965102753005,1,False,False,False,False,False,True,False,False,False,False,False,False,False,False,True,False,False,False,False,False,False,False,False,False,False,True,False,False,False,False,False,False,False,False,False,False,False,True
Model X,2022,45367.75,80.8,287.0,280.7,7.63,134.0,319.0,269.0,5,32.8,1627.0,5,2,112809,3.72,5,3.5519801980198022,158.07578397212544,0.19606637984019668,0.16533497234173325,0.0496619545175169,4,True,False,False,False,True,False,False,False,False,False,False,True,False,True,False,False,False,False,False,False,False,False,False,False,False,False,False,False,False,True,False,False,False,False,False,False,False,True
Cybertruck,2026,101101.42,71.8,255.0,345.4,5.47,163.0,743.0,693.0,5,58.6,2449.0,3,2,118722,3.89,5,3.551532033426184,396.4761568627451,0.30338913842384646,0.2829726418946509,0.029318089015924868,0,False,True,False,False,False,True,False,False,False,False,False,True,True,False,False,False,False,False,False,False,False,False,False,False,False,False,False,False,False,True,False,False,False,False,False,False,False,False
Silverado EV,2024,71690.64,77.9,282.0,184.2,2.81,200.0,1000.0,943.0,5,36.0,1500.0,4,1,26479,3.38,3,3.6200256739409498,254.22212765957445,0.6666666666666666,0.6286666666666667,0.05193333333333334,2,False,False,False,False,True,False,False,False,False,False,False,True,False,False,True,False,False,False,False,True,False,False,False,False,False,False,False,False,False,False,False,False,False,False,False,True,False,False
EV6,2026,65902.95,59.6,203.0,101.4,7.56,132.0,701.0,645.0,5,19.5,1918.0,4,1,95119,3.3,4,3.4060402684563758,324.6450738916256,0.3654848800834202,0.3362877997914494,0.0310740354535975,0,False,False,False,False,True,False,False,False,False,True,False,False,False,False,True,False,False,False,False,False,False,False,True,False,False,False,False,False,False,False,False,False,False,False,False,False,False,False
GLE EV,2024,178911.77,79.7,265.0,204.2,4.48,187.0,1000.0,924.0,5,71.7,2315.0,4,2,68804,3.85,6,3.3249686323713927,675.1387547169811,0.4319654427645788,0.39913606911447086,0.03442764578833694,2,False,False,False,False,False,True,False,True,False,False,False,False,True,False,False,False,False,False,False,False,False,False,False,False,True,False,False,False,False,False,False,False,False,False,False,True,False,False
Model Y,2025,97027.38,108.3,372.0,265.9,5.23,170.0,708.0,592.0,5,60.6,2443.0,5,2,401761,4.12,4,3.434903047091413,260.82629032258063,0.2898076135898485,0.24232501023331968,0.044330740892345476,1,False,True,False,False,False,True,False,False,False,False,False,True,False,False,True,False,False,False,False,False,False,False,False,False,False,False,False,False,False,True,False,False,False,False,True,False,False,False
F-150 Lightning,2025,53281.67,84.7,295.0,89.2,5.45,173.0,587.0,498.0,4,66.6,2590.0,4,0,59310,3.42,4,3.4828807556080283,180.61583050847457,0.22664092664092664,0.19227799227799228,0.0327027027027027,1,True,False,False,False,False,True,False,False,False,False,False,True,False,True,False,False,False,False,True,False,False,False,False,False,False,False,False,False,False,False,False,False,False,False,True,False,False,False
Model Y,2023,53432.36,79.6,289.0,218.5,6.41,146.0,397.0,369.0,7,31.6,1500.0,5,2,490497,3.93,6,3.6306532663316586,184.8870588235294,0.26466666666666666,0.246,0.053066666666666665,3,False,False,False,False,False,False,False,False,False,False,False,True,False,True,False,False,False,False,False,False,False,False,False,False,False,False,False,False,False,True,False,False,False,False,False,False,False,True
Model X,2025,92231.53,76.0,264.0,230.5,5.11,177.0,643.0,559.0,5,79.3,1571.0,4,2,226342,3.56,5,3.473684210526316,349.36185606060604,0.4092934436664545,0.35582431572246975,0.0483768300445576,1,True,False,False,False,False,False,True,False,False,False,False,True,False,False,True,False,False,False,False,False,False,False,False,False,False,False,False,False,False,True,False,False,False,False,True,False,False,False
Model X,2024,125065.93,50.7,159.0,274.5,5.27,172.0,917.0,842.0,7,34.8,1620.0,4,2,243623,3.24,6,3.136094674556213,786.5781761006289,0.5660493827160494,0.519753086419753,0.0312962962962963,2,False,True,True,False,False,False,False,False,False,False,False,True,True,False,False,False,False,False,False,False,False,False,False,False,False,False,False,False,False,True,False,False,False,False,False,False,False,True
F-150 Lightning,2020,67768.09,83.3,291.0,91.9,4.58,173.0,752.0,718.0,2,54.9,2624.0,5,0,25258,3.54,4,3.4933973589435774,232.88003436426115,0.2865853658536585,0.2736280487804878,0.03174542682926829,6,True,False,False,False,False,True,False,False,False,False,False,True,False,False,True,False,False,False,True,False,False,False,False,False,False,False,False,False,False,False,False,False,False,False,True,False,False,False
i3,2026,62674.5,70.6,211.0,55.7,6.14,160.0,342.0,306.0,5,18.0,1500.0,3,1,61611,3.24,6,2.9886685552407934,297.03554502369667,0.228,0.204,0.04706666666666666,0,True,False,False,False,False,False,False,True,False,False,False,False,False,True,False,True,False,False,False,False,False,False,False,False,False,False,False,False,False,False,False,False,False,False,False,False,False,True
Kona Electric,2023,40702.92,77.5,277.0,76.4,4.65,183.0,398.0,317.0,5,61.4,2484.0,4,1,128695,3.64,4,3.574193548387097,146.94194945848375,0.16022544283413848,0.12761674718196458,0.031199677938808373,3,False,False,False,True,False,False,False,False,False,True,False,False,False,True,False,False,False,False,False,False,False,True,False,False,False,False,False,False,False,False,False,False,False,False,True,False,False,False
ID. Buzz,2026,50055.73,71.2,256.0,121.7,7.42,140.0,445.0,413.0,7,37.1,1500.0,5,0,296123,3.65,3,3.595505617977528,195.5301953125,0.2966666666666667,0.2753333333333333,0.04746666666666667,0,False,True,True,False,False,False,False,True,False,False,False,False,False,True,False,False,False,False,False,False,False,False,False,False,False,False,False,False,False,False,False,True,False,False,False,False,True,False
e-tron GT,2023,67690.27,64.3,232.0,90.1,6.29,158.0,335.0,307.0,5,19.6,1806.0,4,1,63429,3.38,5,3.6080870917573873,291.7684051724138,0.18549280177187155,0.1699889258028793,0.03560354374307863,3,False,True,False,False,True,False,False,True,False,False,False,False,False,False,True,False,False,False,False,False,False,False,False,False,False,False,False,False,False,False,False,False,False,False,False,False,False,False
ID.3,2024,37557.87,86.2,299.0,109.8,4.74,175.0,291.0,288.0,7,33.1,1738.0,5,0,247190,3.68,4,3.468677494199536,125.61160535117058,0.167433831990794,0.16570771001150747,0.049597238204833145,2,True,False,False,False,False,False,False,True,False,False,False,False,False,True,False,False,False,False,False,False,False,False,False,False,False,False,False,False,False,False,False,True,False,False,True,False,False,False
E-Transit,2024,48328.54,81.9,268.0,116.4,7.97,132.0,460.0,436.0,7,69.5,2108.0,4,0,34857,3.47,3,3.272283272283272,180.33037313432837,0.21821631878557876,0.20683111954459202,0.03885199240986718,2,False,False,False,True,False,False,False,False,False,False,False,True,False,True,False,False,False,False,True,False,False,False,False,False,False,False,False,False,False,False,False,False,False,False,False,False,False,True
ID. Aero,2025,102771.71,104.2,392.0,112.5,5.33,174.0,1000.0,854.0,5,77.2,2045.0,4,1,235887,3.78,5,3.761996161228407,262.17272959183674,0.4889975550122249,0.4176039119804401,0.05095354523227384,1,True,False,False,False,False,False,True,True,False,False,False,False,True,False,False,False,False,False,False,False,False,False,False,False,False,False,False,False,False,False,False,True,False,False,True,False,False,False
ID. Aero,2025,97037.17,79.8,284.0,132.3,5.42,167.0,1000.0,875.0,5,32.1,1540.0,4,0,292071,3.47,4,3.5588972431077694,341.68017605633804,0.6493506493506493,0.5681818181818182,0.05181818181818182,1,False,True,False,False,False,False,False,True,False,False,False,False,False,False,True,False,False,False,False,False,False,False,False,False,False,False,False,False,False,False,False,True,False,False,True,False,False,False
i30,2025,81032.96,109.2,372.0,121.6,5.8,171.0,1000.0,882.0,7,31.9,1543.0,5,2,132543,3.49,4,3.4065934065934065,217.8305376344086,0.6480881399870383,0.5716137394685677,0.07077122488658458,1,False,True,False,False,False,False,False,False,False,True,False,False,False,False,True,False,False,False,False,False,False,True,False,False,False,False,False,False,False,False,False,False,False,False,True,False,False,False
Atto 3,2024,53347.12,78.9,277.0,62.8,4.71,182.0,623.0,633.0,7,22.9,1500.0,5,1,234710,3.53,5,3.5107731305449934,192.588880866426,0.41533333333333333,0.422,0.0526,2,False,False,False,False,True,False,False,False,False,False,False,False,False,True,False,False,True,False,False,False,False,False,False,False,False,False,False,False,False,False,False,False,False,False,True,False,False,False
Silverado EV,2022,39747.92,47.2,152.0,54.7,6.56,152.0,376.0,332.0,7,76.5,1622.0,5,0,29407,3.09,4,3.2203389830508473,261.4994736842105,0.2318125770653514,0.20468557336621454,0.029099876695437732,4,True,False,False,False,False,False,True,False,False,False,False,True,False,True,False,False,False,False,False,True,False,False,False,False,False,False,False,False,False,False,False,False,False,False,False,False,False,False
Ioniq,2025,59265.27,76.5,288.0,123.1,5.71,166.0,648.0,577.0,5,77.9,1500.0,5,0,55296,3.41,4,3.764705882352941,205.7821875,0.432,0.38466666666666666,0.051,1,False,False,False,False,False,False,True,False,False,True,False,False,False,True,False,False,False,False,False,False,False,True,False,False,False,False,False,False,False,False,False,False,False,False,False,False,False,True
Dolphin,2025,24263.38,90.6,313.0,69.6,5.85,165.0,236.0,233.0,7,35.3,1702.0,4,2,185360,3.79,3,3.4547461368653423,77.51878594249202,0.13866039952996476,0.13689776733254994,0.05323149236192714,1,True,False,False,False,False,False,False,False,False,False,False,False,False,False,False,False,True,False,False,False,False,False,False,False,False,False,False,False,False,False,False,False,False,False,True,False,False,False
Q6 e-tron,2023,103373.32,48.0,165.0,87.7,6.98,147.0,784.0,695.0,5,39.7,1652.0,4,1,46342,3.62,5,3.4375,626.5049696969697,0.4745762711864407,0.42070217917675545,0.029055690072639227,3,False,False,False,False,True,False,False,True,False,False,False,False,True,False,False,False,False,False,False,False,False,False,False,False,False,False,False,False,False,False,False,False,False,False,False,False,False,False
ID. Buzz,2025,65624.38,83.8,327.0,93.1,5.42,166.0,665.0,569.0,5,23.0,1849.0,5,1,228265,3.75,3,3.902147971360382,200.6861773700306,0.35965386695511087,0.30773391022174146,0.04532179556517036,1,True,False,False,False,True,False,False,True,False,False,False,False,False,False,True,False,False,False,False,False,False,False,False,False,False,False,False,False,False,False,False,True,False,False,False,False,False,False
EV6,2025,34297.3,40.9,150.0,108.0,6.15,156.0,241.0,200.0,7,34.3,1500.0,4,1,124108,3.31,4,3.6674816625916873,228.64866666666668,0.16066666666666668,0.13333333333333333,0.027266666666666665,1,False,False,False,False,False,False,False,False,False,True,False,False,False,False,False,False,False,False,False,False,False,False,True,False,False,False,False,False,False,False,False,False,False,False,False,False,False,False
Q6 e-tron,2023,94046.97,47.5,160.0,109.3,6.08,155.0,683.0,576.0,5,56.0,2616.0,5,2,36637,3.22,7,3.3684210526315788,587.7935625,0.261085626911315,0.22018348623853212,0.01815749235474006,3,False,False,False,False,False,True,False,True,False,False,False,False,False,False,True,False,False,False,False,False,False,False,False,False,False,False,False,False,False,False,False,False,False,False,False,False,True,False
i5,2024,85524.8,65.2,228.0,67.6,6.42,154.0,634.0,525.0,7,57.5,1949.0,5,2,61102,3.24,7,3.496932515337423,375.10877192982457,0.32529502308876346,0.2693689071318625,0.03345305284761416,2,False,False,False,True,False,False,False,True,False,False,False,False,False,False,True,True,False,False,False,False,False,False,False,False,False,False,False,False,False,False,False,False,False,False,False,False,False,False
Model 3,2025,37324.82,100.2,350.0,328.5,5.1,169.0,239.0,219.0,5,37.6,1636.0,3,2,182729,3.94,6,3.493013972055888,106.64234285714285,0.1460880195599022,0.13386308068459657,0.06124694376528118,1,False,True,False,False,False,False,False,False,False,False,False,True,False,True,False,False,False,False,False,False,False,False,False,False,False,False,False,False,False,True,False,False,False,False,True,False,False,False
EL8,2023,65637.97,69.5,270.0,97.9,5.86,162.0,521.0,458.0,5,34.1,1846.0,5,0,24026,3.35,4,3.884892086330935,243.1035925925926,0.2822318526543879,0.24810400866738894,0.037648970747562294,3,True,False,True,False,False,False,False,False,False,False,False,False,False,False,True,False,False,False,False,False,False,False,False,False,False,True,False,False,False,False,False,False,False,False,False,False,False,True
i3,2023,86679.02,53.8,171.0,60.4,7.04,146.0,639.0,621.0,5,80.0,2454.0,5,2,68670,3.23,6,3.1784386617100373,506.89485380116963,0.2603911980440098,0.2530562347188264,0.021923390383048084,3,False,False,False,False,False,True,False,True,False,False,False,False,False,False,True,True,False,False,False,False,False,False,False,False,False,False,False,False,False,False,False,False,False,False,False,False,True,False
Seagull,2024,18386.22,53.5,197.0,93.6,5.77,169.0,150.0,200.0,7,18.6,1500.0,4,0,194535,3.33,4,3.682242990654206,93.33106598984772,0.1,0.13333333333333333,0.035666666666666666,2,True,False,True,False,False,False,False,False,False,False,False,False,False,False,False,False,True,False,False,False,False,False,False,False,False,False,False,False,False,False,False,False,False,False,False,False,False,False
Model 3,2025,39961.09,82.4,271.0,326.0,6.94,140.0,291.0,304.0,5,35.8,1862.0,5,2,132702,3.97,6,3.2888349514563107,147.4578966789668,0.15628356605800214,0.16326530612244897,0.044253490870032226,1,False,True,True,False,False,False,False,False,False,False,False,True,False,True,False,False,False,False,False,False,False,False,False,False,False,False,False,False,False,True,False,False,False,False,False,False,False,False
F-150 Lightning,2025,71166.51,63.6,211.0,145.7,5.67,168.0,779.0,697.0,2,59.3,2632.0,4,1,29813,3.63,3,3.3176100628930816,337.2820379146919,0.2959726443768997,0.2648176291793313,0.024164133738601823,1,True,False,False,False,False,True,False,False,False,False,False,True,False,False,True,False,False,False,True,False,False,False,False,False,False,False,False,False,False,False,False,False,False,False,False,False,False,True
iX,2021,122478.25,85.4,288.0,235.7,3.68,194.0,1000.0,890.0,5,32.7,1612.0,3,1,61194,3.64,6,3.372365339578454,425.2717013888889,0.6203473945409429,0.5521091811414393,0.05297766749379653,5,False,False,True,False,False,False,False,True,False,False,False,False,True,False,False,True,False,False,False,False,False,False,False,False,False,False,False,False,False,False,False,False,False,False,False,True,False,False
Kona Electric,2025,33895.78,72.7,271.0,66.4,6.62,148.0,222.0,200.0,5,26.3,1542.0,4,2,74203,3.74,4,3.7276478679504814,125.07667896678966,0.14396887159533073,0.1297016861219196,0.04714656290531777,1,True,False,False,False,True,False,False,False,False,True,False,False,False,False,False,False,False,False,False,False,False,True,False,False,False,False,False,False,False,False,False,False,False,False,False,False,False,True
e-tron GT,2026,101046.9,80.3,301.0,125.2,5.24,174.0,736.0,669.0,5,39.5,2084.0,4,1,68624,3.78,7,3.7484433374844337,335.7039867109634,0.3531669865642994,0.3210172744721689,0.03853166986564299,0,False,True,False,True,False,False,False,True,False,False,False,False,True,False,False,False,False,False,False,False,False,False,False,False,False,False,False,False,False,False,False,False,False,False,False,False,True,False
Explorer EV,2023,42429.66,63.3,218.0,93.3,7.72,140.0,399.0,416.0,7,26.7,1767.0,3,1,37998,3.47,3,3.44391785150079,194.63146788990827,0.22580645161290322,0.2354272778720996,0.035823429541595925,3,False,False,False,False,True,False,False,False,False,False,False,True,False,True,False,False,False,False,True,False,False,False,False,False,False,False,False,False,False,False,False,False,False,False,False,False,False,True
Model X,2025,81903.39,69.1,257.0,348.4,5.35,170.0,552.0,541.0,5,20.4,1640.0,4,2,135577,3.78,5,3.719247467438495,318.69023346303504,0.33658536585365856,0.3298780487804878,0.04213414634146341,1,False,True,False,False,True,False,False,False,False,False,False,True,False,False,True,False,False,False,False,False,False,False,False,False,False,False,False,False,False,True,False,False,False,False,False,False,False,True
Max,2026,92693.85,89.9,310.0,124.3,5.7,159.0,1000.0,871.0,7,56.9,2517.0,5,0,133159,3.42,4,3.4482758620689653,299.01241935483876,0.3972983710766786,0.34604688120778704,0.03571712355979341,0,False,True,False,False,False,True,False,False,False,False,False,False,False,False,True,False,True,False,False,False,False,False,False,False,False,False,False,False,False,False,False,False,False,False,True,False,False,False
Atto 3,2026,110109.78,119.3,403.0,240.3,2.97,200.0,1000.0,912.0,7,68.8,1500.0,4,2,116675,4.19,4,3.3780385582564962,273.2252605459057,0.6666666666666666,0.608,0.07953333333333333,0,False,False,False,False,False,False,True,False,False,False,False,False,True,False,False,False,True,False,False,False,False,False,False,False,False,False,False,False,False,False,False,False,False,False,False,True,False,False
Equinox EV,2026,81491.33,73.3,257.0,131.5,7.51,145.0,1000.0,849.0,5,65.3,2230.0,3,0,15310,3.75,4,3.5061391541609823,317.0868871595331,0.4484304932735426,0.38071748878923767,0.032869955156950674,0,False,True,False,True,False,False,False,False,False,False,False,True,False,False,True,False,False,False,False,True,False,False,False,False,False,False,False,False,False,False,False,False,False,False,False,False,True,False
Cybertruck,2022,83011.59,78.2,288.0,207.7,6.44,147.0,570.0,470.0,5,64.0,2568.0,4,2,132378,4.12,5,3.682864450127877,288.2346875,0.2219626168224299,0.18302180685358255,0.03045171339563863,4,True,False,False,False,False,True,False,False,False,False,False,True,False,False,True,False,False,False,False,False,False,False,False,False,False,False,False,False,False,True,False,False,False,False,False,False,False,False
Sportage EV,2023,59926.46,66.3,219.0,99.8,6.36,162.0,687.0,676.0,7,44.7,1956.0,5,0,144832,3.14,4,3.30316742081448,273.636803652968,0.3512269938650307,0.3456032719836401,0.03389570552147239,3,False,True,False,True,False,False,False,False,False,True,False,False,False,True,False,False,False,False,False,False,False,False,True,False,False,False,False,False,False,False,False,False,False,False,False,False,True,False
F-150 Lightning,2025,44324.9,61.8,198.0,133.7,7.39,139.0,367.0,300.0,2,59.1,2675.0,4,1,57644,3.48,4,3.2038834951456314,223.86313131313133,0.137196261682243,0.11214953271028037,0.023102803738317756,1,False,False,False,False,False,True,False,False,False,False,False,True,False,True,False,False,False,False,True,False,False,False,False,False,False,False,False,False,False,False,False,False,False,False,False,False,True,False
e-tron,2025,114471.43,76.2,231.0,133.1,6.47,152.0,888.0,750.0,7,74.2,1500.0,4,2,21563,3.5,6,3.031496062992126,495.547316017316,0.592,0.5,0.050800000000000005,1,False,False,False,False,False,False,True,True,False,False,False,False,True,False,False,False,False,False,False,False,False,False,False,False,False,False,False,False,False,False,False,False,False,False,False,False,False,True
Atto 3,2026,104593.9,89.1,296.0,104.0,5.22,172.0,1000.0,908.0,5,64.3,1680.0,5,1,219672,3.59,3,3.322109988776656,353.35777027027024,0.5952380952380952,0.5404761904761904,0.05303571428571428,0,False,True,False,False,False,False,True,False,False,False,False,False,True,False,False,False,True,False,False,False,False,False,False,False,False,False,False,False,False,False,False,False,False,False,True,False,False,False
F-150 Lightning,2026,95704.24,84.6,300.0,52.9,5.0,176.0,1000.0,887.0,2,75.9,2262.0,5,0,70819,3.48,4,3.546099290780142,319.01413333333335,0.4420866489832007,0.392130857648099,0.03740053050397878,0,False,True,False,False,False,True,False,False,False,False,False,True,False,False,True,False,False,False,True,False,False,False,False,False,False,False,False,False,False,False,False,False,False,False,False,False,True,False
Cybertruck,2024,81331.26,87.0,324.0,305.0,5.93,160.0,588.0,584.0,5,77.7,2504.0,5,3,192430,3.74,6,3.7241379310344827,251.0224074074074,0.23482428115015974,0.23322683706070288,0.0347444089456869,2,False,False,False,False,False,True,False,False,False,False,False,True,False,False,True,False,False,False,False,False,False,False,False,False,False,False,False,False,False,True,False,False,False,False,True,False,False,False
GLE EV,2025,83712.42,97.4,338.0,125.5,5.85,170.0,335.0,334.0,7,67.3,1677.0,3,1,37695,3.9,5,3.470225872689938,247.66988165680473,0.1997614788312463,0.19916517590936195,0.058079904591532505,1,True,False,False,False,False,False,True,True,False,False,False,False,False,False,True,False,False,False,False,False,False,False,False,False,True,False,False,False,False,False,False,False,False,False,True,False,False,False
Model 3,2023,106795.24,45.7,163.0,310.7,5.09,178.0,739.0,638.0,5,66.8,1724.0,5,3,212365,3.61,5,3.5667396061269145,655.1855214723927,0.4286542923433875,0.3700696055684455,0.026508120649651974,3,False,True,False,False,False,False,True,False,False,False,False,True,True,False,False,False,False,False,False,False,False,False,False,False,False,False,False,False,False,True,False,False,False,False,False,False,False,True
ID. Aero,2025,92182.9,103.2,359.0,69.2,4.2,194.0,1000.0,910.0,5,20.9,1549.0,5,0,254291,3.6,3,3.4786821705426356,256.7768802228412,0.6455777921239509,0.5874757908327953,0.06662362814719174,1,True,False,False,False,True,False,False,True,False,False,False,False,False,False,True,False,False,False,False,False,False,False,False,False,False,False,False,False,False,False,False,True,False,False,True,False,False,False
Explorer EV,2025,31805.75,48.6,157.0,114.5,5.16,168.0,188.0,200.0,5,74.5,2587.0,4,0,49546,3.24,3,3.230452674897119,202.5843949044586,0.0726710475454194,0.07730962504831851,0.0187862388867414,1,False,True,False,False,False,True,False,False,False,False,False,True,False,False,False,False,False,False,True,False,False,False,False,False,False,False,False,False,False,False,False,False,False,False,False,False,False,False
Model S,2023,64307.39,44.8,171.0,301.6,6.85,147.0,475.0,444.0,7,22.8,1754.0,4,2,138801,3.7,5,3.816964285714286,376.0666081871345,0.2708095781071836,0.2531356898517674,0.025541619156214366,3,False,True,True,False,False,False,False,False,False,False,False,True,False,True,False,False,False,False,False,False,False,False,False,False,False,False,False,False,False,True,False,False,False,False,False,False,True,False
Max,2023,99850.08,105.9,400.0,137.0,5.55,171.0,1000.0,900.0,7,70.3,2608.0,5,0,207644,3.65,3,3.777148253068933,249.6252,0.3834355828220859,0.3450920245398773,0.0406058282208589,3,True,False,False,False,False,True,False,False,False,False,False,False,False,False,True,False,True,False,False,False,False,False,False,False,False,False,False,False,False,False,False,False,False,False,True,False,False,False
Blazer EV,2024,70082.06,42.6,156.0,68.7,5.71,161.0,940.0,844.0,7,27.2,1500.0,5,1,20253,3.14,3,3.6619718309859155,449.24397435897436,0.6266666666666667,0.5626666666666666,0.0284,2,False,False,True,False,False,False,False,False,False,False,False,True,False,False,True,False,False,False,False,True,False,False,False,False,False,False,False,False,False,False,False,False,False,False,False,False,True,False
Silverado EV,2024,61767.69,48.0,161.0,76.8,6.23,155.0,875.0,799.0,7,55.2,1989.0,4,0,27695,3.08,4,3.3541666666666665,383.650248447205,0.4399195575666164,0.4017094017094017,0.024132730015082957,2,True,False,False,True,False,False,False,False,False,False,False,True,False,True,False,False,False,False,False,True,False,False,False,False,False,False,False,False,False,False,False,False,False,False,False,False,False,True
i4,2022,87727.18,75.1,238.0,96.5,6.69,150.0,650.0,644.0,7,79.9,1500.0,5,1,35030,3.42,6,3.1691078561917445,368.60159663865545,0.43333333333333335,0.42933333333333334,0.05006666666666666,4,True,False,False,False,False,False,True,True,False,False,False,False,False,False,True,True,False,False,False,False,False,False,False,False,False,False,False,False,False,False,False,False,False,False,False,False,False,False
Bolt EUV,2025,29502.2,67.8,248.0,100.0,7.13,142.0,218.0,200.0,7,37.7,1722.0,4,1,19509,3.46,3,3.657817109144543,118.96048387096775,0.12659698025551683,0.11614401858304298,0.03937282229965157,1,False,True,True,False,False,False,False,False,False,False,False,True,False,False,False,False,False,False,False,True,False,False,False,False,False,False,False,False,False,False,False,False,False,False,False,False,False,True
EV6,2026,81787.56,61.8,200.0,101.7,5.15,173.0,967.0,895.0,7,19.8,1500.0,3,0,103637,3.28,4,3.236245954692557,408.9378,0.6446666666666667,0.5966666666666667,0.0412,0,False,True,False,False,False,False,False,False,False,True,False,False,False,False,True,False,False,False,False,False,False,False,True,False,False,False,False,False,False,False,False,False,False,False,False,False,True,False
Atto 3,2025,94900.11,105.2,381.0,214.4,3.93,190.0,1000.0,907.0,5,25.2,1500.0,5,0,172031,3.92,3,3.621673003802281,249.08165354330708,0.6666666666666666,0.6046666666666667,0.07013333333333334,1,False,False,True,False,False,False,False,False,False,False,False,False,False,False,True,False,True,False,False,False,False,False,False,False,False,False,False,False,False,False,False,False,False,False,False,True,False,False
Max,2026,76922.71,71.2,254.0,114.7,7.54,139.0,885.0,732.0,5,72.8,2840.0,5,0,121433,3.41,4,3.5674157303370784,302.84531496062993,0.31161971830985913,0.2577464788732394,0.02507042253521127,0,False,True,False,False,False,True,False,False,False,False,False,False,False,False,True,False,True,False,False,False,False,False,False,False,False,False,False,False,False,False,False,False,False,False,False,False,False,True
Model 3,2024,173467.44,42.9,150.0,236.8,5.49,180.0,1000.0,906.0,5,15.4,2086.0,4,2,241741,3.75,5,3.4965034965034967,1156.4496,0.4793863854266539,0.4343240651965484,0.020565675934803452,2,False,False,True,False,False,False,False,False,False,False,False,True,True,False,False,False,False,False,False,False,False,False,False,False,False,False,False,False,False,True,False,False,False,False,False,False,True,False
Q6 e-tron,2024,105361.9,71.8,263.0,52.5,7.12,144.0,753.0,661.0,5,39.5,1500.0,5,2,22361,3.64,7,3.6629526462395545,400.61558935361217,0.502,0.44066666666666665,0.04786666666666666,2,True,False,False,False,False,False,False,True,False,False,False,False,True,False,False,False,False,False,False,False,False,False,False,False,False,False,False,False,False,False,False,False,False,False,False,False,True,False
Picanto EV,2022,39229.86,42.7,154.0,100.5,5.09,170.0,325.0,298.0,5,18.0,1570.0,4,0,92917,3.02,4,3.60655737704918,254.73935064935065,0.2070063694267516,0.18980891719745224,0.027197452229299365,4,True,False,True,False,False,False,False,False,False,True,False,False,False,True,False,False,False,False,False,False,False,False,True,False,False,False,False,False,False,False,False,False,False,False,False,False,False,True
ID.5,2022,90567.3,69.5,208.0,142.0,6.59,147.0,1000.0,914.0,5,74.0,2426.0,5,0,266134,3.28,4,2.9928057553956835,435.41971153846157,0.41220115416323166,0.37675185490519375,0.0286479802143446,4,False,False,False,False,False,True,False,True,False,False,False,False,False,False,True,False,False,False,False,False,False,False,False,False,False,False,False,False,False,False,False,True,False,False,False,False,True,False
Ioniq,2025,95402.2,91.6,321.0,184.8,4.44,187.0,1000.0,888.0,7,25.2,1627.0,4,1,124589,3.85,4,3.5043668122270746,297.2031152647975,0.6146281499692686,0.5457897971727105,0.056299938537185,1,False,False,False,False,False,False,False,False,False,True,False,False,False,False,True,False,False,False,False,False,False,True,False,False,False,False,False,False,False,False,False,False,False,False,False,True,False,False
bZ Compact SUV,2025,84185.72,103.8,377.0,121.9,5.79,165.0,1000.0,868.0,5,60.4,1969.0,5,1,15914,3.93,4,3.631984585741811,223.30429708222812,0.5078720162519045,0.4408329101066531,0.05271711528694769,1,True,False,False,True,False,False,False,False,True,False,False,False,False,False,True,False,False,False,False,False,False,False,False,False,False,False,False,False,False,False,True,False,False,False,True,False,False,False
Model Y,2026,131838.33,68.9,241.0,340.8,6.65,152.0,1000.0,923.0,7,31.8,1541.0,5,2,410211,3.81,5,3.4978229317851954,547.0470124481327,0.6489292667099286,0.5989617131732641,0.044711226476314085,0,True,False,False,False,True,False,False,False,False,False,False,True,True,False,False,False,False,False,False,False,False,False,False,False,False,False,False,False,False,True,False,False,False,False,False,False,False,True
EV9,2024,36206.52,53.7,182.0,132.1,6.92,143.0,296.0,296.0,7,60.1,2343.0,4,0,96649,3.22,5,3.3891992551210426,198.93692307692305,0.12633376013657704,0.12633376013657704,0.02291933418693982,2,False,False,False,True,False,False,False,False,False,True,False,False,False,True,False,False,False,False,False,False,False,False,True,False,False,False,False,False,False,False,False,False,False,False,False,False,False,False
Ioniq 5,2026,60217.03,73.9,251.0,102.4,6.68,159.0,721.0,665.0,5,41.2,2085.0,4,0,83698,3.17,5,3.3964817320703653,239.90848605577688,0.3458033573141487,0.31894484412470026,0.035443645083932857,0,True,False,False,True,False,False,False,False,False,True,False,False,False,True,False,False,False,False,False,False,False,True,False,False,False,False,False,False,False,False,False,False,False,False,False,False,False,True
Sportage EV,2025,76146.1,42.4,175.0,62.2,7.08,146.0,931.0,831.0,5,46.6,1980.0,4,0,86432,3.41,5,4.127358490566038,435.12057142857145,0.4702020202020202,0.4196969696969697,0.021414141414141413,1,True,False,False,True,False,False,False,False,False,True,False,False,False,False,True,False,False,False,False,False,False,False,True,False,False,False,False,False,False,False,False,False,False,False,False,False,True,False
Model 3,2024,92300.78,48.8,173.0,313.2,7.14,146.0,654.0,617.0,7,32.1,1604.0,5,3,249410,3.51,6,3.545081967213115,533.5305202312138,0.4077306733167082,0.3846633416458853,0.030423940149625933,2,False,True,True,False,False,False,False,False,False,False,False,True,False,False,True,False,False,False,False,False,False,False,False,False,False,False,False,False,False,True,False,False,False,False,False,False,True,False
GLE EV,2025,158316.83,76.0,241.0,96.3,5.44,164.0,1000.0,889.0,5,73.7,1882.0,5,2,22636,3.82,6,3.1710526315789473,656.9163070539419,0.5313496280552603,0.4723698193411265,0.040382571732199786,1,False,False,False,False,False,False,True,True,False,False,False,False,True,False,False,False,False,False,False,False,False,False,False,False,True,False,False,False,False,False,False,False,False,False,False,False,True,False
R3,2025,109164.41,79.6,288.0,191.9,3.34,197.0,1000.0,857.0,5,39.1,1853.0,5,1,19234,3.75,4,3.6180904522613067,379.04309027777776,0.5396654074473827,0.4624932541824069,0.04295736643281165,1,False,False,True,False,False,False,False,False,False,False,False,True,True,False,False,False,False,False,False,False,False,False,False,False,False,False,False,False,True,False,False,False,False,False,False,True,False,False
Niro EV,2025,108567.95,56.3,197.0,122.5,5.25,165.0,1000.0,911.0,7,74.4,1655.0,4,0,139588,3.58,4,3.49911190053286,551.1063451776649,0.6042296072507553,0.5504531722054381,0.03401812688821752,1,False,False,False,False,False,False,True,False,False,True,False,False,True,False,False,False,False,False,False,False,False,False,True,False,False,False,False,False,False,False,False,False,False,False,False,False,True,False
Silverado EV,2024,33469.38,55.2,198.0,50.6,7.96,130.0,287.0,257.0,5,57.3,2124.0,4,0,2373,3.27,3,3.5869565217391304,169.03727272727272,0.13512241054613935,0.12099811676082863,0.025988700564971753,2,True,False,False,True,False,False,False,False,False,False,False,True,False,False,False,False,False,False,False,True,False,False,False,False,False,False,False,False,False,False,False,False,False,False,False,False,False,False
R3,2025,79068.68,62.9,236.0,98.4,7.54,146.0,668.0,618.0,5,53.7,1833.0,5,2,25139,3.32,4,3.751987281399046,335.0367796610169,0.36442989634478995,0.337152209492635,0.03431533006001091,1,False,True,False,True,False,False,False,False,False,False,False,True,False,False,True,False,False,False,False,False,False,False,False,False,False,False,False,False,True,False,False,False,False,False,False,False,False,False
Bolt EV,2023,59074.75,54.5,198.0,119.9,6.02,163.0,760.0,681.0,7,20.5,1586.0,4,0,15584,3.31,4,3.63302752293578,298.3573232323232,0.4791929382093317,0.42938209331651955,0.034363177805800754,3,False,False,False,False,False,False,False,False,False,False,False,True,False,True,False,False,False,False,False,True,False,False,False,False,False,False,False,False,False,False,False,False,False,False,False,False,False,False
Model 3,2025,38136.97,76.0,284.0,200.7,7.25,142.0,219.0,232.0,7,37.3,1674.0,5,2,113015,3.93,5,3.736842105263158,134.28510563380283,0.13082437275985664,0.13859020310633213,0.04540023894862605,1,True,False,False,False,True,False,False,False,False,False,False,True,False,True,False,False,False,False,False,False,False,False,False,False,False,False,False,False,False,True,False,False,False,False,False,False,False,False
Sportage EV,2024,72898.84,65.7,244.0,77.2,5.44,172.0,843.0,702.0,5,36.9,1586.0,5,0,78422,3.48,5,3.713850837138508,298.765737704918,0.5315258511979823,0.4426229508196721,0.0414249684741488,2,False,False,False,True,False,False,False,False,False,True,False,False,False,False,True,False,False,False,False,False,False,False,True,False,False,False,False,False,False,False,False,False,False,False,False,False,True,False
Sportage EV,2026,72429.61,64.2,178.0,50.8,6.33,153.0,877.0,756.0,5,46.5,1686.0,5,0,52716,3.0,4,2.7725856697819315,406.90792134831463,0.5201660735468565,0.4483985765124555,0.038078291814946624,0,False,True,False,True,False,False,False,False,False,True,False,False,False,False,True,False,False,False,False,False,False,False,True,False,False,False,False,False,False,False,False,False,False,False,False,False,False,False
ID. Aero,2024,90339.09,78.1,263.0,193.1,4.36,181.0,986.0,890.0,5,50.4,2218.0,4,0,202441,3.2,3,3.367477592829706,343.49463878327,0.44454463480613166,0.4012623985572588,0.03521190261496844,2,False,False,False,True,False,False,False,True,False,False,False,False,False,False,True,False,False,False,False,False,False,False,False,False,False,False,False,False,False,False,False,True,False,False,False,True,False,False
Bolt EUV,2024,57794.12,67.8,255.0,120.9,7.67,135.0,696.0,587.0,7,51.0,2854.0,5,1,28957,3.15,4,3.761061946902655,226.64360784313726,0.24386825508058865,0.2056762438682551,0.02375613174491941,2,True,False,False,False,False,True,False,False,False,False,False,True,False,True,False,False,False,False,False,True,False,False,False,False,False,False,False,False,False,False,False,False,False,False,False,False,False,True
EL6,2024,99775.41,109.9,380.0,65.6,5.18,171.0,958.0,836.0,5,63.5,1845.0,4,2,27479,3.57,4,3.457688808007279,262.5668684210526,0.5192411924119241,0.45311653116531164,0.05956639566395664,2,False,True,False,True,False,False,False,False,False,False,False,False,False,False,True,False,False,False,False,False,False,False,False,False,False,True,False,False,False,False,False,False,False,False,True,False,False,False
R2,2026,98562.96,97.1,316.0,50.1,5.61,160.0,1000.0,952.0,7,58.8,2158.0,3,0,20133,3.71,6,3.2543769309989705,311.9081012658228,0.4633920296570899,0.4411492122335496,0.044995366079703426,0,False,False,False,True,False,False,False,False,False,False,False,True,False,False,True,False,False,False,False,False,False,False,False,False,False,False,False,False,True,False,False,False,False,False,True,False,False,False
ID. Buzz,2025,45327.13,67.8,261.0,127.3,7.88,132.0,357.0,330.0,5,20.5,1619.0,4,0,299882,3.61,3,3.849557522123894,173.66716475095785,0.2205064854848672,0.2038295243977764,0.041877702285361335,1,False,False,False,False,False,False,False,True,False,False,False,False,False,True,False,False,False,False,False,False,False,False,False,False,False,False,False,False,False,False,False,True,False,False,False,False,True,False
Model Y,2023,100758.31,46.0,171.0,297.7,5.13,175.0,786.0,685.0,7,47.3,1900.0,5,2,472436,3.4,4,3.717391304347826,589.2298830409356,0.41368421052631577,0.3605263157894737,0.024210526315789474,3,False,True,False,True,False,False,False,False,False,False,False,True,True,False,False,False,False,False,False,False,False,False,False,False,False,False,False,False,False,True,False,False,False,False,False,False,False,True
Macan Electric,2025,185796.61,78.1,296.0,229.0,6.69,148.0,990.0,873.0,7,17.2,1665.0,4,0,21608,3.85,6,3.7900128040973113,627.69125,0.5945945945945946,0.5243243243243243,0.0469069069069069,1,False,False,False,False,False,False,False,True,False,False,False,False,True,False,False,False,False,False,False,False,False,False,False,False,False,False,False,True,False,False,False,False,False,False,False,False,False,True
EQG,2025,94596.53,77.5,267.0,149.8,4.86,167.0,486.0,470.0,5,31.6,1500.0,5,2,48573,3.82,5,3.445161290322581,354.29411985018726,0.324,0.31333333333333335,0.051666666666666666,1,False,False,False,False,False,False,False,True,False,False,False,False,False,False,True,False,False,False,False,False,False,False,False,False,True,False,False,False,False,False,False,False,False,False,True,False,False,False
Model S,2021,108109.05,82.6,273.0,272.2,7.76,128.0,740.0,654.0,5,65.7,1524.0,4,2,201131,3.9,5,3.305084745762712,396.00384615384615,0.48556430446194226,0.42913385826771655,0.054199475065616794,5,False,False,False,False,False,False,True,False,False,False,False,True,True,False,False,False,False,False,False,False,False,False,False,False,False,False,False,False,False,True,False,False,False,False,False,False,True,False
R2,2025,79447.62,60.5,184.0,86.2,5.83,158.0,619.0,525.0,7,67.2,2460.0,5,0,21177,3.42,5,3.041322314049587,431.7805434782608,0.2516260162601626,0.21341463414634146,0.02459349593495935,1,False,False,False,False,False,True,False,False,False,False,False,True,False,False,True,False,False,False,False,False,False,False,False,False,False,False,False,False,True,False,False,False,False,False,False,False,False,False
EQC,2026,151394.73,70.8,264.0,136.9,6.41,153.0,1000.0,939.0,5,60.1,1500.0,5,1,37405,3.71,6,3.728813559322034,573.4648863636364,0.6666666666666666,0.626,0.0472,0,False,False,False,False,False,False,True,True,False,False,False,False,True,False,False,False,False,False,False,False,False,False,False,False,True,False,False,False,False,False,False,False,False,False,False,False,True,False
i30,2025,30172.57,82.9,283.0,111.6,7.77,137.0,187.0,200.0,5,79.5,2516.0,3,1,76614,3.55,3,3.4137515078407716,106.61685512367491,0.07432432432432433,0.0794912559618442,0.032949125596184424,1,True,False,False,False,False,True,False,False,False,True,False,False,False,False,False,False,False,False,False,False,False,True,False,False,False,False,False,False,False,False,False,False,False,False,False,False,False,True
Niro EV,2024,81763.2,89.6,319.0,232.9,3.7,188.0,985.0,960.0,5,25.0,1629.0,4,0,93663,3.44,3,3.560267857142857,256.3109717868339,0.6046654389195826,0.5893186003683242,0.055003069367710246,2,False,False,False,False,False,False,False,False,False,True,False,False,False,False,True,False,False,False,False,False,False,False,True,False,False,False,False,False,False,False,False,False,False,False,False,True,False,False
ID. Buzz,2026,42399.68,101.9,356.0,96.8,4.99,186.0,269.0,207.0,5,29.9,1500.0,4,0,252676,3.68,5,3.493621197252208,119.10022471910112,0.17933333333333334,0.138,0.06793333333333333,0,True,False,True,False,False,False,False,True,False,False,False,False,False,True,False,False,False,False,False,False,False,False,False,False,False,False,False,False,False,False,False,True,False,False,True,False,False,False
Model X,2022,98265.87,83.7,298.0,223.7,5.16,173.0,717.0,646.0,5,24.2,1500.0,4,2,144367,3.63,5,3.5603345280764636,329.75124161073825,0.478,0.43066666666666664,0.0558,4,True,False,True,False,False,False,False,False,False,False,False,True,False,False,True,False,False,False,False,False,False,False,False,False,False,False,False,False,False,True,False,False,False,False,False,False,False,True
Max,2024,70846.85,56.4,200.0,89.0,6.56,161.0,813.0,686.0,7,60.4,1921.0,4,0,234001,3.55,4,3.546099290780142,354.23425000000003,0.42321707444039564,0.3571056741280583,0.029359708485163977,2,False,False,False,False,False,False,True,False,False,False,False,False,False,False,True,False,True,False,False,False,False,False,False,False,False,False,False,False,False,False,False,False,False,False,False,False,False,True
Explorer EV,2023,78508.55,73.0,274.0,224.9,2.91,200.0,915.0,850.0,5,70.1,1650.0,4,1,51688,3.3,3,3.7534246575342465,286.52755474452556,0.5545454545454546,0.5151515151515151,0.04424242424242424,3,False,True,False,False,False,False,True,False,False,False,False,True,False,False,True,False,False,False,True,False,False,False,False,False,False,False,False,False,False,False,False,False,False,False,False,True,False,False
Cybertruck,2022,154962.64,53.2,157.0,316.3,7.79,135.0,1000.0,884.0,5,78.2,1876.0,5,2,148718,3.67,6,2.951127819548872,987.0231847133759,0.5330490405117271,0.47121535181236673,0.028358208955223882,4,False,False,False,False,False,True,False,False,False,False,False,True,True,False,False,False,False,False,False,False,False,False,False,False,False,False,False,False,False,True,False,False,False,False,False,False,True,False
Yuan Plus,2023,44084.51,94.0,330.0,88.8,4.32,179.0,505.0,466.0,7,29.7,1693.0,4,1,187463,3.67,3,3.5106382978723403,133.58942424242426,0.2982870643827525,0.2752510336680449,0.055522740696987594,3,False,True,False,False,False,False,False,False,False,False,False,False,False,True,False,False,True,False,False,False,False,False,False,False,False,False,False,False,False,False,False,False,False,False,True,False,False,False
ID.3,2024,47038.76,86.5,330.0,108.8,4.24,194.0,352.0,368.0,7,71.8,2639.0,5,1,270498,3.37,3,3.815028901734104,142.54169696969697,0.13338385752178855,0.1394467601364153,0.03277756726032588,2,False,True,False,False,False,True,False,True,False,False,False,False,False,True,False,False,False,False,False,False,False,False,False,False,False,False,False,False,False,False,False,True,False,False,True,False,False,False
Ioniq 5,2025,50915.71,81.0,278.0,99.3,4.13,183.0,517.0,482.0,5,22.8,1672.0,3,1,54316,3.5,5,3.432098765432099,183.15003597122302,0.3092105263157895,0.28827751196172247,0.04844497607655503,1,True,False,False,False,True,False,False,False,False,True,False,False,False,True,False,False,False,False,False,False,False,True,False,False,False,False,False,False,False,False,False,False,False,False,True,False,False,False
R1S,2022,64347.55,45.6,150.0,110.6,6.54,152.0,150.0,200.0,7,46.2,2128.0,5,1,3522,3.26,5,3.289473684210526,428.9836666666667,0.07048872180451128,0.09398496240601503,0.02142857142857143,4,False,True,False,True,False,False,False,False,False,False,False,True,False,True,False,False,False,False,False,False,False,False,False,False,False,False,False,False,True,False,False,False,False,False,False,False,False,False
Atto 3,2022,21384.75,62.9,201.0,67.5,6.88,146.0,173.0,200.0,5,37.1,1781.0,5,0,233873,3.28,3,3.1955484896661366,106.39179104477611,0.09713644020213363,0.11229646266142616,0.035317237507018526,4,False,True,True,False,False,False,False,False,False,False,False,False,False,False,False,False,True,False,False,False,False,False,False,False,False,False,False,False,False,False,False,False,False,False,False,False,False,False
Atto 3,2025,99107.52,98.9,347.0,107.3,4.56,177.0,1000.0,894.0,7,27.1,1842.0,5,1,190865,3.32,3,3.5085945399393323,285.61244956772333,0.5428881650380022,0.48534201954397393,0.053691639522258416,1,True,False,True,False,False,False,False,False,False,False,False,False,False,False,True,False,True,False,False,False,False,False,False,False,False,False,False,False,False,False,False,False,False,False,True,False,False,False
Bolt EV,2025,60512.96,58.6,258.0,69.4,7.07,146.0,780.0,691.0,7,24.1,1720.0,5,0,12934,3.42,5,4.402730375426621,234.54635658914728,0.45348837209302323,0.40174418604651163,0.034069767441860466,1,False,False,True,False,False,False,False,False,False,False,False,True,False,True,False,False,False,False,False,True,False,False,False,False,False,False,False,False,False,False,False,False,False,False,False,False,False,False
ID.5,2023,64071.2,77.7,297.0,179.6,4.02,191.0,682.0,641.0,5,38.7,1826.0,3,0,290103,3.66,5,3.8223938223938223,215.72794612794613,0.37349397590361444,0.35104052573932093,0.04255202628696605,3,False,True,False,False,False,False,False,True,False,False,False,False,False,True,False,False,False,False,False,False,False,False,False,False,False,False,False,False,False,False,False,True,False,False,False,True,False,False
Atto 3,2026,31933.47,119.9,430.0,171.3,2.71,200.0,363.0,329.0,7,20.7,1500.0,3,0,219100,4.19,5,3.5863219349457878,74.26388372093024,0.242,0.21933333333333332,0.07993333333333334,0,False,True,False,False,False,False,False,False,False,False,False,False,False,False,False,False,True,False,False,False,False,False,False,False,False,False,False,False,False,False,False,False,False,False,False,True,False,False
ID.3,2026,33483.92,82.6,293.0,136.4,6.02,160.0,201.0,200.0,5,53.2,2437.0,5,0,207337,3.62,5,3.547215496368039,114.279590443686,0.08247845711940911,0.08206811653672548,0.033894132129667624,0,False,False,False,False,False,True,False,True,False,False,False,False,False,False,False,False,False,False,False,False,False,False,False,False,False,False,False,False,False,False,False,True,False,False,False,False,False,True
Model S,2025,68593.72,107.6,361.0,209.3,4.22,192.0,452.0,389.0,7,33.5,1685.0,5,3,245974,4.23,5,3.355018587360595,190.01030470914128,0.26824925816023737,0.2308605341246291,0.06385756676557863,1,True,False,False,False,False,False,False,False,False,False,False,True,False,False,True,False,False,False,False,False,False,False,False,False,False,False,False,False,False,True,False,False,False,False,False,True,False,False
Cybertruck,2025,61013.48,45.2,156.0,307.0,6.71,151.0,429.0,358.0,7,52.1,2708.0,3,2,132800,3.35,5,3.451327433628318,391.1120512820513,0.1584194977843427,0.13220088626292467,0.016691285081240768,1,True,False,False,False,False,True,False,False,False,False,False,True,False,True,False,False,False,False,False,False,False,False,False,False,False,False,False,False,False,True,False,False,False,False,False,False,False,True
Ioniq 5,2025,68602.24,75.7,260.0,70.1,5.05,164.0,815.0,690.0,7,60.5,2317.0,5,0,109721,3.31,5,3.4346103038309113,263.85476923076925,0.3517479499352611,0.2977988778593008,0.032671558049201556,1,True,False,False,True,False,False,False,False,False,True,False,False,False,False,True,False,False,False,False,False,False,True,False,False,False,False,False,False,False,False,False,False,False,False,False,False,False,False
ID. Aero,2021,76214.9,92.3,348.0,138.4,5.53,172.0,859.0,782.0,5,71.9,2363.0,5,2,249899,3.71,4,3.7703141928494044,219.00833333333333,0.3635209479475243,0.33093525179856115,0.039060516292848076,5,False,True,False,False,False,True,False,True,False,False,False,False,False,False,True,False,False,False,False,False,False,False,False,False,False,False,False,False,False,False,False,True,False,False,True,False,False,False
R1S,2026,110739.07,48.4,163.0,78.5,7.01,146.0,1000.0,896.0,5,37.6,1664.0,5,1,26386,3.24,6,3.3677685950413223,679.3807975460123,0.6009615384615384,0.5384615384615384,0.029086538461538462,0,False,True,False,False,True,False,False,False,False,False,False,True,True,False,False,False,False,False,False,False,False,False,False,False,False,False,False,False,True,False,False,False,False,False,False,False,True,False
ID.4,2024,111511.26,74.1,241.0,161.6,4.29,189.0,1000.0,921.0,7,57.8,2464.0,5,0,230069,3.24,4,3.2523616734143053,462.7023236514523,0.40584415584415584,0.3737824675324675,0.030073051948051946,2,False,False,False,False,False,True,False,True,False,False,False,False,True,False,False,False,False,False,False,False,False,False,False,False,False,False,False,False,False,False,False,True,False,False,False,True,False,False
Niro EV,2025,64726.92,52.3,203.0,95.6,7.54,136.0,686.0,608.0,5,66.3,2102.0,5,0,135916,3.12,4,3.881453154875717,318.8518226600985,0.3263558515699334,0.28924833491912466,0.024881065651760226,1,False,True,False,False,False,True,False,False,False,True,False,False,False,True,False,False,False,False,False,False,False,False,True,False,False,False,False,False,False,False,False,False,False,False,False,False,True,False
i7,2023,89651.14,73.1,249.0,98.1,5.68,165.0,711.0,632.0,5,78.6,2470.0,4,1,72062,3.37,6,3.406292749658003,360.0447389558233,0.28785425101214573,0.25587044534412956,0.029595141700404858,3,False,True,False,False,False,True,False,True,False,False,False,False,False,False,True,True,False,False,False,False,False,False,False,False,False,False,False,False,False,False,False,False,False,False,False,False,False,False
Model 3,2023,125634.38,79.6,268.0,325.0,3.23,195.0,906.0,862.0,7,15.1,1567.0,5,2,223587,3.94,4,3.3668341708542715,468.785,0.5781748564135291,0.5500957243139758,0.05079770261646458,3,False,True,True,False,False,False,False,False,False,False,False,True,True,False,False,False,False,False,False,False,False,False,False,False,False,False,False,False,False,True,False,False,False,False,False,True,False,False
i3,2025,93156.19,74.6,254.0,78.5,7.38,143.0,683.0,632.0,5,60.1,1564.0,4,2,71204,3.55,7,3.4048257372654156,366.7566535433071,0.4367007672634271,0.4040920716112532,0.04769820971867007,1,True,False,False,False,False,False,True,True,False,False,False,False,False,False,True,True,False,False,False,False,False,False,False,False,False,False,False,False,False,False,False,False,False,False,False,False,False,False
Cybertruck,2022,93999.45,88.3,333.0,289.1,5.84,167.0,703.0,641.0,5,66.0,2476.0,5,2,124977,3.96,5,3.7712344280860703,282.28063063063064,0.28392568659127626,0.2588852988691438,0.035662358642972534,4,True,False,False,False,False,True,False,False,False,False,False,True,False,False,True,False,False,False,False,False,False,False,False,False,False,False,False,False,False,True,False,False,False,False,True,False,False,False
bZ Compact SUV,2023,52160.99,69.4,234.0,77.8,6.21,169.0,511.0,481.0,7,40.0,2088.0,5,0,7110,3.56,4,3.3717579250720457,222.91021367521367,0.24473180076628354,0.2303639846743295,0.03323754789272031,3,False,True,False,True,False,False,False,False,True,False,False,False,False,True,False,False,False,False,False,False,False,False,False,False,False,False,False,False,False,False,True,False,False,False,False,False,True,False
Model S,2024,77897.86,71.2,254.0,322.3,4.29,186.0,542.0,558.0,5,35.8,1500.0,4,3,153891,3.65,4,3.5674157303370784,306.6844881889764,0.36133333333333334,0.372,0.04746666666666667,2,False,True,False,False,True,False,False,False,False,False,False,True,False,False,True,False,False,False,False,False,False,False,False,False,False,False,False,False,False,True,False,False,False,False,False,True,False,False
ID.4,2025,78698.7,67.4,200.0,139.9,5.73,164.0,839.0,744.0,5,26.0,1649.0,5,0,200182,3.41,4,2.9673590504451037,393.4935,0.5087932080048514,0.45118253486961796,0.04087325651910249,1,False,True,False,False,False,False,False,True,False,False,False,False,False,False,True,False,False,False,False,False,False,False,False,False,False,False,False,False,False,False,False,True,False,False,False,False,False,False
Model S,2021,109935.85,84.2,288.0,209.4,7.62,127.0,738.0,699.0,7,78.2,2219.0,4,3,117148,3.95,5,3.4204275534441804,381.7217013888889,0.33258224425416855,0.3150067598017125,0.03794502027940514,5,False,False,False,False,False,True,False,False,False,False,False,True,True,False,False,False,False,False,False,False,False,False,False,False,False,False,False,False,False,True,False,False,False,False,False,False,False,False
SU7,2024,115672.77,85.2,304.0,243.6,3.52,194.0,1000.0,872.0,5,50.9,2328.0,3,0,8357,3.71,5,3.568075117370892,380.5025328947369,0.42955326460481097,0.3745704467353952,0.0365979381443299,2,False,True,False,True,False,False,False,False,False,False,False,False,True,False,False,False,False,False,False,False,False,False,False,False,False,False,False,False,False,False,False,False,False,True,False,True,False,False
Kona Electric,2024,43667.25,83.3,299.0,234.7,3.13,198.0,465.0,435.0,5,77.7,1707.0,4,1,71109,3.49,5,3.589435774309724,146.0443143812709,0.27240773286467485,0.2548330404217926,0.04879906268306971,2,False,False,False,False,False,False,True,False,False,True,False,False,False,True,False,False,False,False,False,False,False,True,False,False,False,False,False,False,False,False,False,False,False,False,False,True,False,False
EV6,2025,60524.16,58.8,217.0,110.8,6.5,148.0,613.0,568.0,7,25.8,1638.0,4,1,105178,3.37,4,3.6904761904761907,278.9131797235023,0.37423687423687424,0.34676434676434675,0.035897435897435895,1,False,True,False,False,False,False,False,False,False,True,False,False,False,True,False,False,False,False,False,False,False,False,True,False,False,False,False,False,False,False,False,False,False,False,False,False,False,False
Model 3,2021,24979.98,81.1,271.0,326.8,6.83,135.0,150.0,200.0,5,27.6,1500.0,5,3,132068,3.73,4,3.341553637484587,92.1770479704797,0.1,0.13333333333333333,0.054066666666666666,5,False,True,True,False,False,False,False,False,False,False,False,True,False,False,False,False,False,False,False,False,False,False,False,False,False,False,False,False,False,True,False,False,False,False,False,False,False,True
Blazer EV,2024,58716.57,83.6,313.0,112.5,6.87,153.0,744.0,635.0,5,22.4,1754.0,5,1,22110,3.62,3,3.744019138755981,187.59287539936102,0.4241733181299886,0.3620296465222349,0.047662485746864304,2,True,False,False,False,True,False,False,False,False,False,False,True,False,True,False,False,False,False,False,True,False,False,False,False,False,False,False,False,False,False,False,False,False,False,False,False,False,False
Qin,2024,17777.32,78.0,280.0,108.1,7.53,142.0,175.0,200.0,7,36.4,1788.0,4,0,212740,3.54,4,3.58974358974359,63.49042857142857,0.09787472035794184,0.11185682326621924,0.0436241610738255,2,True,False,True,False,False,False,False,False,False,False,False,False,False,False,False,False,True,False,False,False,False,False,False,False,False,False,False,False,False,False,False,False,False,False,False,False,False,False
Q4 e-tron,2026,163470.92,73.4,267.0,163.1,3.82,196.0,1000.0,897.0,7,16.6,1500.0,5,2,31112,3.43,6,3.637602179836512,612.2506367041199,0.6666666666666666,0.598,0.048933333333333336,0,False,True,False,False,True,False,False,True,False,False,False,False,True,False,False,False,False,False,False,False,False,False,False,False,False,False,False,False,False,False,False,False,False,False,False,True,False,False
Seagull,2021,53782.86,84.7,314.0,91.0,5.94,169.0,521.0,468.0,5,62.5,1599.0,4,1,162990,3.75,3,3.707201889020071,171.28299363057326,0.3258286429018136,0.2926829268292683,0.05297060662914321,5,False,True,False,False,False,False,True,False,False,False,False,False,False,True,False,False,True,False,False,False,False,False,False,False,False,False,False,False,False,False,False,False,False,False,False,False,False,False
Model Y,2022,38805.29,86.7,295.0,344.7,4.05,190.0,297.0,281.0,5,71.8,2329.0,5,3,424786,4.14,4,3.402537485582468,131.54335593220338,0.1275225418634607,0.12065264061829112,0.03722627737226278,4,False,True,False,False,False,True,False,False,False,False,False,True,False,True,False,False,False,False,False,False,False,False,False,False,False,False,False,False,False,True,False,False,False,False,True,False,False,False
Model X,2024,90519.74,119.4,405.0,222.4,3.68,200.0,666.0,591.0,5,24.0,1771.0,4,2,189429,4.03,6,3.3919597989949746,223.50553086419754,0.3760587238848108,0.3337097684923772,0.06741953698475438,2,False,False,False,False,False,False,False,False,False,False,False,True,False,False,True,False,False,False,False,False,False,False,False,False,False,False,False,False,False,True,False,False,False,False,False,True,False,False
Ioniq 5,2025,46385.14,84.1,301.0,90.2,6.54,148.0,445.0,414.0,5,65.5,2726.0,4,1,58564,3.62,3,3.579072532699168,154.10345514950166,0.1632428466617755,0.15187087307410124,0.030851063829787233,1,False,True,False,False,False,True,False,False,False,True,False,False,False,True,False,False,False,False,False,False,False,True,False,False,False,False,False,False,False,False,False,False,False,False,False,False,False,False
Niro EV,2026,110515.91,78.1,283.0,217.4,2.89,200.0,1000.0,881.0,5,24.1,1738.0,5,0,62032,3.56,3,3.623559539052497,390.5155830388693,0.5753739930955121,0.5069044879171462,0.04493670886075949,0,False,False,False,False,False,False,False,False,False,True,False,False,True,False,False,False,False,False,False,False,False,False,True,False,False,False,False,False,False,False,False,False,False,False,False,True,False,False
Cybertruck,2023,35071.56,52.4,192.0,340.0,5.24,168.0,249.0,217.0,7,53.0,2535.0,5,2,139628,3.17,5,3.66412213740458,182.66437499999998,0.09822485207100591,0.08560157790927021,0.02067061143984221,3,True,False,False,False,False,True,False,False,False,False,False,True,False,True,False,False,False,False,False,False,False,False,False,False,False,False,False,False,False,True,False,False,False,False,False,False,False,True
Explorer EV,2025,106247.4,72.9,277.0,158.2,2.58,200.0,1000.0,873.0,5,24.4,1701.0,5,0,49209,3.4,3,3.799725651577503,383.56462093862814,0.5878894767783657,0.5132275132275133,0.04285714285714286,1,True,False,False,False,False,False,False,False,False,False,False,True,True,False,False,False,False,False,True,False,False,False,False,False,False,False,False,False,False,False,False,False,False,False,False,True,False,False
ID.3,2026,56734.76,49.7,207.0,87.7,5.23,168.0,586.0,478.0,7,16.6,1500.0,4,0,257294,3.13,4,4.1649899396378265,274.0809661835749,0.39066666666666666,0.31866666666666665,0.033133333333333334,0,False,False,True,False,False,False,False,True,False,False,False,False,False,True,False,False,False,False,False,False,False,False,False,False,False,False,False,False,False,False,False,True,False,False,False,False,False,False
Ioniq,2025,74693.36,95.4,340.0,66.6,4.63,186.0,972.0,902.0,7,24.5,1739.0,5,1,138161,3.52,4,3.5639412997903563,219.68635294117647,0.5589419206440484,0.518688901667625,0.054859114433582525,1,False,True,True,False,False,False,False,False,False,True,False,False,False,False,True,False,False,False,False,False,False,True,False,False,False,False,False,False,False,False,False,False,False,False,True,False,False,False
ID.5,2022,70140.57,83.5,319.0,79.8,6.63,142.0,731.0,665.0,5,26.7,1533.0,5,0,203826,3.8,5,3.820359281437126,219.87639498432605,0.47684279191128504,0.4337899543378995,0.05446836268754077,4,False,False,True,False,False,False,False,True,False,False,False,False,False,False,True,False,False,False,False,False,False,False,False,False,False,False,False,False,False,False,False,True,False,False,False,False,True,False
ID.5,2025,60218.55,82.8,240.0,94.9,6.0,163.0,518.0,517.0,5,60.3,1739.0,5,2,290126,3.59,4,2.898550724637681,250.910625,0.2978723404255319,0.2972972972972973,0.04761357101782634,1,False,False,False,False,False,False,True,True,False,False,False,False,False,True,False,False,False,False,False,False,False,False,False,False,False,False,False,False,False,False,False,True,False,False,False,False,False,True
Picanto EV,2020,44609.33,80.3,255.0,124.3,6.52,155.0,414.0,337.0,7,22.4,1545.0,4,0,62067,3.61,5,3.1755915317559156,174.93854901960785,0.26796116504854367,0.2181229773462783,0.05197411003236246,6,False,True,False,False,True,False,False,False,False,True,False,False,False,True,False,False,False,False,False,False,False,False,True,False,False,False,False,False,False,False,False,False,False,False,False,False,False,False
Model 3,2025,58452.94,77.2,274.0,217.3,4.19,183.0,458.0,401.0,7,64.2,1813.0,3,2,216013,3.86,4,3.549222797927461,213.33189781021898,0.25261996690568117,0.2211803640375069,0.04258135686707115,1,False,True,False,False,False,False,True,False,False,False,False,True,False,True,False,False,False,False,False,False,False,False,False,False,False,False,False,False,False,True,False,False,False,False,False,True,False,False
Cybertruck,2023,118800.8,54.2,203.0,340.1,6.1,162.0,891.0,851.0,7,50.1,2562.0,4,3,197139,3.38,5,3.7453874538745384,585.2256157635468,0.3477751756440281,0.3321623731459797,0.021155347384855583,3,True,False,False,False,False,True,False,False,False,False,False,True,True,False,False,False,False,False,False,False,False,False,False,False,False,False,False,False,False,True,False,False,False,False,False,False,True,False
EQC,2024,87690.32,88.6,321.0,224.6,2.67,200.0,422.0,414.0,5,36.6,1957.0,4,2,36911,3.99,7,3.6230248306997743,273.17856697819315,0.21563617782319877,0.2115482881962187,0.04527337761880429,2,False,False,True,False,False,False,False,True,False,False,False,False,False,False,True,False,False,False,False,False,False,False,False,False,True,False,False,False,False,False,False,False,False,False,False,True,False,False
bZ4X,2022,55775.75,84.6,281.0,90.6,6.0,163.0,602.0,520.0,5,22.4,1626.0,4,0,18523,3.32,3,3.321513002364066,198.49021352313167,0.37023370233702335,0.3198031980319803,0.05202952029520295,4,True,False,False,False,False,False,False,False,True,False,False,False,False,True,False,False,False,False,False,False,False,False,False,False,False,False,False,False,False,False,True,False,False,False,False,False,False,True
ID. Aero,2023,51298.81,63.2,237.0,118.9,5.83,162.0,397.0,310.0,5,26.9,1555.0,5,1,222298,3.5,3,3.75,216.45067510548523,0.25530546623794215,0.19935691318327975,0.040643086816720256,3,False,True,False,False,False,False,False,True,False,False,False,False,False,True,False,False,False,False,False,False,False,False,False,False,False,False,False,False,False,False,False,True,False,False,False,False,False,True
Dolphin,2025,82759.69,73.3,235.0,119.0,6.27,151.0,912.0,776.0,5,68.7,1789.0,3,0,125776,3.36,3,3.2060027285129604,352.1688936170213,0.509782001117943,0.43376187814421463,0.04097261039686976,1,False,True,False,True,False,False,False,False,False,False,False,False,False,False,True,False,True,False,False,False,False,False,False,False,False,False,False,False,False,False,False,False,False,False,False,False,False,True
i4,2023,130983.67,110.9,390.0,244.7,2.51,200.0,1000.0,878.0,7,73.1,1500.0,5,2,64205,3.82,5,3.5166816952209197,335.8555641025641,0.6666666666666666,0.5853333333333334,0.07393333333333334,3,False,True,False,False,False,False,True,True,False,False,False,False,True,False,False,True,False,False,False,False,False,False,False,False,False,False,False,False,False,False,False,False,False,False,False,True,False,False
ID.4,2025,65061.9,65.1,212.0,82.2,7.77,137.0,653.0,616.0,5,37.8,1613.0,5,1,282957,3.68,3,3.256528417818741,306.8957547169811,0.4048357098574086,0.38189708617482954,0.04035957842529448,1,False,False,False,False,False,False,False,True,False,False,False,False,False,False,True,False,False,False,False,False,False,False,False,False,False,False,False,False,False,False,False,True,False,False,False,False,False,False
Model S,2022,163492.8,65.4,193.0,288.9,6.55,154.0,1000.0,907.0,7,34.9,1653.0,5,2,241709,3.96,5,2.951070336391437,847.1129533678755,0.6049606775559588,0.5486993345432547,0.03956442831215971,4,False,True,True,False,False,False,False,False,False,False,False,True,True,False,False,False,False,False,False,False,False,False,False,False,False,False,False,False,False,True,False,False,False,False,False,False,True,False
Model X,2023,53973.57,82.6,301.0,250.5,7.15,143.0,440.0,387.0,7,15.8,1500.0,5,2,206669,3.87,5,3.6440677966101696,179.31418604651162,0.29333333333333333,0.258,0.05506666666666666,3,True,False,False,False,True,False,False,False,False,False,False,True,False,True,False,False,False,False,False,False,False,False,False,False,False,False,False,False,False,True,False,False,False,False,False,False,True,False
Bolt EV,2025,60210.65,70.4,258.0,173.9,3.71,200.0,778.0,765.0,5,18.8,1519.0,4,0,23288,3.63,4,3.664772727272727,233.37461240310077,0.5121790651744569,0.5036208031599737,0.04634628044766294,1,True,False,False,False,False,False,False,False,False,False,False,True,False,True,False,False,False,False,False,True,False,False,False,False,False,False,False,False,False,False,False,False,False,False,False,True,False,False
i3,2023,81481.72,64.8,209.0,132.6,5.22,180.0,551.0,468.0,7,32.9,1755.0,4,1,60859,3.29,8,3.225308641975309,389.8646889952153,0.313960113960114,0.26666666666666666,0.03692307692307692,3,False,True,False,False,True,False,False,True,False,False,False,False,False,False,True,True,False,False,False,False,False,False,False,False,False,False,False,False,False,False,False,False,False,False,False,False,True,False
Model S,2025,140244.92,75.7,265.0,295.8,4.25,187.0,986.0,851.0,7,15.6,1500.0,5,2,186365,3.84,5,3.500660501981506,529.2261132075472,0.6573333333333333,0.5673333333333334,0.05046666666666667,1,False,False,False,False,True,False,False,False,False,False,False,True,True,False,False,False,False,False,False,False,False,False,False,False,False,False,False,False,False,True,False,False,False,False,False,True,False,False
Dolphin,2024,108909.03,86.0,283.0,177.9,3.26,188.0,1000.0,954.0,5,68.3,2422.0,3,0,136507,3.47,3,3.2906976744186047,384.83756183745584,0.41288191577208916,0.3938893476465731,0.03550784475639967,2,False,True,False,False,False,True,False,False,False,False,False,False,True,False,False,False,True,False,False,False,False,False,False,False,False,False,False,False,False,False,False,False,False,False,False,True,False,False
Seagull,2025,31665.46,68.3,217.0,133.7,5.49,171.0,291.0,266.0,5,69.4,1935.0,5,0,162790,3.33,4,3.177159590043924,145.92377880184333,0.15038759689922482,0.13746770025839794,0.035297157622739016,1,True,False,False,False,False,False,True,False,False,False,False,False,False,False,False,False,True,False,False,False,False,False,False,False,False,False,False,False,False,False,False,False,False,False,False,False,False,False
i7,2026,125746.52,63.5,224.0,141.3,5.05,168.0,1000.0,906.0,5,22.1,1500.0,3,2,62950,3.45,6,3.52755905511811,561.3683928571429,0.6666666666666666,0.604,0.042333333333333334,0,False,False,True,False,False,False,False,True,False,False,False,False,True,False,False,True,False,False,False,False,False,False,False,False,False,False,False,False,False,False,False,False,False,False,False,False,True,False
Model S,2024,75201.32,102.8,370.0,342.3,4.03,185.0,592.0,509.0,5,62.1,2460.0,5,2,105880,4.11,4,3.5992217898832686,203.24681081081084,0.24065040650406505,0.20691056910569106,0.04178861788617886,2,False,True,False,False,False,True,False,False,False,False,False,True,False,False,True,False,False,False,False,False,False,False,False,False,False,False,False,False,False,True,False,False,False,False,True,False,False,False
Model 3,2025,91388.05,100.1,350.0,249.9,5.26,168.0,695.0,616.0,5,39.9,1624.0,4,2,148700,3.99,5,3.4965034965034967,261.1087142857143,0.42795566502463056,0.3793103448275862,0.06163793103448276,1,True,False,False,False,True,False,False,False,False,False,False,True,False,False,True,False,False,False,False,False,False,False,False,False,False,False,False,False,False,True,False,False,False,False,True,False,False,False
F-150 Lightning,2024,60849.51,82.5,274.0,67.1,7.97,131.0,622.0,610.0,2,71.3,2747.0,4,2,58206,3.54,4,3.3212121212121213,222.07850364963505,0.22642883145249362,0.22206042955951946,0.030032763014197307,2,True,False,False,False,False,True,False,False,False,False,False,True,False,True,False,False,False,False,True,False,False,False,False,False,False,False,False,False,False,False,False,False,False,False,False,False,False,True
Cybertruck,2024,131729.26,84.6,307.0,224.3,4.28,187.0,943.0,852.0,5,53.6,2319.0,4,2,162108,3.56,5,3.628841607565012,429.08553745928344,0.4066407934454506,0.36739974126778785,0.036481241914618365,2,True,False,False,False,False,True,False,False,False,False,False,True,True,False,False,False,False,False,False,False,False,False,False,False,False,False,False,False,False,True,False,False,False,False,True,False,False,False
iX,2021,82329.27,71.8,258.0,61.1,7.05,150.0,569.0,534.0,7,15.7,1723.0,4,1,59553,3.74,6,3.5933147632311977,319.1056976744186,0.3302379570516541,0.3099245502031341,0.04167150319210679,5,False,True,True,False,False,False,False,True,False,False,False,False,False,False,True,True,False,False,False,False,False,False,False,False,False,False,False,False,False,False,False,False,False,False,False,False,False,True
Atto 3,2021,91712.12,80.1,268.0,233.5,3.28,193.0,1000.0,900.0,5,19.5,1550.0,5,1,177248,3.63,3,3.3458177278402,342.20940298507463,0.6451612903225806,0.5806451612903226,0.05167741935483871,5,False,True,True,False,False,False,False,False,False,False,False,False,False,False,True,False,True,False,False,False,False,False,False,False,False,False,False,False,False,False,False,False,False,False,False,True,False,False
Model 3,2024,106609.89,75.6,299.0,296.3,6.51,151.0,784.0,688.0,5,27.5,1673.0,5,2,103912,3.73,5,3.9550264550264553,356.55481605351173,0.4686192468619247,0.41123729826658695,0.04518828451882845,2,True,False,True,False,False,False,False,False,False,False,False,True,True,False,False,False,False,False,False,False,False,False,False,False,False,False,False,False,False,True,False,False,False,False,False,False,False,True
Qin,2020,36752.05,84.7,308.0,134.6,4.59,189.0,380.0,353.0,5,22.8,1500.0,4,1,178041,3.55,4,3.6363636363636362,119.32483766233767,0.25333333333333335,0.23533333333333334,0.05646666666666667,6,True,False,False,False,True,False,False,False,False,False,False,False,False,True,False,False,True,False,False,False,False,False,False,False,False,False,False,False,False,False,False,False,False,False,True,False,False,False
Equinox EV,2024,55502.07,92.6,331.0,129.8,4.2,189.0,672.0,611.0,7,63.7,2188.0,5,1,18580,3.71,4,3.57451403887689,167.67996978851963,0.3071297989031079,0.27925045703839124,0.0423217550274223,2,False,False,False,True,False,False,False,False,False,False,False,True,False,True,False,False,False,False,False,True,False,False,False,False,False,False,False,False,False,False,False,False,False,False,True,False,False,False
EQS,2025,136918.85,55.5,195.0,96.2,6.97,148.0,822.0,776.0,7,25.1,1500.0,5,1,59537,3.51,7,3.5135135135135136,702.1479487179488,0.548,0.5173333333333333,0.037,1,False,False,False,False,False,False,False,True,False,False,False,False,True,False,False,False,False,False,False,False,False,False,False,False,True,False,False,False,False,False,False,False,False,False,False,False,False,False
EQE,2023,142535.28,94.3,305.0,114.0,5.66,169.0,843.0,766.0,7,30.1,1500.0,4,1,32410,3.94,8,3.2343584305408273,467.3287868852459,0.562,0.5106666666666667,0.06286666666666667,3,True,False,False,False,True,False,False,True,False,False,False,False,True,False,False,False,False,False,False,False,False,False,False,False,True,False,False,False,False,False,False,False,False,False,True,False,False,False
ID. Aero,2025,68256.27,92.8,334.0,227.4,3.85,182.0,714.0,587.0,5,22.1,1589.0,5,0,215601,3.82,5,3.5991379310344827,204.3600898203593,0.44933920704845814,0.3694147262429201,0.05840151038388924,1,False,True,False,False,True,False,False,True,False,False,False,False,False,False,True,False,False,False,False,False,False,False,False,False,False,False,False,False,False,False,False,True,False,False,False,True,False,False
i3,2025,127970.02,52.7,181.0,97.5,5.26,171.0,1000.0,895.0,5,18.8,1671.0,5,2,25659,3.39,7,3.4345351043643264,707.016685082873,0.5984440454817475,0.535607420706164,0.03153800119688809,1,False,True,False,False,False,False,False,True,False,False,False,False,True,False,False,True,False,False,False,False,False,False,False,False,False,False,False,False,False,False,False,False,False,False,False,False,True,False
Yuan Plus,2026,71806.41,73.0,253.0,140.1,5.98,163.0,820.0,765.0,5,18.5,1702.0,4,0,163682,3.35,3,3.4657534246575343,283.8198023715415,0.481786133960047,0.4494712103407756,0.04289071680376028,0,False,False,False,False,True,False,False,False,False,False,False,False,False,False,True,False,True,False,False,False,False,False,False,False,False,False,False,False,False,False,False,False,False,False,False,False,False,False
Qin,2023,54457.48,80.6,251.0,242.0,4.26,193.0,518.0,459.0,5,74.1,2307.0,4,0,205191,3.38,4,3.114143920595534,216.96207171314742,0.2245340268747291,0.19895968790637192,0.03493714781100997,3,False,False,False,False,False,True,False,False,False,False,False,False,False,True,False,False,True,False,False,False,False,False,False,False,False,False,False,False,False,False,False,False,False,False,False,True,False,False
Q4 e-tron,2026,145965.36,78.2,269.0,138.1,5.46,173.0,1000.0,872.0,7,31.5,1663.0,4,2,21092,3.74,6,3.4398976982097187,542.622156133829,0.6013229104028863,0.5243535778713169,0.04702345159350572,0,True,False,False,False,False,False,False,True,False,False,False,False,True,False,False,False,False,False,False,False,False,False,False,False,False,False,False,False,False,False,False,False,False,False,True,False,False,False
Model X,2025,40997.3,73.3,261.0,282.8,3.51,198.0,238.0,200.0,5,19.9,1637.0,5,3,192699,3.73,4,3.5607094133697137,157.07777777777778,0.14538790470372634,0.12217470983506414,0.044777031154551006,1,False,False,False,False,True,False,False,False,False,False,False,True,False,True,False,False,False,False,False,False,False,False,False,False,False,False,False,False,False,True,False,False,False,False,False,True,False,False
Model 3,2026,147080.28,107.7,395.0,234.9,3.36,195.0,1000.0,883.0,7,15.1,1521.0,5,2,199927,4.26,5,3.6675951717734447,372.35513924050633,0.6574621959237343,0.5805391190006575,0.0708086785009862,0,False,False,False,False,True,False,False,False,False,False,False,True,True,False,False,False,False,False,False,False,False,False,False,False,False,False,False,False,False,True,False,False,False,False,False,True,False,False
Max,2023,35900.23,88.0,302.0,69.9,4.28,198.0,358.0,318.0,5,42.3,2227.0,5,2,176515,3.84,4,3.4318181818181817,118.87493377483445,0.1607543780871127,0.14279299506061965,0.03951504265828469,3,True,False,False,True,False,False,False,False,False,False,False,False,False,True,False,False,True,False,False,False,False,False,False,False,False,False,False,False,False,False,False,False,False,False,True,False,False,False
Model X,2025,76806.22,41.8,166.0,308.9,6.47,152.0,571.0,531.0,7,24.3,1675.0,5,3,136111,3.64,6,3.971291866028708,462.68807228915665,0.3408955223880597,0.3170149253731343,0.024955223880597014,1,True,False,False,False,True,False,False,False,False,False,False,True,False,False,True,False,False,False,False,False,False,False,False,False,False,False,False,False,False,True,False,False,False,False,False,False,False,False
Cybertruck,2025,96810.26,47.9,153.0,220.8,6.85,146.0,658.0,607.0,7,55.2,2373.0,4,2,113593,3.86,6,3.1941544885177455,632.7467973856209,0.27728613569321536,0.2557943531394859,0.020185419300463546,1,True,False,False,False,False,True,False,False,False,False,False,True,False,False,True,False,False,False,False,False,False,False,False,False,False,False,False,False,False,True,False,False,False,False,False,False,False,False
EV9,2026,78041.17,113.5,407.0,168.5,4.13,185.0,895.0,813.0,5,58.0,2121.0,5,0,103428,3.83,4,3.5859030837004404,191.74734643734644,0.421970768505422,0.38330975954738333,0.05351249410655351,0,False,True,False,True,False,False,False,False,False,True,False,False,False,False,True,False,False,False,False,False,False,False,True,False,False,False,False,False,False,False,False,False,False,False,False,True,False,False
ID.3,2025,47861.91,65.3,231.0,89.0,6.01,161.0,443.0,400.0,7,34.8,1500.0,3,0,247700,3.21,3,3.537519142419602,207.1944155844156,0.29533333333333334,0.26666666666666666,0.043533333333333334,1,False,False,False,False,True,False,False,True,False,False,False,False,False,True,False,False,False,False,False,False,False,False,False,False,False,False,False,False,False,False,False,True,False,False,False,False,False,False
Q4 e-tron,2025,84123.81,68.5,247.0,136.8,6.57,149.0,568.0,538.0,5,39.2,1666.0,4,1,60155,3.29,8,3.605839416058394,340.5822267206478,0.34093637454981995,0.32292917166866747,0.04111644657863145,1,False,False,True,False,False,False,False,True,False,False,False,False,False,False,True,False,False,False,False,False,False,False,False,False,False,False,False,False,False,False,False,False,False,False,False,False,False,False
Mustang Mach-E,2024,62057.63,57.6,207.0,109.6,6.33,150.0,732.0,646.0,5,69.8,1502.0,4,0,65997,3.42,3,3.59375,299.7953140096618,0.4873501997336884,0.43009320905459386,0.038348868175765646,2,True,False,False,False,False,False,True,False,False,False,False,True,False,True,False,False,False,False,True,False,False,False,False,False,False,False,False,False,False,False,False,False,False,False,False,False,True,False
Seagull,2026,95761.12,80.6,277.0,210.5,3.84,181.0,1000.0,922.0,5,21.7,1789.0,4,1,171938,3.56,3,3.436724565756824,345.7080144404332,0.5589714924538849,0.5153717160424819,0.045053102291783116,0,False,True,False,False,False,False,False,False,False,False,False,False,False,False,True,False,True,False,False,False,False,False,False,False,False,False,False,False,False,False,False,False,False,False,False,True,False,False
Qin,2024,75732.88,69.3,249.0,124.1,5.85,161.0,803.0,708.0,5,72.7,2335.0,5,0,228964,3.42,4,3.5930735930735933,304.1481124497992,0.3438972162740899,0.3032119914346895,0.02967880085653105,2,False,True,False,False,False,True,False,False,False,False,False,False,False,False,True,False,True,False,False,False,False,False,False,False,False,False,False,False,False,False,False,False,False,False,False,False,False,False
ID. Buzz,2024,74047.12,72.6,248.0,77.4,6.4,154.0,808.0,703.0,5,19.4,1522.0,5,1,290963,3.67,4,3.415977961432507,298.57709677419354,0.5308804204993429,0.461892247043364,0.04770039421813403,2,False,True,False,False,False,False,False,True,False,False,False,False,False,False,True,False,False,False,False,False,False,False,False,False,False,False,False,False,False,False,False,True,False,False,False,False,True,False
Niro EV,2026,91033.29,72.5,267.0,207.0,3.44,194.0,1000.0,949.0,5,71.0,1525.0,4,0,54833,3.25,4,3.682758620689655,340.94865168539326,0.6557377049180327,0.6222950819672131,0.047540983606557376,0,False,False,False,False,False,False,True,False,False,True,False,False,False,False,True,False,False,False,False,False,False,False,True,False,False,False,False,False,False,False,False,False,False,False,False,True,False,False
Atto 3,2024,30843.09,49.0,171.0,81.1,6.63,151.0,309.0,285.0,7,39.5,1578.0,4,2,206164,3.0,4,3.489795918367347,180.36894736842106,0.1958174904942966,0.1806083650190114,0.031051964512040557,2,False,False,True,False,False,False,False,False,False,False,False,False,False,False,False,False,True,False,False,False,False,False,False,False,False,False,False,False,False,False,False,False,False,False,False,False,False,True
i5,2021,139020.51,63.5,232.0,149.7,7.84,131.0,1000.0,950.0,5,58.7,2464.0,5,1,48199,3.44,5,3.6535433070866143,599.2263362068966,0.40584415584415584,0.38555194805194803,0.025771103896103896,5,True,False,False,False,False,True,False,True,False,False,False,False,True,False,False,True,False,False,False,False,False,False,False,False,False,False,False,False,False,False,False,False,False,False,False,False,True,False
ID. Aero,2021,60392.45,68.0,225.0,133.0,7.28,137.0,628.0,523.0,7,54.4,2360.0,3,1,256880,3.23,3,3.3088235294117645,268.41088888888885,0.26610169491525426,0.22161016949152543,0.0288135593220339,5,False,True,False,False,False,True,False,True,False,False,False,False,False,True,False,False,False,False,False,False,False,False,False,False,False,False,False,False,False,False,False,True,False,False,False,False,False,True
Sportage EV,2020,26731.95,75.8,257.0,79.6,5.97,160.0,193.0,200.0,5,46.3,1818.0,5,1,147499,3.27,4,3.390501319261214,104.01536964980545,0.10616061606160616,0.11001100110011001,0.04169416941694169,6,False,True,False,True,False,False,False,False,False,True,False,False,False,False,False,False,False,False,False,False,False,False,True,False,False,False,False,False,False,False,False,False,False,False,False,False,False,True
ID. Buzz,2024,70634.98,89.6,312.0,79.6,5.55,173.0,734.0,693.0,5,16.1,1613.0,4,1,289608,3.58,3,3.482142857142857,226.39416666666665,0.4550526968381897,0.4296342219466832,0.055548667079975196,2,True,False,True,False,False,False,False,True,False,False,False,False,False,False,True,False,False,False,False,False,False,False,False,False,False,False,False,False,False,False,False,True,False,False,True,False,False,False
Dolphin,2023,25794.27,50.1,188.0,63.3,7.75,135.0,216.0,200.0,5,67.9,2438.0,3,0,112218,3.59,4,3.7524950099800396,137.20356382978724,0.08859721082854799,0.08203445447087777,0.020549630844954883,3,False,False,False,False,False,True,False,False,False,False,False,False,False,False,False,False,True,False,False,False,False,False,False,False,False,False,False,False,False,False,False,False,False,False,False,False,True,False
bZ4X,2024,94209.78,108.8,381.0,202.8,2.58,200.0,1000.0,897.0,5,38.8,1660.0,5,0,1723,3.95,3,3.5018382352941178,247.26976377952755,0.6024096385542169,0.5403614457831325,0.0655421686746988,2,False,False,False,False,False,False,False,False,True,False,False,False,False,False,True,False,False,False,False,False,False,False,False,False,False,False,False,False,False,False,True,False,False,False,False,True,False,False
Mustang Mach-E,2025,60546.72,113.0,423.0,215.3,3.14,200.0,616.0,518.0,5,21.1,1500.0,3,1,27560,3.76,5,3.743362831858407,143.13645390070923,0.4106666666666667,0.3453333333333333,0.07533333333333334,1,False,True,False,False,False,False,False,False,False,False,False,True,False,True,False,False,False,False,True,False,False,False,False,False,False,False,False,False,False,False,False,False,False,False,False,True,False,False
Cybertruck,2025,170547.81,44.5,153.0,226.9,7.93,132.0,1000.0,886.0,7,64.3,2453.0,4,2,192321,3.6,5,3.438202247191011,1114.691568627451,0.40766408479412963,0.3611903791275989,0.01814105177333877,1,False,False,False,False,False,True,False,False,False,False,False,True,True,False,False,False,False,False,False,False,False,False,False,False,False,False,False,False,False,True,False,False,False,False,False,False,True,False
EQG,2023,82191.2,71.1,281.0,116.5,6.68,154.0,357.0,352.0,5,32.2,1500.0,4,1,59566,3.91,8,3.9521800281293955,292.49537366548043,0.238,0.23466666666666666,0.0474,3,False,True,False,False,True,False,False,True,False,False,False,False,False,False,True,False,False,False,False,False,False,False,False,False,True,False,False,False,False,False,False,False,False,False,False,False,False,False
Ioniq 6,2025,100947.83,60.5,195.0,110.8,7.91,135.0,1000.0,907.0,7,36.1,1597.0,5,0,101360,3.44,4,3.2231404958677685,517.6811794871795,0.6261740763932373,0.5679398872886663,0.03788353162179086,1,False,False,True,False,False,False,False,False,False,True,False,False,True,False,False,False,False,False,False,False,False,True,False,False,False,False,False,False,False,False,False,False,False,False,False,False,True,False
e-tron GT,2024,106732.12,80.0,268.0,74.2,7.52,142.0,810.0,693.0,5,72.9,2498.0,5,2,48443,3.48,7,3.35,398.2541791044776,0.32425940752602084,0.27742193755004,0.032025620496397116,2,True,False,False,False,False,True,False,True,False,False,False,False,True,False,False,False,False,False,False,False,False,False,False,False,False,False,False,False,False,False,False,False,False,False,False,False,False,False
Explorer EV,2026,97985.03,84.1,304.0,53.7,6.12,167.0,1000.0,909.0,7,39.0,1744.0,5,1,45069,3.49,3,3.61474435196195,322.31917763157895,0.573394495412844,0.5212155963302753,0.04822247706422018,0,False,False,False,False,True,False,False,False,False,False,False,True,False,False,True,False,False,False,True,False,False,False,False,False,False,False,False,False,False,False,False,False,False,False,False,False,True,False
ID.3,2024,38794.79,77.8,290.0,97.4,6.67,150.0,297.0,256.0,5,30.9,1516.0,5,0,216258,3.83,3,3.7275064267352187,133.7751379310345,0.195910290237467,0.16886543535620052,0.05131926121372032,2,True,False,False,False,False,False,False,True,False,False,False,False,False,True,False,False,False,False,False,False,False,False,False,False,False,False,False,False,False,False,False,True,False,False,False,False,False,False
Model Y,2024,111996.5,50.5,190.0,287.9,5.63,165.0,825.0,736.0,5,69.3,1500.0,4,3,445661,3.56,5,3.762376237623762,589.4552631578947,0.55,0.49066666666666664,0.033666666666666664,2,True,False,False,False,False,False,True,False,False,False,False,True,True,False,False,False,False,False,False,False,False,False,False,False,False,False,False,False,False,True,False,False,False,False,False,False,False,True
Dolphin,2026,49411.4,105.1,362.0,91.4,4.89,181.0,512.0,489.0,7,38.7,1819.0,4,1,124104,3.7,4,3.444338725023787,136.49558011049723,0.28147333699835075,0.26882902693787797,0.057778999450247386,0,False,True,False,True,False,False,False,False,False,False,False,False,False,True,False,False,True,False,False,False,False,False,False,False,False,False,False,False,False,False,False,False,False,False,True,False,False,False
EV6,2023,37474.58,58.6,209.0,135.7,7.4,141.0,306.0,230.0,5,52.5,2381.0,5,1,67143,3.33,4,3.5665529010238908,179.30421052631579,0.12851742965140697,0.09659806803863923,0.024611507769844602,3,True,False,False,False,False,True,False,False,False,True,False,False,False,True,False,False,False,False,False,False,False,False,True,False,False,False,False,False,False,False,False,False,False,False,False,False,False,False
i3,2026,148406.75,116.4,409.0,231.2,4.17,187.0,1000.0,922.0,5,25.9,1500.0,4,2,27898,3.83,6,3.513745704467354,362.85268948655255,0.6666666666666666,0.6146666666666667,0.0776,0,False,False,True,False,False,False,False,True,False,False,False,False,True,False,False,True,False,False,False,False,False,False,False,False,False,False,False,False,False,False,False,False,False,False,False,True,False,False
Qin,2024,46656.51,45.6,150.0,62.6,6.11,167.0,542.0,509.0,5,50.9,2255.0,5,0,249607,3.33,4,3.289473684210526,311.0434,0.24035476718403548,0.22572062084257205,0.020221729490022173,2,False,False,False,True,False,False,False,False,False,False,False,False,False,True,False,False,True,False,False,False,False,False,False,False,False,False,False,False,False,False,False,False,False,False,False,False,False,True
Model X,2021,97027.76,71.4,235.0,273.3,6.57,150.0,685.0,574.0,5,69.8,1693.0,4,2,229836,3.91,4,3.291316526610644,412.88408510638294,0.40460720614294154,0.3390431187241583,0.042173656231541644,5,False,False,False,False,False,False,True,False,False,False,False,True,False,False,True,False,False,False,False,False,False,False,False,False,False,False,False,False,False,True,False,False,False,False,False,False,True,False
EQG,2026,129546.31,72.0,248.0,143.1,5.2,174.0,759.0,725.0,5,57.9,2639.0,4,1,57503,3.59,6,3.4444444444444446,522.3641532258065,0.28760894278135657,0.27472527472527475,0.027283061765820387,0,False,False,False,False,False,True,False,True,False,False,False,False,True,False,False,False,False,False,False,False,False,False,False,False,True,False,False,False,False,False,False,False,False,False,False,False,False,False
2,2025,93833.94,111.8,383.0,189.1,3.06,200.0,651.0,663.0,5,23.1,1500.0,5,0,6307,3.42,4,3.4257602862254024,244.9972323759791,0.434,0.442,0.07453333333333333,1,False,False,False,False,False,False,False,False,False,False,True,False,False,False,True,False,False,False,False,False,False,False,False,False,False,False,True,False,False,False,False,False,False,False,False,True,False,False
i30,2023,37474.79,56.5,218.0,51.4,7.69,134.0,268.0,228.0,7,74.3,1504.0,4,0,129662,3.46,3,3.8584070796460175,171.90270642201835,0.17819148936170212,0.15159574468085107,0.03756648936170213,3,True,False,False,False,False,False,True,False,False,True,False,False,False,True,False,False,False,False,False,False,False,True,False,False,False,False,False,False,False,False,False,False,False,False,False,False,False,False
Cybertruck,2025,127335.12,71.9,270.0,329.2,5.09,175.0,976.0,906.0,5,73.5,2328.0,5,3,188107,3.78,4,3.755215577190542,471.6115555555555,0.41924398625429554,0.38917525773195877,0.030884879725085912,1,False,False,False,False,False,True,False,False,False,False,False,True,True,False,False,False,False,False,False,False,False,False,False,False,False,False,False,False,False,True,False,False,False,False,False,False,False,True
Atto 3,2024,50360.89,69.3,238.0,62.5,7.82,139.0,602.0,568.0,7,22.9,1615.0,5,1,209468,3.18,4,3.4343434343434347,211.60037815126051,0.37275541795665634,0.35170278637770896,0.04291021671826625,2,False,True,False,False,True,False,False,False,False,False,False,False,False,True,False,False,True,False,False,False,False,False,False,False,False,False,False,False,False,False,False,False,False,False,False,False,False,False
Model 3,2024,152844.99,77.1,281.0,258.1,5.34,172.0,1000.0,937.0,5,59.8,2696.0,4,3,153103,4.05,5,3.6446173800259407,543.9323487544484,0.37091988130563797,0.3475519287833828,0.028597922848664685,2,False,False,False,False,False,True,False,False,False,False,False,True,True,False,False,False,False,False,False,False,False,False,False,False,False,False,False,False,False,True,False,False,False,False,False,False,True,False
R2,2025,117871.06,81.9,280.0,195.9,3.79,199.0,1000.0,922.0,7,57.1,2401.0,5,0,14378,3.8,6,3.4188034188034186,420.9680714285714,0.41649312786339027,0.38400666389004584,0.034110787172011665,1,False,True,False,False,False,True,False,False,False,False,False,True,True,False,False,False,False,False,False,False,False,False,False,False,False,False,False,False,True,False,False,False,False,False,False,True,False,False
Model X,2025,126875.08,98.3,345.0,202.5,4.3,198.0,914.0,835.0,7,65.4,1500.0,5,2,158417,3.71,5,3.5096642929806716,367.75385507246375,0.6093333333333333,0.5566666666666666,0.06553333333333333,1,False,False,False,False,False,False,True,False,False,False,False,True,True,False,False,False,False,False,False,False,False,False,False,False,False,False,False,False,False,True,False,False,False,False,False,True,False,False
Picanto EV,2024,57850.5,101.6,350.0,134.1,5.74,162.0,632.0,525.0,5,39.7,1735.0,5,2,125554,3.47,4,3.4448818897637796,165.28714285714287,0.3642651296829971,0.3025936599423631,0.058559077809798264,2,False,False,False,False,False,False,False,False,False,True,False,False,False,True,False,False,False,False,False,False,False,False,True,False,False,False,False,False,False,False,False,False,False,False,True,False,False,False
Max,2024,70890.54,64.5,242.0,135.7,7.45,138.0,713.0,594.0,7,77.4,2252.0,5,1,119629,3.38,4,3.751937984496124,292.9361157024793,0.316607460035524,0.26376554174067496,0.02864120781527531,2,False,False,False,False,False,True,False,False,False,False,False,False,False,False,True,False,True,False,False,False,False,False,False,False,False,False,False,False,False,False,False,False,False,False,False,False,False,False
Picanto EV,2024,105759.07,79.7,278.0,170.3,3.07,200.0,1000.0,892.0,7,16.9,1819.0,3,2,107830,3.56,5,3.4880803011292345,380.428309352518,0.5497526113249038,0.49037932930181416,0.043815283122594834,2,False,False,True,False,False,False,False,False,False,True,False,False,True,False,False,False,False,False,False,False,False,False,True,False,False,False,False,False,False,False,False,False,False,False,False,True,False,False
i5,2025,83830.66,91.7,316.0,249.1,3.65,188.0,634.0,606.0,7,64.3,2285.0,4,1,61677,3.43,7,3.446019629225736,265.2868987341772,0.2774617067833698,0.26520787746170676,0.04013129102844639,1,False,True,False,False,False,True,False,True,False,False,False,False,False,False,True,True,False,False,False,False,False,False,False,False,False,False,False,False,False,False,False,False,False,False,False,True,False,False
EQE,2026,148924.89,98.3,357.0,181.1,4.1,196.0,945.0,822.0,7,61.2,1889.0,4,2,66282,3.8,7,3.631739572736521,417.1565546218488,0.5002646903123346,0.4351508734780307,0.052038115404976173,0,False,False,False,True,False,False,False,True,False,False,False,False,True,False,False,False,False,False,False,False,False,False,False,False,True,False,False,False,False,False,False,False,False,False,False,True,False,False
Atto 3,2022,49226.29,46.7,177.0,51.6,5.54,160.0,529.0,492.0,5,20.6,1609.0,5,1,172454,3.29,4,3.7901498929336186,278.11463276836156,0.32877563704164076,0.3057799875699192,0.029024238657551275,4,True,False,False,False,False,False,False,False,False,False,False,False,False,True,False,False,True,False,False,False,False,False,False,False,False,False,False,False,False,False,False,False,False,False,False,False,False,False
Model S,2025,29411.54,61.2,220.0,302.1,7.98,127.0,220.0,213.0,5,31.9,1705.0,5,2,206579,3.63,6,3.594771241830065,133.6888181818182,0.12903225806451613,0.1249266862170088,0.03589442815249267,1,False,False,True,False,False,False,False,False,False,False,False,True,False,False,False,False,False,False,False,False,False,False,False,False,False,False,False,False,False,True,False,False,False,False,False,False,False,False
Cybertruck,2024,107897.62,47.5,178.0,311.3,5.76,160.0,752.0,668.0,5,68.7,2227.0,5,2,188033,3.43,4,3.7473684210526317,606.166404494382,0.33767400089806915,0.29995509654243374,0.021329142343960484,2,True,False,False,False,False,True,False,False,False,False,False,True,True,False,False,False,False,False,False,False,False,False,False,False,False,False,False,False,False,True,False,False,False,False,False,False,False,True
e-tron GT,2022,137631.97,43.1,150.0,69.1,5.31,168.0,1000.0,941.0,5,68.3,2791.0,4,2,74974,3.3,5,3.480278422273782,917.5464666666667,0.35829451809387314,0.33715514152633463,0.015442493729845934,4,False,True,False,False,False,True,False,True,False,False,False,False,True,False,False,False,False,False,False,False,False,False,False,False,False,False,False,False,False,False,False,False,False,False,False,False,True,False
e-tron GT,2024,65798.71,76.8,250.0,129.7,6.28,160.0,369.0,263.0,7,50.6,2305.0,4,2,52856,3.77,8,3.2552083333333335,263.19484,0.16008676789587853,0.11409978308026031,0.033318872017353576,2,False,True,False,False,False,True,False,True,False,False,False,False,False,False,True,False,False,False,False,False,False,False,False,False,False,False,False,False,False,False,False,False,False,False,False,False,False,False
Niro EV,2022,93773.43,61.9,194.0,129.3,6.81,152.0,1000.0,944.0,5,60.1,2450.0,5,1,126881,3.6,3,3.134087237479806,483.3681958762886,0.40816326530612246,0.3853061224489796,0.02526530612244898,4,False,False,False,False,False,True,False,False,False,True,False,False,False,False,True,False,False,False,False,False,False,False,True,False,False,False,False,False,False,False,False,False,False,False,False,False,True,False
Picanto EV,2024,57643.94,54.7,170.0,147.9,6.49,150.0,606.0,551.0,5,37.6,1686.0,5,1,149672,3.38,3,3.1078610603290673,339.082,0.3594306049822064,0.32680901542111507,0.032443653618030845,2,False,False,False,False,True,False,False,False,False,True,False,False,False,True,False,False,False,False,False,False,False,False,True,False,False,False,False,False,False,False,False,False,False,False,False,False,False,False
i5,2022,102440.51,94.7,337.0,226.8,3.87,184.0,790.0,750.0,5,32.3,1545.0,3,2,23392,3.69,7,3.5586061246040126,303.9777744807121,0.511326860841424,0.4854368932038835,0.061294498381877026,4,False,True,True,False,False,False,False,True,False,False,False,False,True,False,False,True,False,False,False,False,False,False,False,False,False,False,False,False,False,False,False,False,False,False,False,True,False,False
Cybertruck,2024,49296.66,41.7,153.0,274.8,7.39,134.0,302.0,303.0,5,60.8,2643.0,5,3,241001,3.74,6,3.6690647482014387,322.2003921568628,0.1142640938327658,0.11464245175936436,0.015777525539160047,2,True,False,False,False,False,True,False,False,False,False,False,True,False,True,False,False,False,False,False,False,False,False,False,False,False,False,False,False,False,True,False,False,False,False,False,False,False,False
R1S,2024,118076.47,74.0,249.0,161.6,3.41,194.0,1000.0,911.0,7,35.5,1514.0,5,1,656,3.53,5,3.364864864864865,474.2026907630522,0.6605019815059445,0.6017173051519155,0.0488771466314399,2,False,True,True,False,False,False,False,False,False,False,False,True,True,False,False,False,False,False,False,False,False,False,False,False,False,False,False,False,True,False,False,False,False,False,False,True,False,False
ID.4,2023,69215.27,62.0,197.0,117.5,7.34,136.0,704.0,655.0,7,74.3,2586.0,5,1,211559,3.61,4,3.1774193548387095,351.3465482233503,0.2722351121423047,0.2532869296210363,0.02397525135344161,3,False,False,False,False,False,True,False,True,False,False,False,False,False,False,True,False,False,False,False,False,False,False,False,False,False,False,False,False,False,False,False,True,False,False,False,False,True,False
ID. Aero,2026,86339.6,57.8,217.0,149.7,7.31,145.0,1000.0,837.0,5,35.0,1882.0,5,0,279621,3.38,3,3.754325259515571,397.8783410138249,0.5313496280552603,0.4447396386822529,0.030712008501594047,0,True,False,False,False,True,False,False,True,False,False,False,False,False,False,True,False,False,False,False,False,False,False,False,False,False,False,False,False,False,False,False,True,False,False,False,False,False,True
Ioniq 6,2023,41678.26,66.4,252.0,83.9,7.12,155.0,368.0,362.0,5,69.3,1580.0,4,1,52756,3.29,4,3.795180722891566,165.38992063492066,0.23291139240506328,0.2291139240506329,0.0420253164556962,3,False,False,False,False,False,False,True,False,False,True,False,False,False,True,False,False,False,False,False,False,False,True,False,False,False,False,False,False,False,False,False,False,False,False,False,False,False,False
Cybertruck,2025,131326.82,44.5,172.0,271.0,6.26,164.0,951.0,870.0,5,73.1,2711.0,5,2,195107,3.68,5,3.865168539325843,763.528023255814,0.35079306528956106,0.3209147915898193,0.016414607156030984,1,False,False,False,False,False,True,False,False,False,False,False,True,True,False,False,False,False,False,False,False,False,False,False,False,False,False,False,False,False,True,False,False,False,False,False,False,True,False
Model X,2025,106034.49,82.6,286.0,201.7,6.63,151.0,719.0,582.0,7,75.5,1771.0,5,2,136623,3.7,6,3.4624697336561745,370.74996503496504,0.4059853190287973,0.3286278938452851,0.04664031620553359,1,True,False,False,False,False,False,True,False,False,False,False,True,True,False,False,False,False,False,False,False,False,False,False,False,False,False,False,False,False,True,False,False,False,False,False,False,False,False
Blazer EV,2023,60380.4,91.2,308.0,182.4,3.99,199.0,753.0,660.0,7,76.9,1584.0,3,1,8909,3.76,3,3.3771929824561404,196.04025974025976,0.4753787878787879,0.4166666666666667,0.05757575757575758,3,False,True,False,False,False,False,True,False,False,False,False,True,False,True,False,False,False,False,False,True,False,False,False,False,False,False,False,False,False,False,False,False,False,False,False,True,False,False
Model Y,2024,141348.91,115.7,409.0,243.6,3.11,200.0,1000.0,942.0,5,26.6,1540.0,4,2,490678,4.51,4,3.5350043215211753,345.59635696821516,0.6493506493506493,0.6116883116883117,0.07512987012987013,2,False,False,False,False,False,False,False,False,False,False,False,True,True,False,False,False,False,False,False,False,False,False,False,False,False,False,False,False,False,True,False,False,False,False,False,True,False,False
Picanto EV,2025,33502.19,82.4,304.0,74.7,7.22,144.0,220.0,238.0,7,76.5,1588.0,4,0,70571,3.47,4,3.6893203883495143,110.20457236842105,0.1385390428211587,0.14987405541561713,0.05188916876574308,1,True,False,False,False,False,False,True,False,False,True,False,False,False,False,False,False,False,False,False,False,False,False,True,False,False,False,False,False,False,False,False,False,False,False,False,False,False,False
Seagull,2025,98579.06,64.3,224.0,56.8,6.74,143.0,1000.0,891.0,5,19.3,1606.0,5,0,142672,3.25,3,3.4836702954898913,440.0850892857143,0.6226650062266501,0.5547945205479452,0.0400373599003736,1,False,False,False,False,False,False,False,False,False,False,False,False,False,False,True,False,True,False,False,False,False,False,False,False,False,False,False,False,False,False,False,False,False,False,False,False,True,False
ID. Aero,2024,29413.61,69.3,264.0,107.2,7.54,131.0,186.0,208.0,5,38.3,2196.0,5,1,268683,3.64,4,3.8095238095238098,111.4151893939394,0.08469945355191257,0.0947176684881603,0.031557377049180324,2,False,False,False,True,False,False,False,True,False,False,False,False,False,False,False,False,False,False,False,False,False,False,False,False,False,False,False,False,False,False,False,True,False,False,False,False,False,False
Atto 3,2025,32535.18,92.0,307.0,138.7,5.28,175.0,341.0,309.0,5,39.2,1704.0,4,2,218123,3.53,3,3.3369565217391304,105.97778501628665,0.20011737089201878,0.1813380281690141,0.0539906103286385,1,False,True,False,False,True,False,False,False,False,False,False,False,False,False,False,False,True,False,False,False,False,False,False,False,False,False,False,False,False,False,False,False,False,False,True,False,False,False
ID.5,2024,106703.67,90.5,330.0,247.6,4.38,192.0,1000.0,884.0,7,61.7,1614.0,5,0,282713,3.53,3,3.6464088397790055,323.34445454545454,0.6195786864931846,0.5477075588599752,0.05607187112763321,2,False,True,False,False,False,False,True,True,False,False,False,False,True,False,False,False,False,False,False,False,False,False,False,False,False,False,False,False,False,False,False,True,False,False,False,True,False,False
Bolt EUV,2025,61871.83,57.9,176.0,120.9,5.75,168.0,782.0,728.0,5,24.9,1500.0,5,0,10487,3.16,3,3.03972366148532,351.54448863636367,0.5213333333333333,0.48533333333333334,0.0386,1,False,True,True,False,False,False,False,False,False,False,False,True,False,True,False,False,False,False,False,True,False,False,False,False,False,False,False,False,False,False,False,False,False,False,False,False,True,False
Yuan Plus,2024,31743.27,82.5,285.0,136.5,5.75,166.0,292.0,292.0,5,63.5,1787.0,4,1,226541,3.63,3,3.4545454545454546,111.3798947368421,0.1634023503077784,0.1634023503077784,0.04616675993284835,2,False,False,False,True,False,False,False,False,False,False,False,False,False,False,False,False,True,False,False,False,False,False,False,False,False,False,False,False,False,False,False,False,False,False,False,False,False,False
Sportage EV,2025,72347.59,112.0,369.0,204.8,4.18,185.0,800.0,714.0,7,37.5,2315.0,3,0,144057,3.62,3,3.294642857142857,196.06392953929537,0.34557235421166305,0.30842332613390927,0.04838012958963283,1,False,False,False,True,False,False,False,False,False,True,False,False,False,False,True,False,False,False,False,False,False,False,True,False,False,False,False,False,False,False,False,False,False,False,False,True,False,False
Ioniq 6,2025,47415.02,112.3,399.0,174.2,3.55,200.0,463.0,391.0,7,22.4,1581.0,5,2,102665,3.98,3,3.5529830810329477,118.83463659147868,0.2928526249209361,0.24731182795698925,0.07103099304237824,1,True,False,True,False,False,False,False,False,False,True,False,False,False,True,False,False,False,False,False,False,False,True,False,False,False,False,False,False,False,False,False,False,False,False,False,True,False,False
i4,2023,101992.19,49.3,168.0,109.7,5.58,165.0,804.0,703.0,7,32.1,1856.0,5,2,24913,3.34,6,3.4077079107505073,607.0963690476191,0.4331896551724138,0.37877155172413796,0.0265625,3,True,False,False,False,True,False,False,True,False,False,False,False,True,False,False,True,False,False,False,False,False,False,False,False,False,False,False,False,False,False,False,False,False,False,False,False,False,True
EC6,2025,83405.89,75.4,277.0,62.0,5.21,164.0,723.0,689.0,7,74.9,1673.0,5,0,11073,3.32,5,3.6737400530503974,301.10429602888087,0.43215780035863716,0.4118350268977884,0.045068738792588166,1,False,True,False,False,False,False,True,False,False,False,False,False,False,False,True,False,False,False,False,False,False,False,False,False,False,True,False,False,False,False,False,False,False,False,False,False,True,False
Blazer EV,2023,77802.21,81.5,300.0,152.9,3.57,195.0,1000.0,925.0,5,65.0,2508.0,5,1,18415,3.87,4,3.6809815950920246,259.3407,0.39872408293460926,0.36881977671451355,0.032496012759170655,3,False,False,False,False,False,True,False,False,False,False,False,True,False,False,True,False,False,False,False,True,False,False,False,False,False,False,False,False,False,False,False,False,False,False,False,True,False,False
Atto 3,2024,53801.14,101.6,365.0,242.3,2.51,200.0,595.0,572.0,7,64.5,1590.0,5,0,168996,3.7,4,3.5925196850393704,147.40038356164382,0.3742138364779874,0.35974842767295595,0.06389937106918239,2,False,False,False,False,False,False,True,False,False,False,False,False,False,True,False,False,True,False,False,False,False,False,False,False,False,False,False,False,False,False,False,False,False,False,False,True,False,False
Model 3,2025,84190.57,98.0,350.0,308.3,4.72,182.0,592.0,522.0,7,32.0,1694.0,4,2,181874,3.94,4,3.5714285714285716,240.54448571428574,0.34946871310507677,0.30814639905548996,0.05785123966942149,1,False,True,False,False,False,False,False,False,False,False,False,True,False,False,True,False,False,False,False,False,False,False,False,False,False,False,False,False,False,True,False,False,False,False,True,False,False,False
Qin,2023,40160.18,61.8,214.0,142.4,5.79,164.0,401.0,356.0,7,39.3,1500.0,5,0,234883,3.4,3,3.4627831715210355,187.66439252336448,0.2673333333333333,0.23733333333333334,0.0412,3,True,False,True,False,False,False,False,False,False,False,False,False,False,True,False,False,True,False,False,False,False,False,False,False,False,False,False,False,False,False,False,False,False,False,False,False,False,False
EV6,2022,48028.48,102.7,351.0,182.0,3.29,200.0,489.0,421.0,5,27.7,1500.0,4,2,81607,3.7,5,3.4177215189873418,136.83327635327637,0.326,0.2806666666666667,0.06846666666666666,4,False,False,True,False,False,False,False,False,False,True,False,False,False,True,False,False,False,False,False,False,False,False,True,False,False,False,False,False,False,False,False,False,False,False,False,True,False,False
Model S,2026,120990.97,76.9,272.0,208.1,2.81,200.0,841.0,743.0,7,77.7,2847.0,4,2,177875,3.74,5,3.5370611183355005,444.81974264705883,0.29539866526167896,0.2609764664559185,0.02701088865472427,0,False,False,False,False,False,True,False,False,False,False,False,True,True,False,False,False,False,False,False,False,False,False,False,False,False,False,False,False,False,True,False,False,False,False,False,True,False,False
i30,2022,52457.02,61.6,184.0,60.7,7.28,139.0,503.0,465.0,5,26.9,1576.0,5,1,72150,3.34,5,2.987012987012987,285.0925,0.31916243654822335,0.2950507614213198,0.03908629441624366,4,False,False,False,False,True,False,False,False,False,True,False,False,False,True,False,False,False,False,False,False,False,True,False,False,False,False,False,False,False,False,False,False,False,False,False,False,False,False
Picanto EV,2023,66396.28,40.4,150.0,72.8,5.36,172.0,763.0,668.0,7,23.5,1580.0,4,2,93251,3.17,3,3.712871287128713,442.64186666666666,0.4829113924050633,0.42278481012658226,0.025569620253164557,3,False,False,False,False,True,False,False,False,False,True,False,False,False,False,True,False,False,False,False,False,False,False,True,False,False,False,False,False,False,False,False,False,False,False,False,False,False,True
Dolphin,2025,53719.72,48.4,150.0,130.4,5.96,160.0,629.0,556.0,7,38.7,1728.0,3,0,246801,3.15,5,3.0991735537190084,358.13146666666665,0.36400462962962965,0.32175925925925924,0.028009259259259258,1,True,False,True,False,False,False,False,False,False,False,False,False,False,True,False,False,True,False,False,False,False,False,False,False,False,False,False,False,False,False,False,False,False,False,False,False,False,False
Mustang Mach-E,2026,56792.12,67.2,207.0,138.4,7.7,135.0,555.0,485.0,5,51.2,2102.0,4,0,31784,3.24,4,3.080357142857143,274.35806763285024,0.26403425309229306,0.230732635585157,0.03196955280685062,0,False,False,False,True,False,False,False,False,False,False,False,True,False,True,False,False,False,False,True,False,False,False,False,False,False,False,False,False,False,False,False,False,False,False,False,False,True,False
Model S,2024,122807.61,51.0,203.0,348.4,5.61,177.0,905.0,784.0,7,78.0,1500.0,4,3,162784,3.67,6,3.980392156862745,604.9635960591133,0.6033333333333334,0.5226666666666666,0.034,2,False,False,False,False,False,False,True,False,False,False,False,True,True,False,False,False,False,False,False,False,False,False,False,False,False,False,False,False,False,True,False,False,False,False,False,False,False,True
Model X,2025,153915.44,92.0,309.0,214.0,4.56,177.0,1000.0,955.0,5,73.2,1572.0,5,2,210826,3.64,5,3.358695652173913,498.10822006472495,0.6361323155216285,0.6075063613231552,0.058524173027989825,1,False,True,False,False,False,False,True,False,False,False,False,True,True,False,False,False,False,False,False,False,False,False,False,False,False,False,False,False,False,True,False,False,False,False,True,False,False,False
Equinox EV,2025,28857.9,80.0,326.0,78.0,6.63,147.0,200.0,200.0,7,38.7,2241.0,4,0,24599,3.71,4,4.075,88.52116564417179,0.0892458723784025,0.0892458723784025,0.035698348951361,1,False,True,False,True,False,False,False,False,False,False,False,True,False,False,False,False,False,False,False,True,False,False,False,False,False,False,False,False,False,False,False,False,False,False,False,False,False,True
Kona Electric,2024,53616.49,57.8,161.0,106.9,7.18,147.0,606.0,581.0,5,22.9,1500.0,5,0,78661,3.39,3,2.785467128027682,333.0216770186335,0.404,0.3873333333333333,0.03853333333333333,2,False,False,False,False,False,False,False,False,False,True,False,False,False,True,False,False,False,False,False,False,False,True,False,False,False,False,False,False,False,False,False,False,False,False,False,False,False,True
i5,2020,93337.36,72.7,232.0,51.4,5.06,176.0,720.0,650.0,5,54.7,2335.0,5,1,25170,3.43,8,3.1911966987620355,402.3162068965517,0.3083511777301927,0.278372591006424,0.03113490364025696,6,False,True,False,False,False,True,False,True,False,False,False,False,False,False,True,True,False,False,False,False,False,False,False,False,False,False,False,False,False,False,False,False,False,False,False,False,False,False
ID. Aero,2026,69769.06,45.0,150.0,144.8,7.91,140.0,724.0,672.0,7,25.0,1560.0,4,0,251078,3.0,4,3.3333333333333335,465.1270666666667,0.4641025641025641,0.4307692307692308,0.028846153846153848,0,False,True,True,False,False,False,False,True,False,False,False,False,False,False,True,False,False,False,False,False,False,False,False,False,False,False,False,False,False,False,False,True,False,False,False,False,False,True
Yuan Plus,2026,35604.12,69.8,235.0,114.5,5.44,174.0,380.0,335.0,5,60.0,2708.0,5,0,210674,3.59,3,3.36676217765043,151.5068936170213,0.14032496307237813,0.12370753323485968,0.025775480059084192,0,False,True,False,False,False,True,False,False,False,False,False,False,False,True,False,False,True,False,False,False,False,False,False,False,False,False,False,False,False,False,False,False,False,False,False,False,False,True
F-150 Lightning,2025,91074.2,83.3,309.0,123.8,5.32,165.0,1000.0,875.0,4,59.8,2537.0,5,1,78477,3.54,5,3.709483793517407,294.7385113268608,0.3941663381947182,0.3448955459203784,0.03283405597162002,1,True,False,False,False,False,True,False,False,False,False,False,True,False,False,True,False,False,False,True,False,False,False,False,False,False,False,False,False,False,False,False,False,False,False,True,False,False,False
E-Transit,2022,72686.4,58.3,197.0,55.6,7.84,135.0,806.0,761.0,7,34.3,1507.0,3,0,32038,3.44,3,3.379073756432247,368.9664974619289,0.5348374253483743,0.5049767750497678,0.03868613138686131,4,False,True,False,False,False,False,False,False,False,False,False,True,False,False,True,False,False,False,True,False,False,False,False,False,False,False,False,False,False,False,False,False,False,False,False,False,True,False
Bolt EV,2024,43772.41,113.5,369.0,244.5,3.14,192.0,465.0,370.0,7,55.5,2127.0,4,0,13494,3.81,4,3.251101321585903,118.62441734417345,0.21861777150916784,0.17395392571697227,0.053361542078044194,2,True,False,False,True,False,False,False,False,False,False,False,True,False,True,False,False,False,False,False,True,False,False,False,False,False,False,False,False,False,False,False,False,False,False,False,True,False,False
Max,2025,100296.35,81.5,290.0,71.6,7.14,143.0,1000.0,904.0,7,33.3,1686.0,4,0,155370,3.84,4,3.558282208588957,345.8494827586207,0.5931198102016607,0.5361803084223014,0.04833926453143535,1,False,False,True,False,False,False,False,False,False,False,False,False,True,False,False,False,True,False,False,False,False,False,False,False,False,False,False,False,False,False,False,False,False,False,False,False,True,False
Picanto EV,2026,70115.71,95.5,342.0,140.0,4.95,168.0,873.0,766.0,5,38.2,1535.0,5,0,82992,3.83,4,3.581151832460733,205.01669590643277,0.5687296416938111,0.4990228013029316,0.06221498371335505,0,True,False,False,False,True,False,False,False,False,True,False,False,False,False,True,False,False,False,False,False,False,False,True,False,False,False,False,False,False,False,False,False,False,False,True,False,False,False
ID. Buzz,2026,70180.35,48.8,170.0,145.0,6.15,159.0,702.0,698.0,5,63.5,2406.0,4,0,220918,3.38,4,3.4836065573770494,412.82558823529416,0.29177057356608477,0.29010806317539484,0.02028262676641729,0,True,False,False,False,False,True,False,True,False,False,False,False,False,False,True,False,False,False,False,False,False,False,False,False,False,False,False,False,False,False,False,True,False,False,False,False,False,False
Model 3,2023,50661.72,45.0,150.0,321.1,7.4,132.0,355.0,361.0,5,58.9,2602.0,5,2,240645,3.26,6,3.3333333333333335,337.7448,0.13643351268255188,0.13873943120676402,0.017294388931591083,3,True,False,False,False,False,True,False,False,False,False,False,True,False,True,False,False,False,False,False,False,False,False,False,False,False,False,False,False,False,True,False,False,False,False,False,False,False,False
R1S,2023,71764.23,63.3,216.0,111.8,5.26,179.0,267.0,240.0,5,25.4,1532.0,4,1,16601,3.25,4,3.4123222748815167,332.2418055555555,0.17428198433420367,0.1566579634464752,0.04131853785900783,3,False,True,False,False,False,False,False,False,False,False,False,True,False,False,True,False,False,False,False,False,False,False,False,False,False,False,False,False,True,False,False,False,False,False,False,False,False,False
Model Y,2024,118291.58,82.5,290.0,268.0,6.17,157.0,828.0,772.0,5,51.0,2443.0,5,2,419454,3.57,4,3.515151515151515,407.902,0.3389275480966025,0.31600491199345065,0.03376995497339337,2,False,False,False,False,False,True,False,False,False,False,False,True,True,False,False,False,False,False,False,False,False,False,False,False,False,False,False,False,False,True,False,False,False,False,False,False,False,True
bZ Compact SUV,2025,65608.6,60.1,208.0,67.8,6.65,154.0,816.0,769.0,5,56.9,1949.0,4,1,24977,3.36,5,3.4608985024958403,315.4259615384616,0.41867624422780914,0.39456131349409956,0.030836326321190356,1,True,False,False,True,False,False,False,False,True,False,False,False,False,False,True,False,False,False,False,False,False,False,False,False,False,False,False,False,False,False,True,False,False,False,False,False,False,False
ID. Buzz,2023,99863.63,66.5,227.0,113.9,7.86,134.0,1000.0,879.0,7,63.8,2583.0,5,0,237739,3.79,4,3.4135338345864663,439.9278854625551,0.38714672861014326,0.3403019744483159,0.025745257452574527,3,False,False,False,False,False,True,False,True,False,False,False,False,False,False,True,False,False,False,False,False,False,False,False,False,False,False,False,False,False,False,False,True,False,False,False,False,True,False
Model 3,2022,84609.91,107.2,365.0,286.9,5.82,165.0,593.0,574.0,5,59.3,2001.0,4,2,171529,4.12,6,3.404850746268657,231.80797260273974,0.296351824087956,0.2868565717141429,0.05357321339330335,4,False,True,False,True,False,False,False,False,False,False,False,True,False,False,True,False,False,False,False,False,False,False,False,False,False,False,False,False,False,True,False,False,False,False,True,False,False,False
Sportage EV,2025,81244.23,54.9,181.0,55.0,6.43,149.0,972.0,869.0,5,54.1,2277.0,5,2,70466,3.28,5,3.2969034608378873,448.8631491712707,0.4268774703557312,0.38164251207729466,0.024110671936758893,1,False,False,False,True,False,False,False,False,False,True,False,False,False,False,True,False,False,False,False,False,False,False,True,False,False,False,False,False,False,False,False,False,False,False,False,False,True,False
EQC,2024,167460.91,69.9,243.0,76.8,5.18,175.0,1000.0,943.0,7,39.8,1500.0,4,1,50533,3.71,5,3.4763948497854074,689.1395473251029,0.6666666666666666,0.6286666666666667,0.0466,2,False,True,True,False,False,False,False,True,False,False,False,False,True,False,False,False,False,False,False,False,False,False,False,False,True,False,False,False,False,False,False,False,False,False,False,False,True,False
Equinox EV,2023,33127.16,87.4,303.0,69.7,5.64,160.0,228.0,275.0,5,39.5,2025.0,4,0,19880,3.66,5,3.466819221967963,109.33056105610562,0.11259259259259259,0.13580246913580246,0.043160493827160494,3,True,False,False,True,False,False,False,False,False,False,False,True,False,False,False,False,False,False,False,True,False,False,False,False,False,False,False,False,False,False,False,False,False,False,True,False,False,False
Explorer EV,2023,66131.67,96.5,322.0,171.9,2.66,200.0,729.0,712.0,5,51.8,2343.0,5,0,34351,3.53,4,3.3367875647668392,205.37785714285712,0.3111395646606914,0.3038839095177123,0.041186513017498934,3,True,False,False,False,False,True,False,False,False,False,False,True,False,False,True,False,False,False,True,False,False,False,False,False,False,False,False,False,False,False,False,False,False,False,False,True,False,False
i7,2024,58695.0,50.0,177.0,105.7,6.25,155.0,314.0,298.0,5,21.0,1677.0,4,2,59887,3.39,6,3.54,331.6101694915254,0.1872391174716756,0.17769827072152652,0.02981514609421586,2,False,False,False,False,False,False,False,True,False,False,False,False,False,True,False,True,False,False,False,False,False,False,False,False,False,False,False,False,False,False,False,False,False,False,False,False,False,False
Silverado EV,2025,46867.37,59.3,232.0,69.2,7.47,135.0,501.0,394.0,7,37.1,1579.0,5,0,24354,3.3,3,3.912310286677909,202.01452586206898,0.31728942368587715,0.24952501583280556,0.037555414819506014,1,False,True,False,False,True,False,False,False,False,False,False,True,False,True,False,False,False,False,False,True,False,False,False,False,False,False,False,False,False,False,False,False,False,False,False,False,True,False
EQS,2024,183949.91,87.0,328.0,226.2,3.1,200.0,1000.0,941.0,5,15.9,1676.0,5,2,78765,4.06,6,3.7701149425287355,560.8228963414634,0.5966587112171837,0.5614558472553699,0.05190930787589499,2,False,False,False,False,False,False,False,True,False,False,False,False,True,False,False,False,False,False,False,False,False,False,False,False,True,False,False,False,False,False,False,False,False,False,False,True,False,False
Max,2025,26705.48,85.3,273.0,118.5,5.64,169.0,280.0,247.0,7,51.9,2625.0,4,1,188547,3.41,3,3.200468933177022,97.82227106227106,0.10666666666666667,0.09409523809523809,0.03249523809523809,1,False,False,False,False,False,True,False,False,False,False,False,False,False,False,False,False,True,False,False,False,False,False,False,False,False,False,False,False,False,False,False,False,False,False,True,False,False,False
Ioniq 5,2024,37623.67,63.5,214.0,107.8,5.74,165.0,344.0,327.0,5,75.8,1500.0,4,0,76324,3.31,4,3.37007874015748,175.81154205607476,0.22933333333333333,0.218,0.042333333333333334,2,False,True,False,False,False,False,True,False,False,True,False,False,False,True,False,False,False,False,False,False,False,True,False,False,False,False,False,False,False,False,False,False,False,False,False,False,False,True
Dolphin,2025,98821.6,98.4,363.0,218.3,3.74,189.0,1000.0,930.0,7,21.5,1500.0,4,1,172137,3.93,4,3.6890243902439024,272.23581267217634,0.6666666666666666,0.62,0.0656,1,False,False,True,False,False,False,False,False,False,False,False,False,False,False,True,False,True,False,False,False,False,False,False,False,False,False,False,False,False,False,False,False,False,False,False,True,False,False
Macan Electric,2025,186969.89,80.5,291.0,313.1,7.79,132.0,1000.0,936.0,5,18.4,1894.0,5,1,29154,4.28,8,3.6149068322981366,642.5082130584193,0.5279831045406547,0.4941921858500528,0.0425026399155227,1,False,False,True,False,False,False,False,True,False,False,False,False,True,False,False,False,False,False,False,False,False,False,False,False,False,False,False,True,False,False,False,False,False,False,False,False,False,True
EL8,2024,68322.21,64.5,203.0,121.2,7.2,143.0,526.0,465.0,5,32.5,1745.0,5,0,2458,3.46,4,3.147286821705426,336.56261083743846,0.301432664756447,0.2664756446991404,0.03696275071633238,2,False,True,False,False,False,False,False,False,False,False,False,False,False,False,True,False,False,False,False,False,False,False,False,False,False,True,False,False,False,False,False,False,False,False,False,False,True,False
Model Y,2024,91805.32,52.7,197.0,346.1,6.04,156.0,668.0,649.0,7,23.6,1500.0,4,2,462587,3.48,5,3.738140417457305,466.0168527918782,0.44533333333333336,0.43266666666666664,0.035133333333333336,2,False,True,True,False,False,False,False,False,False,False,False,True,False,False,True,False,False,False,False,False,False,False,False,False,False,False,False,False,False,True,False,False,False,False,False,False,True,False
Bolt EV,2024,34244.16,59.5,214.0,98.8,5.67,163.0,288.0,251.0,7,45.1,1772.0,5,0,29653,3.5,4,3.596638655462185,160.01943925233647,0.16252821670428894,0.14164785553047404,0.03357787810383747,2,False,False,False,True,False,False,False,False,False,False,False,True,False,False,False,False,False,False,False,True,False,False,False,False,False,False,False,False,False,False,False,False,False,False,False,False,False,False
R3,2026,113739.43,106.9,358.0,185.6,3.03,200.0,1000.0,935.0,5,36.5,1500.0,4,1,22439,3.75,6,3.3489242282507012,317.70790502793295,0.6666666666666666,0.6233333333333333,0.07126666666666667,0,False,False,False,False,False,False,False,False,False,False,False,True,True,False,False,False,False,False,False,False,False,False,False,False,False,False,False,False,True,False,False,False,False,False,False,True,False,False
Cybertruck,2025,98006.33,50.5,177.0,336.0,7.58,138.0,719.0,587.0,7,67.6,2276.0,4,3,113383,3.75,4,3.504950495049505,553.7080790960453,0.31590509666080846,0.257908611599297,0.02218804920913884,1,True,False,False,False,False,True,False,False,False,False,False,True,False,False,True,False,False,False,False,False,False,False,False,False,False,False,False,False,False,True,False,False,False,False,False,False,False,True
EV9,2024,67166.43,71.5,240.0,70.8,7.01,135.0,723.0,642.0,5,61.2,1821.0,4,2,69022,3.56,5,3.3566433566433567,279.860125,0.3970345963756178,0.3525535420098847,0.03926414058209775,2,False,False,False,True,False,False,False,False,False,True,False,False,False,False,True,False,False,False,False,False,False,False,True,False,False,False,False,False,False,False,False,False,False,False,False,False,False,True
R1S,2024,73774.27,67.4,263.0,131.8,6.54,148.0,325.0,272.0,7,70.8,2508.0,5,1,22100,3.49,4,3.902077151335311,280.51053231939164,0.129585326953748,0.10845295055821372,0.026874003189792665,2,False,False,False,False,False,True,False,False,False,False,False,True,False,False,True,False,False,False,False,False,False,False,False,False,False,False,False,False,True,False,False,False,False,False,False,False,False,False
Model Y,2024,98420.53,75.3,267.0,260.0,5.57,165.0,739.0,720.0,5,30.6,1628.0,5,3,459091,3.73,6,3.545816733067729,368.6162172284644,0.45393120393120395,0.44226044226044225,0.04625307125307125,2,False,True,True,False,False,False,False,False,False,False,False,True,False,False,True,False,False,False,False,False,False,False,False,False,False,False,False,False,False,True,False,False,False,False,True,False,False,False
Silverado EV,2024,42545.39,40.0,150.0,115.3,5.39,171.0,460.0,408.0,7,21.0,1830.0,3,1,11545,3.42,4,3.75,283.63593333333336,0.25136612021857924,0.22295081967213115,0.02185792349726776,2,True,False,False,False,True,False,False,False,False,False,False,True,False,True,False,False,False,False,False,True,False,False,False,False,False,False,False,False,False,False,False,False,False,False,False,False,False,True
Leaf 50X,2023,25921.47,101.8,344.0,196.5,4.43,188.0,215.0,200.0,5,74.6,2544.0,5,0,110847,3.94,4,3.3791748526522594,75.35311046511629,0.0845125786163522,0.07861635220125786,0.04001572327044025,3,False,False,False,False,False,True,False,False,False,False,False,False,False,False,False,False,True,False,False,False,False,False,False,False,False,False,False,False,False,False,False,False,False,False,False,True,False,False
R1S,2024,86119.94,52.4,172.0,92.5,5.38,170.0,1000.0,929.0,7,69.0,1514.0,4,1,1755,3.19,4,3.282442748091603,500.6973255813954,0.6605019815059445,0.6136063408190224,0.034610303830911494,2,False,False,False,False,False,False,True,False,False,False,False,True,False,False,True,False,False,False,False,False,False,False,False,False,False,False,False,False,True,False,False,False,False,False,False,False,False,True
Ronin,2024,77587.25,78.3,296.0,183.2,3.66,198.0,605.0,533.0,7,34.4,1691.0,4,1,24352,3.46,5,3.7803320561941254,262.1190878378378,0.3577764636309876,0.3151981076286221,0.04630396215257244,2,False,False,False,False,True,False,False,False,False,False,False,True,False,False,True,False,False,True,False,False,False,False,False,False,False,False,False,False,False,False,False,False,False,False,False,True,False,False
bZ4X,2026,89238.61,105.2,336.0,114.0,4.89,178.0,1000.0,879.0,5,36.0,1734.0,5,0,3195,3.98,5,3.1939163498098857,265.5911011904762,0.5767012687427913,0.5069204152249135,0.06066897347174164,0,False,True,True,False,False,False,False,False,True,False,False,False,False,False,True,False,False,False,False,False,False,False,False,False,False,False,False,False,False,False,True,False,False,False,True,False,False,False
Ioniq 6,2023,53342.39,42.5,150.0,111.1,5.32,179.0,558.0,506.0,5,15.5,1500.0,4,0,142003,3.16,4,3.5294117647058822,355.6159333333333,0.372,0.3373333333333333,0.028333333333333332,3,True,False,False,False,True,False,False,False,False,True,False,False,False,True,False,False,False,False,False,False,False,True,False,False,False,False,False,False,False,False,False,False,False,False,False,False,False,True
EQS,2026,108752.82,76.2,250.0,137.0,6.68,144.0,577.0,547.0,5,49.0,1922.0,4,2,65854,3.7,6,3.2808398950131235,435.01128000000006,0.30020811654526536,0.2845993756503642,0.03964620187304891,0,False,False,False,True,False,False,False,True,False,False,False,False,True,False,False,False,False,False,False,False,False,False,False,False,True,False,False,False,False,False,False,False,False,False,False,False,True,False
GLE EV,2022,94570.88,72.7,257.0,91.1,5.86,162.0,421.0,339.0,7,78.9,2664.0,5,2,59270,3.75,5,3.5350756533700136,367.9800778210117,0.15803303303303304,0.12725225225225226,0.02728978978978979,4,False,False,False,False,False,True,False,True,False,False,False,False,False,False,True,False,False,False,False,False,False,False,False,False,True,False,False,False,False,False,False,False,False,False,False,False,False,False
Dolphin,2025,52113.75,54.9,221.0,140.9,6.37,148.0,558.0,507.0,5,19.8,1539.0,4,2,186712,3.38,5,4.025500910746812,235.80882352941177,0.36257309941520466,0.32943469785575047,0.03567251461988304,1,False,False,False,False,False,False,False,False,False,False,False,False,False,True,False,False,True,False,False,False,False,False,False,False,False,False,False,False,False,False,False,False,False,False,False,False,False,False
EQC,2025,91108.2,66.3,223.0,90.2,6.24,157.0,447.0,344.0,5,71.3,1793.0,5,1,58124,3.6,6,3.363499245852187,408.5569506726457,0.24930284439486894,0.19185722253206916,0.0369771332961517,1,False,False,False,False,False,False,True,True,False,False,False,False,False,False,True,False,False,False,False,False,False,False,False,False,True,False,False,False,False,False,False,False,False,False,False,False,True,False
Cybertruck,2024,49738.35,47.0,150.0,329.8,5.85,165.0,378.0,292.0,7,57.9,2606.0,5,3,179970,3.63,5,3.1914893617021276,331.589,0.14504988488104376,0.11204911742133537,0.018035303146584806,2,False,True,False,False,False,True,False,False,False,False,False,True,False,True,False,False,False,False,False,False,False,False,False,False,False,False,False,False,False,True,False,False,False,False,False,False,True,False
EV9,2023,33510.99,40.1,152.0,144.8,7.1,135.0,241.0,214.0,7,37.1,2106.0,4,2,137108,3.43,4,3.790523690773067,220.4670394736842,0.1144349477682811,0.10161443494776828,0.019040835707502375,3,False,False,False,True,False,False,False,False,False,True,False,False,False,False,False,False,False,False,False,False,False,False,True,False,False,False,False,False,False,False,False,False,False,False,False,False,False,True
Seagull,2023,84139.98,72.3,261.0,103.4,7.53,130.0,963.0,882.0,7,67.7,2278.0,5,0,236926,3.41,3,3.6099585062240664,322.37540229885053,0.422739244951712,0.3871817383669886,0.03173836698858648,3,False,False,False,False,False,True,False,False,False,False,False,False,False,False,True,False,True,False,False,False,False,False,False,False,False,False,False,False,False,False,False,False,False,False,False,False,False,True
Model 3,2025,137916.62,66.0,216.0,328.7,6.4,158.0,1000.0,906.0,7,40.2,2111.0,5,2,132643,3.73,5,3.272727272727273,638.5028703703704,0.4737091425864519,0.4291804831833254,0.031264803410705824,1,False,True,False,True,False,False,False,False,False,False,False,True,True,False,False,False,False,False,False,False,False,False,False,False,False,False,False,False,False,True,False,False,False,False,False,False,True,False
Model 3,2024,148635.93,103.2,360.0,322.9,5.61,165.0,1000.0,910.0,7,74.3,1690.0,3,2,108335,3.96,4,3.488372093023256,412.8775833333333,0.591715976331361,0.5384615384615384,0.061065088757396455,2,False,False,False,False,False,False,True,False,False,False,False,True,True,False,False,False,False,False,False,False,False,False,False,False,False,False,False,False,False,True,False,False,False,False,True,False,False,False
Bolt EUV,2025,62330.93,108.0,376.0,168.5,2.88,200.0,803.0,695.0,7,75.2,2393.0,4,1,27154,3.92,5,3.4814814814814814,165.77375,0.3355620559966569,0.2904304220643544,0.04513163393230255,1,False,False,False,False,False,True,False,False,False,False,False,True,False,True,False,False,False,False,False,True,False,False,False,False,False,False,False,False,False,False,False,False,False,False,False,True,False,False
Qin,2025,29108.23,44.5,170.0,86.4,5.48,165.0,319.0,224.0,7,15.2,1780.0,5,0,179440,3.4,4,3.8202247191011236,171.22488235294117,0.17921348314606741,0.1258426966292135,0.025,1,False,False,True,False,False,False,False,False,False,False,False,False,False,False,False,False,True,False,False,False,False,False,False,False,False,False,False,False,False,False,False,False,False,False,False,False,False,True
Bolt EUV,2025,81159.74,104.4,379.0,234.3,2.85,200.0,1000.0,927.0,7,66.2,2789.0,4,2,28393,3.84,3,3.6302681992337162,214.14179419525067,0.35855145213338113,0.3323771961276443,0.03743277160272499,1,False,True,False,False,False,True,False,False,False,False,False,True,False,False,True,False,False,False,False,True,False,False,False,False,False,False,False,False,False,False,False,False,False,False,False,True,False,False
Model 3,2025,80586.23,77.9,274.0,227.2,6.92,149.0,580.0,502.0,5,73.9,1645.0,5,3,243472,3.8,4,3.5173299101412066,294.1103284671533,0.3525835866261398,0.30516717325227966,0.04735562310030395,1,False,True,False,False,False,False,True,False,False,False,False,True,False,False,True,False,False,False,False,False,False,False,False,False,False,False,False,False,False,True,False,False,False,False,False,False,False,False
Qin,2025,79451.82,66.3,253.0,80.6,5.72,158.0,839.0,753.0,7,30.7,1610.0,5,0,216726,3.44,3,3.8159879336349927,314.03881422924906,0.5211180124223602,0.46770186335403724,0.04118012422360248,1,True,False,True,False,False,False,False,False,False,False,False,False,False,False,True,False,True,False,False,False,False,False,False,False,False,False,False,False,False,False,False,False,False,False,False,False,False,True
Niro EV,2021,51783.96,99.9,345.0,221.0,3.85,197.0,525.0,467.0,5,51.6,2137.0,5,1,94100,3.93,4,3.453453453453453,150.0984347826087,0.24567150210575572,0.21853065044454842,0.046747777257838095,5,True,False,False,True,False,False,False,False,False,True,False,False,False,True,False,False,False,False,False,False,False,False,True,False,False,False,False,False,False,False,False,False,False,False,False,True,False,False
E-Transit,2025,47442.7,70.8,237.0,126.8,6.31,153.0,445.0,381.0,7,69.6,1750.0,4,1,71700,3.47,3,3.347457627118644,200.1801687763713,0.2542857142857143,0.21771428571428572,0.04045714285714286,1,False,True,False,False,False,False,True,False,False,False,False,True,False,True,False,False,False,False,True,False,False,False,False,False,False,False,False,False,False,False,False,False,False,False,False,False,False,False
Max,2024,113232.12,50.0,173.0,89.8,6.32,154.0,1000.0,907.0,7,24.6,1576.0,4,0,184045,3.17,5,3.46,654.5209248554913,0.6345177664974619,0.575507614213198,0.031725888324873094,2,False,False,False,False,False,False,False,False,False,False,False,False,True,False,False,False,True,False,False,False,False,False,False,False,False,False,False,False,False,False,False,False,False,False,False,False,True,False
i3,2021,102095.14,106.5,364.0,123.3,5.0,178.0,843.0,810.0,5,23.3,1503.0,4,1,29444,3.44,5,3.4178403755868545,280.48115384615386,0.5608782435129741,0.5389221556886228,0.07085828343313373,5,False,False,False,False,False,False,False,True,False,False,False,False,True,False,False,True,False,False,False,False,False,False,False,False,False,False,False,False,False,False,False,False,False,False,True,False,False,False
e-tron,2026,104966.05,96.6,360.0,208.5,2.86,200.0,776.0,692.0,5,23.6,1596.0,4,2,20618,3.66,6,3.726708074534162,291.5723611111111,0.48621553884711777,0.43358395989974935,0.06052631578947368,0,False,False,False,False,True,False,False,True,False,False,False,False,True,False,False,False,False,False,False,False,False,False,False,False,False,False,False,False,False,False,False,False,False,False,False,True,False,False
Niro EV,2024,40789.37,85.6,279.0,96.7,5.67,165.0,332.0,276.0,5,33.5,1580.0,5,1,63756,3.57,4,3.2593457943925235,146.198458781362,0.21012658227848102,0.17468354430379746,0.054177215189873416,2,True,False,False,False,False,False,False,False,False,True,False,False,False,True,False,False,False,False,False,False,False,False,True,False,False,False,False,False,False,False,False,False,False,False,True,False,False,False
Leaf 50X,2025,32451.41,72.9,268.0,118.3,6.57,148.0,348.0,323.0,7,25.9,1889.0,4,2,104392,3.51,4,3.676268861454046,121.08735074626865,0.1842244573848597,0.1709899417681313,0.038591847538380096,1,True,False,False,False,False,False,False,False,False,False,False,False,False,False,False,False,True,False,False,False,False,False,False,False,False,False,False,False,False,False,False,False,False,False,False,False,False,True
Model 3,2022,112086.56,61.2,215.0,347.4,6.6,152.0,806.0,684.0,5,22.9,1775.0,5,3,140793,3.65,5,3.5130718954248366,521.3328372093023,0.4540845070422535,0.38535211267605635,0.03447887323943662,4,False,True,False,False,True,False,False,False,False,False,False,True,True,False,False,False,False,False,False,False,False,False,False,False,False,False,False,False,False,True,False,False,False,False,False,False,False,True
EQG,2022,64416.89,70.0,262.0,64.0,7.35,142.0,213.0,227.0,7,54.0,2149.0,5,1,31870,3.9,6,3.742857142857143,245.8659923664122,0.09911586784550953,0.10563052582596556,0.03257328990228013,4,True,False,False,True,False,False,False,True,False,False,False,False,False,True,False,False,False,False,False,False,False,False,False,False,True,False,False,False,False,False,False,False,False,False,False,False,False,False
Model 3,2025,108727.13,41.1,150.0,345.3,7.92,131.0,743.0,715.0,7,78.8,2525.0,3,2,118818,3.3,6,3.6496350364963503,724.8475333333333,0.29425742574257424,0.28316831683168314,0.016277227722772278,1,True,False,False,False,False,True,False,False,False,False,False,True,True,False,False,False,False,False,False,False,False,False,False,False,False,False,False,False,False,True,False,False,False,False,False,False,False,False
e-tron,2021,119078.45,118.6,396.0,174.1,2.76,200.0,963.0,899.0,5,22.5,1617.0,5,1,62009,3.84,8,3.338954468802698,300.70315656565657,0.5955473098330241,0.5559678416821274,0.07334570191713048,5,False,True,False,False,False,False,False,True,False,False,False,False,True,False,False,False,False,False,False,False,False,False,False,False,False,False,False,False,False,False,False,False,False,False,False,True,False,False
Ioniq 5,2025,34994.42,79.1,269.0,104.4,6.86,142.0,258.0,270.0,7,32.2,1500.0,3,1,123225,3.52,4,3.4007585335018966,130.09078066914498,0.172,0.18,0.052733333333333327,1,True,False,True,False,False,False,False,False,False,True,False,False,False,False,False,False,False,False,False,False,False,True,False,False,False,False,False,False,False,False,False,False,False,False,False,False,False,False
ET5,2023,114240.51,65.6,218.0,54.0,5.99,162.0,1000.0,939.0,7,56.4,2456.0,5,0,26747,3.64,5,3.3231707317073176,524.0390366972476,0.40716612377850164,0.38232899022801303,0.026710097719869704,3,False,False,False,False,False,True,False,False,False,False,False,False,True,False,False,False,False,False,False,False,False,False,False,False,False,True,False,False,False,False,False,False,False,False,False,False,True,False
Mustang Mach-E,2025,70076.78,107.7,396.0,104.3,4.52,185.0,815.0,725.0,5,76.6,2211.0,3,1,52702,3.92,4,3.6768802228412256,176.96156565656565,0.3686114880144731,0.3279059249208503,0.04871099050203528,1,False,False,False,False,False,True,False,False,False,False,False,True,False,False,True,False,False,False,True,False,False,False,False,False,False,False,False,False,False,False,False,False,False,False,True,False,False,False
SU7,2024,95394.53,76.4,243.0,119.6,4.7,168.0,1000.0,931.0,5,39.9,2215.0,5,2,8671,3.55,3,3.1806282722513086,392.57008230452675,0.45146726862302483,0.4203160270880361,0.0344920993227991,2,True,False,False,True,False,False,False,False,False,False,False,False,False,False,True,False,False,False,False,False,False,False,False,False,False,False,False,False,False,False,False,False,False,True,True,False,False,False
Seagull,2024,16613.01,55.9,237.0,83.2,5.73,169.0,202.0,200.0,5,18.4,1578.0,3,2,205452,3.37,5,4.2397137745974955,70.09708860759493,0.12801013941698353,0.1267427122940431,0.035424588086185045,2,False,False,False,False,True,False,False,False,False,False,False,False,False,False,False,False,True,False,False,False,False,False,False,False,False,False,False,False,False,False,False,False,False,False,False,False,False,False
F-150 Lightning,2022,39147.79,52.5,215.0,72.9,5.42,170.0,280.0,217.0,4,60.1,2430.0,4,0,78104,3.41,4,4.095238095238095,182.0827441860465,0.11522633744855967,0.08930041152263374,0.021604938271604937,4,False,False,False,False,False,True,False,False,False,False,False,True,False,True,False,False,False,False,True,False,False,False,False,False,False,False,False,False,False,False,False,False,False,False,False,False,True,False
ID.3,2025,52326.27,115.4,383.0,192.0,3.21,200.0,500.0,497.0,5,39.5,2045.0,5,0,248780,3.88,3,3.318890814558059,136.6221148825065,0.24449877750611246,0.2430317848410758,0.05643031784841076,1,False,False,False,True,False,False,False,True,False,False,False,False,False,True,False,False,False,False,False,False,False,False,False,False,False,False,False,False,False,False,False,True,False,False,False,True,False,False
Ioniq 6,2026,43930.22,71.2,285.0,137.9,7.22,141.0,431.0,387.0,5,65.3,1932.0,4,1,60140,3.56,4,4.002808988764045,154.14112280701755,0.22308488612836438,0.20031055900621117,0.036853002070393374,0,False,False,False,True,False,False,False,False,False,True,False,False,False,True,False,False,False,False,False,False,False,True,False,False,False,False,False,False,False,False,False,False,False,False,False,False,True,False
i5,2025,68260.21,52.1,191.0,137.1,5.51,171.0,397.0,320.0,5,36.3,1984.0,4,2,78488,3.02,7,3.6660268714011517,357.3832984293194,0.2001008064516129,0.16129032258064516,0.02626008064516129,1,False,True,False,True,False,False,False,True,False,False,False,False,False,False,True,True,False,False,False,False,False,False,False,False,False,False,False,False,False,False,False,False,False,False,False,False,False,False
e-tron GT,2024,86243.23,60.4,208.0,117.9,5.68,169.0,543.0,447.0,5,36.5,1500.0,4,1,24433,3.51,6,3.4437086092715234,414.63091346153846,0.362,0.298,0.040266666666666666,2,True,False,False,False,True,False,False,True,False,False,False,False,False,False,True,False,False,False,False,False,False,False,False,False,False,False,False,False,False,False,False,False,False,False,False,False,False,False
2,2025,91715.74,62.6,234.0,122.8,6.18,155.0,558.0,508.0,5,33.2,1632.0,5,0,2292,3.52,4,3.7380191693290734,391.9476068376069,0.34191176470588236,0.3112745098039216,0.038357843137254904,1,False,True,True,False,False,False,False,False,False,False,True,False,False,False,True,False,False,False,False,False,False,False,False,False,False,False,True,False,False,False,False,False,False,False,False,False,False,False
Explorer EV,2025,55304.32,58.4,191.0,57.8,6.03,164.0,586.0,492.0,5,66.1,2189.0,5,0,32117,3.32,4,3.2705479452054793,289.55141361256545,0.26770214709913204,0.22476016445865693,0.026678848789401553,1,True,False,False,True,False,False,False,False,False,False,False,True,False,True,False,False,False,False,True,False,False,False,False,False,False,False,False,False,False,False,False,False,False,False,False,False,False,False
ID.4,2024,67671.59,106.9,369.0,103.8,5.4,166.0,714.0,648.0,5,39.1,1988.0,4,1,268234,3.88,4,3.451824134705332,183.3918428184282,0.3591549295774648,0.32595573440643866,0.053772635814889336,2,False,True,False,True,False,False,False,True,False,False,False,False,False,False,True,False,False,False,False,False,False,False,False,False,False,False,False,False,False,False,False,True,False,False,True,False,False,False
ID.5,2022,46348.56,90.0,333.0,203.6,3.69,188.0,334.0,294.0,5,62.6,1513.0,4,1,219975,3.79,4,3.7,139.18486486486486,0.22075346992729677,0.19431592861863847,0.059484467944481166,4,False,True,False,True,False,False,False,True,False,False,False,False,False,True,False,False,False,False,False,False,False,False,False,False,False,False,False,False,False,False,False,True,False,False,False,True,False,False
Silverado EV,2023,41711.2,58.9,204.0,84.3,7.56,135.0,378.0,346.0,5,38.8,1502.0,4,2,776,3.17,4,3.4634974533106964,204.46666666666664,0.25166444740346205,0.2303595206391478,0.039214380825565914,3,False,False,True,False,False,False,False,False,False,False,False,True,False,True,False,False,False,False,False,True,False,False,False,False,False,False,False,False,False,False,False,False,False,False,False,False,True,False
Atto 3,2024,71451.87,76.8,260.0,148.9,5.84,166.0,788.0,761.0,5,77.1,1540.0,5,2,111875,3.51,4,3.385416666666667,274.8148846153846,0.5116883116883116,0.4941558441558442,0.04987012987012987,2,False,True,False,False,False,False,True,False,False,False,False,False,False,False,True,False,True,False,False,False,False,False,False,False,False,False,False,False,False,False,False,False,False,False,True,False,False,False
Cybertruck,2022,109130.05,91.6,339.0,207.9,5.51,160.0,720.0,650.0,7,78.0,2513.0,5,3,161385,4.17,4,3.700873362445415,321.9175516224189,0.28651014723438123,0.2586549940310386,0.03645045762037405,4,True,False,False,False,False,True,False,False,False,False,False,True,True,False,False,False,False,False,False,False,False,False,False,False,False,False,False,False,False,True,False,False,False,False,True,False,False,False
Dolphin,2025,30282.11,100.0,331.0,243.7,2.59,200.0,289.0,286.0,7,77.2,1897.0,5,2,180781,4.04,5,3.31,91.48673716012085,0.15234580917237744,0.150764364786505,0.05271481286241434,1,False,True,False,False,False,False,True,False,False,False,False,False,False,False,False,False,True,False,False,False,False,False,False,False,False,False,False,False,False,False,False,False,False,False,False,True,False,False
Dolphin,2025,83813.38,70.0,271.0,90.1,5.34,166.0,960.0,881.0,5,35.9,1784.0,3,0,193467,3.4,5,3.8714285714285714,309.2744649446495,0.5381165919282511,0.4938340807174888,0.03923766816143498,1,False,True,False,True,False,False,False,False,False,False,False,False,False,False,True,False,True,False,False,False,False,False,False,False,False,False,False,False,False,False,False,False,False,False,False,False,False,True
Atto 3,2022,59084.31,100.3,349.0,128.5,4.97,182.0,657.0,521.0,7,27.6,1597.0,4,0,242445,3.57,3,3.4795613160518446,169.29601719197706,0.4113963681903569,0.32623669380087666,0.0628052598622417,4,True,False,True,False,False,False,False,False,False,False,False,False,False,True,False,False,True,False,False,False,False,False,False,False,False,False,False,False,False,False,False,False,False,False,True,False,False,False
Dolphin,2021,43985.87,97.2,348.0,222.4,3.07,200.0,466.0,418.0,5,24.5,1505.0,4,1,213365,3.76,4,3.580246913580247,126.39617816091955,0.3096345514950166,0.2777408637873754,0.06458471760797342,5,False,True,False,False,False,False,False,False,False,False,False,False,False,True,False,False,True,False,False,False,False,False,False,False,False,False,False,False,False,False,False,False,False,False,False,True,False,False
Model Y,2024,114549.61,101.0,338.0,259.5,4.38,178.0,800.0,756.0,5,34.3,1663.0,5,2,473485,4.07,4,3.3465346534653464,338.90417159763314,0.4810583283223091,0.4546001202645821,0.060733613950691524,2,True,False,False,False,False,False,False,False,False,False,False,True,True,False,False,False,False,False,False,False,False,False,False,False,False,False,False,False,False,True,False,False,False,False,True,False,False,False
Model Y,2025,63323.17,90.5,314.0,256.5,3.58,195.0,420.0,356.0,7,32.2,1634.0,5,3,404935,3.92,5,3.4696132596685083,201.6661464968153,0.25703794369645044,0.2178702570379437,0.05538555691554468,1,False,True,False,False,False,False,False,False,False,False,False,True,False,True,False,False,False,False,False,False,False,False,False,False,False,False,False,False,False,True,False,False,False,False,False,True,False,False
Taycan,2024,143428.05,66.1,213.0,221.1,6.87,148.0,640.0,521.0,7,37.2,1500.0,4,2,6555,3.83,7,3.2223903177004543,673.3711267605634,0.4266666666666667,0.3473333333333333,0.044066666666666664,2,False,False,False,False,False,False,False,True,False,False,False,False,True,False,False,False,False,False,False,False,False,False,False,False,False,False,False,True,False,False,False,False,False,False,False,False,True,False
ID. Aero,2023,60337.62,44.2,158.0,70.6,5.68,175.0,580.0,557.0,7,32.0,1500.0,5,1,201954,3.3,3,3.5746606334841626,381.88367088607595,0.38666666666666666,0.37133333333333335,0.02946666666666667,3,False,True,True,False,False,False,False,True,False,False,False,False,False,True,False,False,False,False,False,False,False,False,False,False,False,False,False,False,False,False,False,True,False,False,False,False,True,False
ID.3,2023,53064.54,68.1,226.0,140.6,7.09,141.0,464.0,379.0,7,57.8,2506.0,3,0,243991,3.26,4,3.3186490455212927,234.79884955752212,0.18515562649640863,0.1512370311252993,0.02717478052673583,3,False,True,False,False,False,True,False,True,False,False,False,False,False,True,False,False,False,False,False,False,False,False,False,False,False,False,False,False,False,False,False,True,False,False,False,False,True,False
i5,2022,74178.54,74.0,257.0,154.2,3.99,187.0,386.0,326.0,7,31.7,1714.0,5,2,60959,3.29,5,3.472972972972973,288.63245136186765,0.22520420070011668,0.19019836639439908,0.043173862310385065,4,False,True,False,False,False,False,False,True,False,False,False,False,False,False,True,True,False,False,False,False,False,False,False,False,False,False,False,False,False,False,False,False,False,False,False,True,False,False
Atto 3,2025,51946.07,98.3,331.0,87.9,4.35,185.0,593.0,555.0,7,31.7,1785.0,5,1,247778,3.61,3,3.367243133265514,156.9367673716012,0.3322128851540616,0.31092436974789917,0.05507002801120448,1,False,False,False,False,True,False,False,False,False,False,False,False,False,True,False,False,True,False,False,False,False,False,False,False,False,False,False,False,False,False,False,False,False,False,True,False,False,False
bZ Compact SUV,2024,85221.63,86.5,314.0,126.8,4.78,181.0,1000.0,915.0,7,36.6,2167.0,4,0,12454,3.6,4,3.6300578034682083,271.4064649681529,0.46146746654360865,0.4222427318874019,0.03991693585602215,2,True,False,False,True,False,False,False,False,True,False,False,False,False,False,True,False,False,False,False,False,False,False,False,False,False,False,False,False,False,False,True,False,False,False,True,False,False,False
E-Transit,2025,44718.1,71.7,258.0,59.7,6.72,157.0,382.0,355.0,7,27.8,1523.0,5,1,41551,3.51,3,3.598326359832636,173.32596899224805,0.2508207485226527,0.2330925804333552,0.047078135259356536,1,True,False,True,False,False,False,False,False,False,False,False,True,False,True,False,False,False,False,True,False,False,False,False,False,False,False,False,False,False,False,False,False,False,False,False,False,False,True
Model X,2024,57311.05,46.2,178.0,230.2,6.59,148.0,371.0,358.0,7,37.6,1576.0,5,2,103833,3.5,5,3.8528138528138527,321.97219101123596,0.23540609137055837,0.22715736040609136,0.029314720812182744,2,False,True,True,False,False,False,False,False,False,False,False,True,False,True,False,False,False,False,False,False,False,False,False,False,False,False,False,False,False,True,False,False,False,False,False,False,True,False
ID. Aero,2025,112803.13,81.2,297.0,50.1,6.05,158.0,1000.0,906.0,7,79.8,2658.0,4,1,225327,3.76,3,3.6576354679802954,379.80851851851855,0.3762227238525207,0.34085778781038373,0.030549285176824682,1,False,False,False,False,False,True,False,True,False,False,False,False,True,False,False,False,False,False,False,False,False,False,False,False,False,False,False,False,False,False,False,True,False,False,False,False,True,False
e-tron GT,2025,126392.96,109.8,384.0,98.7,5.26,176.0,1000.0,873.0,7,22.8,1500.0,4,2,38380,4.02,8,3.4972677595628414,329.14833333333337,0.6666666666666666,0.582,0.0732,1,True,False,False,False,True,False,False,True,False,False,False,False,True,False,False,False,False,False,False,False,False,False,False,False,False,False,False,False,False,False,False,False,False,False,True,False,False,False
bZ Compact SUV,2025,79560.18,48.9,199.0,81.9,5.34,167.0,1000.0,917.0,7,39.3,1681.0,5,0,12847,3.03,3,4.069529652351738,399.7998994974874,0.594883997620464,0.5455086258179654,0.02908982748364069,1,False,True,False,True,False,False,False,False,True,False,False,False,False,False,True,False,False,False,False,False,False,False,False,False,False,False,False,False,False,False,True,False,False,False,False,False,True,False
Ioniq,2025,56648.45,77.2,256.0,156.0,3.07,200.0,651.0,571.0,7,51.4,2444.0,4,1,120189,3.68,3,3.316062176165803,221.2830078125,0.266366612111293,0.23363338788870705,0.03158756137479542,1,False,False,False,False,False,True,False,False,False,True,False,False,False,True,False,False,False,False,False,False,False,True,False,False,False,False,False,False,False,False,False,False,False,False,False,True,False,False
EV9,2026,68589.74,83.3,269.0,85.1,4.04,185.0,777.0,693.0,5,66.0,1880.0,5,1,136116,3.29,3,3.229291716686675,254.9804460966543,0.41329787234042553,0.36861702127659574,0.04430851063829787,0,True,False,False,True,False,False,False,False,False,True,False,False,False,False,True,False,False,False,False,False,False,False,True,False,False,False,False,False,False,False,False,False,False,False,True,False,False,False
Model Y,2025,126346.84,62.5,253.0,303.5,6.96,147.0,888.0,808.0,5,40.0,1955.0,4,2,433007,3.92,5,4.048,499.39462450592885,0.4542199488491049,0.4132992327365729,0.0319693094629156,1,False,False,False,True,False,False,False,False,False,False,False,True,True,False,False,False,False,False,False,False,False,False,False,False,False,False,False,False,False,True,False,False,False,False,False,False,True,False
XC40 Recharge,2025,79465.0,100.9,373.0,57.4,4.64,183.0,617.0,519.0,5,70.1,1500.0,5,0,9072,4.0,5,3.6967294350842415,213.04289544235925,0.41133333333333333,0.346,0.06726666666666667,1,True,False,False,False,False,False,True,False,False,False,True,False,False,False,True,False,False,False,False,False,False,False,False,False,False,False,False,False,False,False,False,False,True,False,True,False,False,False
Qin,2022,51140.49,58.3,209.0,72.9,5.05,182.0,572.0,450.0,5,75.6,1639.0,5,0,122452,3.62,5,3.5849056603773586,244.69133971291865,0.348993288590604,0.2745576571079927,0.03557046979865772,4,False,False,False,False,False,False,True,False,False,False,False,False,False,True,False,False,True,False,False,False,False,False,False,False,False,False,False,False,False,False,False,False,False,False,False,False,False,False
EL8,2021,55221.99,108.2,383.0,59.8,4.19,187.0,328.0,316.0,7,30.0,1742.0,4,1,7302,3.7,3,3.539741219963031,144.18274151436032,0.18828932261768083,0.18140068886337543,0.06211251435132032,5,False,False,False,False,False,False,False,False,False,False,False,False,False,True,False,False,False,False,False,False,False,False,False,False,False,True,False,False,False,False,False,False,False,False,True,False,False,False
i3,2024,79371.52,75.6,287.0,120.4,5.58,165.0,455.0,425.0,5,26.8,1500.0,5,1,73538,3.37,6,3.7962962962962967,276.555818815331,0.30333333333333334,0.2833333333333333,0.05039999999999999,2,False,False,True,False,False,False,False,True,False,False,False,False,False,False,True,True,False,False,False,False,False,False,False,False,False,False,False,False,False,False,False,False,False,False,False,False,True,False
Picanto EV,2024,42779.06,92.5,294.0,225.0,3.85,195.0,378.0,354.0,5,69.8,1837.0,4,0,60355,3.59,5,3.1783783783783783,145.5070068027211,0.20577027762656505,0.19270549809471965,0.05035383777898748,2,True,False,False,True,False,False,False,False,False,True,False,False,False,True,False,False,False,False,False,False,False,False,True,False,False,False,False,False,False,False,False,False,False,False,False,True,False,False
Ioniq 6,2026,56433.0,62.7,241.0,133.3,5.85,161.0,621.0,572.0,5,51.5,2171.0,4,0,82791,3.39,4,3.843700159489633,234.16182572614107,0.2860432980193459,0.2634730538922156,0.02888070013818517,0,False,True,False,False,False,True,False,False,False,True,False,False,False,True,False,False,False,False,False,False,False,True,False,False,False,False,False,False,False,False,False,False,False,False,False,False,True,False
Atto 3,2026,27583.09,88.1,308.0,146.5,5.01,181.0,239.0,200.0,5,78.9,2795.0,5,0,122434,3.77,5,3.496027241770715,89.55548701298702,0.08550983899821109,0.07155635062611806,0.03152057245080501,0,True,False,False,False,False,True,False,False,False,False,False,False,False,False,False,False,True,False,False,False,False,False,False,False,False,False,False,False,False,False,False,False,False,False,True,False,False,False
Model S,2026,58826.88,44.1,150.0,256.0,7.68,133.0,396.0,316.0,7,36.5,1518.0,4,2,198300,3.51,5,3.401360544217687,392.1792,0.2608695652173913,0.20816864295125165,0.02905138339920949,0,True,False,False,False,True,False,False,False,False,False,False,True,False,True,False,False,False,False,False,False,False,False,False,False,False,False,False,False,False,True,False,False,False,False,False,False,False,False
Atto 3,2024,65610.45,55.7,208.0,128.3,7.45,130.0,719.0,646.0,5,17.4,1707.0,4,1,108967,3.37,5,3.7342908438061038,315.43485576923075,0.4212067955477446,0.37844171060339776,0.03263034563561804,2,False,True,False,False,True,False,False,False,False,False,False,False,False,False,True,False,True,False,False,False,False,False,False,False,False,False,False,False,False,False,False,False,False,False,False,False,True,False
Cybertruck,2024,71380.4,86.4,314.0,201.5,4.79,179.0,495.0,479.0,7,56.2,2926.0,5,3,213989,3.69,4,3.634259259259259,227.3261146496815,0.16917293233082706,0.1637047163362953,0.029528366370471636,2,False,True,False,False,False,True,False,False,False,False,False,True,False,False,True,False,False,False,False,False,False,False,False,False,False,False,False,False,False,True,False,False,False,False,True,False,False,False
F-150 Lightning,2024,79235.67,56.8,213.0,107.9,7.58,142.0,929.0,817.0,2,74.7,2579.0,4,0,59746,3.32,4,3.75,371.9984507042253,0.36021713842574643,0.31678945327646374,0.022024040325707636,2,False,False,False,False,False,True,False,False,False,False,False,True,False,False,True,False,False,False,True,False,False,False,False,False,False,False,False,False,False,False,False,False,False,False,False,False,True,False
Max,2024,88218.65,54.7,210.0,74.0,5.67,158.0,1000.0,882.0,7,37.1,1709.0,4,0,227690,3.41,4,3.839122486288848,420.0888095238095,0.5851375073142189,0.516091281451141,0.03200702165008777,2,False,False,False,False,False,False,False,False,False,False,False,False,False,False,True,False,True,False,False,False,False,False,False,False,False,False,False,False,False,False,False,False,False,False,False,False,True,False
Model S,2020,164703.81,113.2,397.0,200.6,4.08,187.0,1000.0,877.0,7,21.9,1900.0,5,2,159470,4.11,4,3.5070671378091873,414.8710579345088,0.5263157894736842,0.46157894736842103,0.05957894736842105,6,False,True,False,False,True,False,False,False,False,False,False,True,True,False,False,False,False,False,False,False,False,False,False,False,False,False,False,False,False,True,False,False,False,False,False,True,False,False
Ronin,2026,93652.94,54.5,193.0,144.4,5.24,177.0,823.0,743.0,5,21.3,1675.0,3,0,24709,3.26,5,3.541284403669725,485.24839378238346,0.49134328358208956,0.4435820895522388,0.03253731343283582,0,True,False,False,False,True,False,False,False,False,False,False,True,False,False,True,False,False,True,False,False,False,False,False,False,False,False,False,False,False,False,False,False,False,False,False,False,False,True
e-tron GT,2024,121871.7,86.2,305.0,248.0,2.63,200.0,1000.0,889.0,5,71.6,1664.0,5,2,31338,3.61,7,3.5382830626450117,399.5793442622951,0.6009615384615384,0.5342548076923077,0.05180288461538462,2,False,False,False,False,False,False,True,True,False,False,False,False,True,False,False,False,False,False,False,False,False,False,False,False,False,False,False,False,False,False,False,False,False,False,False,True,False,False
R1S,2022,102878.64,67.4,249.0,56.8,6.37,161.0,1000.0,930.0,5,39.7,1640.0,5,0,27062,3.19,5,3.694362017804154,413.16722891566263,0.6097560975609756,0.5670731707317073,0.04109756097560976,4,False,False,False,False,True,False,False,False,False,False,False,True,True,False,False,False,False,False,False,False,False,False,False,False,False,False,False,False,True,False,False,False,False,False,False,False,True,False
XC90 Recharge,2022,74428.14,86.1,316.0,151.1,3.78,191.0,584.0,519.0,5,74.1,2794.0,5,2,3031,3.51,3,3.670150987224158,235.53208860759494,0.20901932712956334,0.18575518969219756,0.030816034359341445,4,False,True,False,False,False,True,False,False,False,False,True,False,False,False,True,False,False,False,False,False,False,False,False,False,False,False,False,False,False,False,False,False,True,False,False,True,False,False
Model 3,2026,112274.6,73.6,242.0,325.8,4.02,190.0,781.0,662.0,7,18.3,1825.0,4,2,193133,3.85,5,3.2880434782608696,463.9446280991736,0.42794520547945203,0.36273972602739724,0.040328767123287666,0,False,False,True,False,False,False,False,False,False,False,False,True,True,False,False,False,False,False,False,False,False,False,False,False,False,False,False,False,False,True,False,False,False,False,False,True,False,False
ID. Buzz,2025,97039.06,100.7,357.0,140.3,4.11,191.0,1000.0,891.0,5,21.4,1712.0,4,1,224398,3.79,3,3.545183714001986,271.8180952380952,0.5841121495327103,0.5204439252336449,0.05882009345794393,1,True,False,False,False,False,False,False,True,False,False,False,False,False,False,True,False,False,False,False,False,False,False,False,False,False,False,False,False,False,False,False,True,False,False,True,False,False,False
Silverado EV,2021,53395.89,42.6,150.0,144.9,6.26,163.0,624.0,587.0,5,32.0,1519.0,4,1,1550,3.22,4,3.52112676056338,355.9726,0.4107965766951942,0.38643844634628044,0.028044766293614222,5,False,False,False,False,True,False,False,False,False,False,False,True,False,True,False,False,False,False,False,True,False,False,False,False,False,False,False,False,False,False,False,False,False,False,False,False,True,False
Blazer EV,2025,80502.6,78.6,262.0,121.3,5.67,176.0,1000.0,888.0,5,32.5,1721.0,3,0,14992,3.62,4,3.3333333333333335,307.26183206106873,0.5810575246949448,0.515979081929111,0.04567112144102266,1,False,True,False,False,True,False,False,False,False,False,False,True,False,False,True,False,False,False,False,True,False,False,False,False,False,False,False,False,False,False,False,False,False,False,False,False,True,False
Model 3,2025,31639.64,77.2,287.0,221.7,5.11,172.0,168.0,200.0,7,37.3,1602.0,5,2,146342,4.0,4,3.7176165803108807,110.24264808362369,0.10486891385767791,0.12484394506866417,0.04818976279650437,1,True,False,False,False,False,False,False,False,False,False,False,True,False,False,False,False,False,False,False,False,False,False,False,False,False,False,False,False,False,True,False,False,False,False,True,False,False,False
F-150 Lightning,2023,69526.3,114.5,415.0,202.7,2.68,200.0,822.0,735.0,2,57.7,2445.0,5,2,23821,3.84,3,3.6244541484716155,167.5332530120482,0.3361963190184049,0.3006134969325153,0.046830265848670755,3,False,False,False,False,False,True,False,False,False,False,False,True,False,False,True,False,False,False,True,False,False,False,False,False,False,False,False,False,False,False,False,False,False,False,False,True,False,False
Atto 3,2025,81358.02,82.4,282.0,193.2,3.65,195.0,889.0,778.0,5,22.8,1500.0,4,1,108251,3.65,4,3.4223300970873782,288.5036170212766,0.5926666666666667,0.5186666666666667,0.054933333333333334,1,False,False,False,False,True,False,False,False,False,False,False,False,False,False,True,False,True,False,False,False,False,False,False,False,False,False,False,False,False,False,False,False,False,False,False,True,False,False
Qin,2026,45158.26,84.0,315.0,53.0,7.08,140.0,469.0,441.0,5,49.5,1873.0,5,1,119766,3.6,4,3.75,143.35955555555557,0.25040042712226374,0.23545114789108382,0.044847837693539776,0,False,False,False,True,False,False,False,False,False,False,False,False,False,True,False,False,True,False,False,False,False,False,False,False,False,False,False,False,False,False,False,False,False,False,False,False,False,False
Ioniq,2023,73470.2,61.6,217.0,144.3,6.2,167.0,902.0,779.0,5,66.3,2647.0,5,1,142666,3.15,4,3.5227272727272725,338.5723502304147,0.34076312806951264,0.2942954287873064,0.023271628258405744,3,False,True,False,False,False,True,False,False,False,True,False,False,False,False,True,False,False,False,False,False,False,True,False,False,False,False,False,False,False,False,False,False,False,False,False,False,False,True
Sportage EV,2024,31797.34,45.6,150.0,78.7,6.94,145.0,233.0,200.0,5,37.6,2224.0,4,0,131619,3.27,3,3.289473684210526,211.98226666666667,0.10476618705035971,0.08992805755395683,0.02050359712230216,2,True,False,False,True,False,False,False,False,False,True,False,False,False,False,False,False,False,False,False,False,False,False,True,False,False,False,False,False,False,False,False,False,False,False,False,False,False,True
EV9,2022,73675.86,96.0,333.0,92.8,4.48,183.0,868.0,792.0,5,43.9,1945.0,5,2,89937,3.58,3,3.46875,221.24882882882883,0.44627249357326476,0.4071979434447301,0.049357326478149104,4,False,False,False,True,False,False,False,False,False,True,False,False,False,False,True,False,False,False,False,False,False,False,True,False,False,False,False,False,False,False,False,False,False,False,True,False,False,False
Model S,2023,105706.18,114.7,391.0,331.8,2.63,200.0,742.0,663.0,5,37.9,1802.0,3,2,247669,4.2,5,3.4088927637314734,270.3482864450128,0.4117647058823529,0.36792452830188677,0.06365149833518313,3,False,True,False,False,False,False,False,False,False,False,False,True,True,False,False,False,False,False,False,False,False,False,False,False,False,False,False,False,False,True,False,False,False,False,False,True,False,False
e-tron,2024,123736.19,81.7,310.0,113.3,5.2,174.0,965.0,897.0,5,33.7,1758.0,5,1,45413,3.78,6,3.7943696450428397,399.149,0.5489192263936291,0.5102389078498294,0.04647326507394767,2,True,False,False,False,False,False,False,True,False,False,False,False,True,False,False,False,False,False,False,False,False,False,False,False,False,False,False,False,False,False,False,False,False,False,True,False,False,False
Dolphin,2025,73207.32,69.3,232.0,84.9,6.7,152.0,814.0,744.0,5,34.9,1500.0,4,0,205374,3.21,4,3.347763347763348,315.5487931034483,0.5426666666666666,0.496,0.0462,1,False,False,True,False,False,False,False,False,False,False,False,False,False,False,True,False,True,False,False,False,False,False,False,False,False,False,False,False,False,False,False,False,False,False,False,False,False,False
Model S,2023,95125.11,45.3,150.0,285.9,7.3,135.0,730.0,670.0,7,36.4,1713.0,3,3,116755,3.27,5,3.3112582781456954,634.1674,0.4261529480443666,0.3911266783420899,0.026444833625218912,3,False,False,True,False,False,False,False,False,False,False,False,True,False,False,True,False,False,False,False,False,False,False,False,False,False,False,False,False,False,True,False,False,False,False,False,False,False,True
e-tron GT,2023,64643.29,83.8,293.0,113.0,5.39,173.0,269.0,202.0,5,53.0,2231.0,5,2,67458,3.6,5,3.496420047732697,220.62556313993176,0.12057373375168086,0.09054235768713581,0.03756163155535634,3,True,False,False,True,False,False,False,True,False,False,False,False,False,True,False,False,False,False,False,False,False,False,False,False,False,False,False,False,False,False,False,False,False,False,True,False,False,False
bZ4X,2022,35115.72,61.4,238.0,145.3,7.26,138.0,150.0,200.0,5,34.2,1689.0,4,0,3528,3.67,3,3.8762214983713354,147.54504201680672,0.08880994671403197,0.11841326228537596,0.036352871521610416,4,True,False,True,False,False,False,False,False,True,False,False,False,False,True,False,False,False,False,False,False,False,False,False,False,False,False,False,False,False,False,True,False,False,False,False,False,False,False
EQE,2025,112650.99,53.9,165.0,122.5,6.48,148.0,587.0,561.0,7,69.6,2158.0,4,2,79068,3.36,6,3.0612244897959187,682.7332727272727,0.27201112140871175,0.25996292863762743,0.024976830398517145,1,False,True,False,True,False,False,False,True,False,False,False,False,True,False,False,False,False,False,False,False,False,False,False,False,True,False,False,False,False,False,False,False,False,False,False,False,True,False
Explorer EV,2024,80541.59,73.3,280.0,80.3,7.12,141.0,984.0,864.0,7,30.1,1500.0,5,0,37698,3.44,3,3.819918144611187,287.6485357142857,0.656,0.576,0.04886666666666666,2,False,True,False,False,False,False,False,False,False,False,False,True,False,False,True,False,False,False,True,False,False,False,False,False,False,False,False,False,False,False,False,False,False,False,False,False,True,False
i4,2022,99869.64,50.6,193.0,90.9,7.8,135.0,812.0,735.0,5,37.7,1807.0,4,2,76842,3.62,5,3.8142292490118574,517.459274611399,0.44936358605423354,0.4067515218594355,0.028002213613724406,4,False,False,False,False,False,False,False,True,False,False,False,False,False,False,True,True,False,False,False,False,False,False,False,False,False,False,False,False,False,False,False,False,False,False,False,False,False,True
Picanto EV,2021,106510.25,75.1,275.0,220.3,3.27,200.0,1000.0,847.0,7,72.8,1618.0,5,0,120403,3.37,3,3.6617842876165114,387.31,0.6180469715698393,0.5234857849196539,0.04641532756489493,5,False,False,False,False,False,False,True,False,False,True,False,False,True,False,False,False,False,False,False,False,False,False,True,False,False,False,False,False,False,False,False,False,False,False,False,True,False,False
Model S,2025,58831.27,45.0,150.0,213.0,7.32,147.0,431.0,362.0,5,17.7,1837.0,5,2,150860,3.42,5,3.3333333333333335,392.20846666666665,0.2346216657593903,0.1970604246053348,0.024496461622210124,1,True,False,False,False,True,False,False,False,False,False,False,True,False,True,False,False,False,False,False,False,False,False,False,False,False,False,False,False,False,True,False,False,False,False,False,False,False,True
ID.3,2025,70858.1,90.5,274.0,104.1,5.78,163.0,786.0,732.0,7,78.9,2795.0,5,2,251846,3.59,4,3.027624309392265,258.6062043795621,0.281216457960644,0.2618962432915921,0.03237924865831843,1,True,False,False,False,False,True,False,True,False,False,False,False,False,False,True,False,False,False,False,False,False,False,False,False,False,False,False,False,False,False,False,True,False,False,True,False,False,False
ID. Buzz,2024,46173.34,51.5,190.0,131.5,6.36,148.0,394.0,352.0,5,18.7,1533.0,5,0,274696,3.4,3,3.6893203883495147,243.0175789473684,0.25701239399869535,0.22961513372472275,0.03359425962165688,2,False,False,False,False,True,False,False,True,False,False,False,False,False,True,False,False,False,False,False,False,False,False,False,False,False,False,False,False,False,False,False,True,False,False,False,False,False,True
Yuan Plus,2025,73712.39,44.1,173.0,145.8,7.94,126.0,781.0,718.0,7,29.9,1812.0,4,0,243890,3.08,4,3.9229024943310655,426.0831791907514,0.4310154525386313,0.39624724061810157,0.02433774834437086,1,False,False,False,False,True,False,False,False,False,False,False,False,False,False,True,False,True,False,False,False,False,False,False,False,False,False,False,False,False,False,False,False,False,False,False,False,False,False
Silverado EV,2023,73891.2,45.0,150.0,95.2,7.9,134.0,1000.0,883.0,5,65.5,1762.0,5,1,7223,3.41,4,3.3333333333333335,492.608,0.5675368898978433,0.5011350737797957,0.02553916004540295,3,False,False,False,True,False,False,False,False,False,False,False,True,False,False,True,False,False,False,False,True,False,False,False,False,False,False,False,False,False,False,False,False,False,False,False,False,True,False
Ioniq,2025,65291.37,83.7,283.0,74.5,6.79,150.0,754.0,610.0,5,68.8,1742.0,5,2,99183,3.55,3,3.3811230585424132,230.71155477031803,0.43283582089552236,0.35017221584385766,0.04804822043628014,1,False,True,False,False,False,False,True,False,False,True,False,False,False,False,True,False,False,False,False,False,False,True,False,False,False,False,False,False,False,False,False,False,False,False,False,False,False,True
Model Y,2024,137035.03,58.5,224.0,212.5,6.59,151.0,984.0,852.0,5,30.3,1769.0,4,3,429314,3.65,4,3.8290598290598292,611.7635267857142,0.5562464669304692,0.4816280384397965,0.03306953080836631,2,False,True,True,False,False,False,False,False,False,False,False,True,True,False,False,False,False,False,False,False,False,False,False,False,False,False,False,False,False,True,False,False,False,False,False,False,True,False
Yuan Plus,2023,36015.66,52.4,178.0,74.6,6.02,160.0,377.0,393.0,5,36.2,2000.0,5,2,143487,3.37,4,3.3969465648854964,202.33516853932585,0.1885,0.1965,0.026199999999999998,3,False,True,False,True,False,False,False,False,False,False,False,False,False,True,False,False,True,False,False,False,False,False,False,False,False,False,False,False,False,False,False,False,False,False,False,False,False,False
i4,2024,96459.23,81.0,288.0,96.7,7.78,121.0,788.0,724.0,7,50.7,2534.0,4,2,64056,3.51,5,3.5555555555555554,334.92788194444444,0.31097079715864245,0.2857142857142857,0.03196527229676401,2,False,False,False,False,False,True,False,True,False,False,False,False,False,False,True,True,False,False,False,False,False,False,False,False,False,False,False,False,False,False,False,False,False,False,False,False,False,True
Cybertruck,2025,64862.04,68.1,237.0,321.3,7.35,145.0,455.0,329.0,5,76.7,2349.0,5,2,237113,3.85,5,3.480176211453745,273.6794936708861,0.1936994465730098,0.14005959982971478,0.028991060025542782,1,False,True,False,False,False,True,False,False,False,False,False,True,False,True,False,False,False,False,False,False,False,False,False,False,False,False,False,False,False,True,False,False,False,False,False,False,False,False
EQS,2025,131964.76,47.0,157.0,136.5,5.89,160.0,817.0,752.0,5,26.2,1776.0,4,1,62952,3.64,6,3.3404255319148937,840.5398726114651,0.4600225225225225,0.42342342342342343,0.026463963963963964,1,False,True,False,False,False,False,False,True,False,False,False,False,True,False,False,False,False,False,False,False,False,False,False,False,True,False,False,False,False,False,False,False,False,False,False,False,False,True
Kona Electric,2024,97251.62,60.7,196.0,79.8,6.87,148.0,1000.0,936.0,5,69.3,2108.0,5,1,59030,3.11,4,3.228995057660626,496.1817346938775,0.47438330170777987,0.444022770398482,0.02879506641366224,2,False,False,False,True,False,False,False,False,False,True,False,False,False,False,True,False,False,False,False,False,False,True,False,False,False,False,False,False,False,False,False,False,False,False,False,False,True,False
i30,2024,63320.42,102.7,353.0,56.0,5.85,160.0,723.0,634.0,7,33.0,1930.0,5,1,132537,3.75,3,3.437195715676728,179.37796033994334,0.3746113989637306,0.32849740932642485,0.053212435233160625,2,True,False,False,False,True,False,False,False,False,True,False,False,False,True,False,False,False,False,False,False,False,True,False,False,False,False,False,False,False,False,False,False,False,False,True,False,False,False
EV9,2023,63386.57,61.3,218.0,117.8,5.51,167.0,725.0,679.0,5,69.6,2057.0,5,0,97503,3.22,5,3.5562805872756935,290.76408256880734,0.3524550315994166,0.3300923675255226,0.029800680602819637,3,False,True,False,True,False,False,False,False,False,True,False,False,False,True,False,False,False,False,False,False,False,False,True,False,False,False,False,False,False,False,False,False,False,False,False,False,False,True
EQE,2021,115665.62,57.4,162.0,116.6,5.16,169.0,608.0,588.0,7,39.8,1500.0,4,1,25083,3.26,7,2.822299651567944,713.9853086419753,0.4053333333333333,0.392,0.038266666666666664,5,False,True,True,False,False,False,False,True,False,False,False,False,True,False,False,False,False,False,False,False,False,False,False,False,True,False,False,False,False,False,False,False,False,False,False,False,False,True
Dolphin,2022,30805.35,40.0,150.0,107.8,7.18,141.0,377.0,392.0,7,68.1,2193.0,5,1,133529,3.4,3,3.75,205.369,0.1719106247150023,0.17875056999544003,0.01823985408116735,4,False,True,False,False,False,True,False,False,False,False,False,False,False,False,False,False,True,False,False,False,False,False,False,False,False,False,False,False,False,False,False,False,False,False,False,False,False,True
i4,2026,103491.15,48.4,152.0,97.0,7.03,147.0,887.0,802.0,5,35.2,1837.0,5,2,42817,3.39,7,3.1404958677685952,680.8628289473684,0.48285247686445293,0.43658138268916713,0.026347305389221556,0,False,False,False,False,True,False,False,True,False,False,False,False,True,False,False,True,False,False,False,False,False,False,False,False,False,False,False,False,False,False,False,False,False,False,False,False,True,False
Niro EV,2026,67363.85,101.0,376.0,95.1,5.97,160.0,740.0,658.0,5,53.4,2072.0,3,1,128059,3.95,4,3.722772277227723,179.1591755319149,0.35714285714285715,0.31756756756756754,0.048745173745173745,0,True,False,False,True,False,False,False,False,False,True,False,False,False,False,True,False,False,False,False,False,False,False,True,False,False,False,False,False,False,False,False,False,False,False,True,False,False,False
Seagull,2025,37099.25,64.7,205.0,132.7,5.49,171.0,393.0,350.0,5,19.0,1783.0,5,0,163441,3.69,4,3.168469860896445,180.9719512195122,0.22041503084688727,0.1962983735277622,0.036287156477846326,1,False,False,True,False,False,False,False,False,False,False,False,False,False,True,False,False,True,False,False,False,False,False,False,False,False,False,False,False,False,False,False,False,False,False,False,False,False,True
Q4 e-tron,2025,55204.45,65.4,223.0,116.2,5.47,164.0,243.0,200.0,5,31.1,1500.0,4,1,48087,3.24,7,3.409785932721712,247.55358744394618,0.162,0.13333333333333333,0.04360000000000001,1,True,False,True,False,False,False,False,True,False,False,False,False,False,True,False,False,False,False,False,False,False,False,False,False,False,False,False,False,False,False,False,False,False,False,False,False,False,True
E-Transit,2025,63604.01,40.0,150.0,81.2,6.78,148.0,705.0,676.0,5,15.9,1508.0,4,1,36824,3.23,4,3.75,424.02673333333337,0.46750663129973474,0.4482758620689655,0.026525198938992044,1,True,False,True,False,False,False,False,False,False,False,False,True,False,True,False,False,False,False,True,False,False,False,False,False,False,False,False,False,False,False,False,False,False,False,False,False,False,True
iX,2023,101590.86,116.4,426.0,201.3,4.35,174.0,818.0,765.0,7,78.0,1688.0,5,2,73116,3.97,5,3.6597938144329896,238.4761971830986,0.48459715639810425,0.4531990521327014,0.06895734597156399,3,False,True,False,False,False,False,True,True,False,False,False,False,True,False,False,True,False,False,False,False,False,False,False,False,False,False,False,False,False,False,False,False,False,False,False,True,False,False
GLE EV,2024,62600.82,55.9,179.0,122.0,7.46,145.0,160.0,205.0,5,75.3,1500.0,3,2,69358,3.66,7,3.2021466905187834,349.72525139664805,0.10666666666666667,0.13666666666666666,0.03726666666666666,2,False,False,False,False,False,False,True,True,False,False,False,False,False,True,False,False,False,False,False,False,False,False,False,False,True,False,False,False,False,False,False,False,False,False,False,False,False,False
EQS,2025,99348.31,48.9,189.0,54.9,6.79,150.0,535.0,532.0,7,25.6,1578.0,4,1,79812,3.77,7,3.8650306748466257,525.6524338624339,0.33903675538656525,0.33713561470215464,0.030988593155893536,1,True,False,False,False,False,False,False,True,False,False,False,False,False,False,True,False,False,False,False,False,False,False,False,False,True,False,False,False,False,False,False,False,False,False,False,False,False,True
Bolt EUV,2021,40119.64,79.0,282.0,117.9,6.97,141.0,451.0,389.0,5,46.1,1980.0,5,1,25340,3.36,4,3.569620253164557,142.2682269503546,0.22777777777777777,0.19646464646464645,0.0398989898989899,5,False,False,False,True,False,False,False,False,False,False,False,True,False,True,False,False,False,False,False,True,False,False,False,False,False,False,False,False,False,False,False,False,False,False,False,False,False,False
EQC,2025,124226.17,74.2,253.0,77.2,5.89,164.0,687.0,619.0,5,63.1,1728.0,4,2,40173,3.67,8,3.4097035040431267,491.0125296442688,0.3975694444444444,0.3582175925925926,0.04293981481481482,1,True,False,False,True,False,False,False,True,False,False,False,False,True,False,False,False,False,False,False,False,False,False,False,False,True,False,False,False,False,False,False,False,False,False,False,False,False,False
Blazer EV,2025,34616.61,73.9,287.0,116.2,5.33,167.0,306.0,303.0,5,15.0,1685.0,4,0,24423,3.83,4,3.8836265223274693,120.61536585365855,0.18160237388724035,0.1798219584569733,0.043857566765578636,1,False,True,False,False,False,False,False,False,False,False,False,True,False,False,False,False,False,False,False,True,False,False,False,False,False,False,False,False,False,False,False,False,False,False,False,False,False,False
i7,2021,75380.59,109.0,366.0,90.6,4.66,181.0,482.0,442.0,7,36.9,2165.0,4,1,62356,3.91,7,3.3577981651376145,205.95789617486338,0.22263279445727482,0.20415704387990763,0.05034642032332563,5,True,False,False,True,False,False,False,True,False,False,False,False,False,False,True,True,False,False,False,False,False,False,False,False,False,False,False,False,False,False,False,False,False,False,True,False,False,False
EV9,2021,32210.63,78.1,270.0,121.5,7.59,137.0,210.0,200.0,7,48.2,1957.0,5,0,60096,3.21,5,3.4571062740076828,119.29862962962963,0.10730710270822688,0.10219724067450178,0.039908022483392945,5,False,True,False,True,False,False,False,False,False,True,False,False,False,False,False,False,False,False,False,False,False,False,True,False,False,False,False,False,False,False,False,False,False,False,False,False,False,True
Silverado EV,2026,68395.01,46.0,165.0,142.4,7.05,146.0,903.0,784.0,7,34.1,1500.0,4,1,27929,3.0,5,3.5869565217391304,414.5152121212121,0.602,0.5226666666666666,0.030666666666666665,0,False,False,False,False,False,False,False,False,False,False,False,True,False,False,True,False,False,False,False,True,False,False,False,False,False,False,False,False,False,False,False,False,False,False,False,False,True,False
Model S,2024,156702.49,102.8,353.0,339.7,5.34,157.0,1000.0,867.0,7,26.1,1500.0,5,2,132013,3.89,5,3.4338521400778212,443.9164022662889,0.6666666666666666,0.578,0.06853333333333333,2,False,False,False,False,True,False,False,False,False,False,False,True,True,False,False,False,False,False,False,False,False,False,False,False,False,False,False,False,False,True,False,False,False,False,True,False,False,False
e-tron,2026,97863.03,41.7,166.0,140.5,6.81,145.0,693.0,607.0,7,35.1,1509.0,5,1,24216,3.41,7,3.980815347721822,589.5363253012048,0.4592445328031809,0.4022531477799867,0.027634194831013918,0,False,False,False,False,False,False,False,True,False,False,False,False,False,False,True,False,False,False,False,False,False,False,False,False,False,False,False,False,False,False,False,False,False,False,False,False,False,False
EQS,2025,183986.43,100.6,365.0,124.5,4.04,193.0,1000.0,849.0,5,25.9,1663.0,5,1,50432,4.09,5,3.628230616302187,504.0724109589041,0.6013229104028863,0.5105231509320505,0.060493084786530364,1,True,False,True,False,False,False,False,True,False,False,False,False,True,False,False,False,False,False,False,False,False,False,False,False,True,False,False,False,False,False,False,False,False,False,True,False,False,False
Cybertruck,2025,56352.74,82.9,297.0,312.4,2.74,200.0,305.0,299.0,7,63.9,2480.0,4,3,197115,3.86,5,3.582629674306393,189.73986531986532,0.12298387096774194,0.12056451612903225,0.033427419354838714,1,False,False,False,False,False,True,False,False,False,False,False,True,False,True,False,False,False,False,False,False,False,False,False,False,False,False,False,False,False,True,False,False,False,False,False,True,False,False
EQG,2022,126403.53,64.9,225.0,136.0,7.73,137.0,706.0,626.0,7,42.5,2048.0,4,1,37272,3.78,7,3.4668721109399074,561.7934666666666,0.3447265625,0.3056640625,0.031689453125,4,True,False,False,True,False,False,False,True,False,False,False,False,True,False,False,False,False,False,False,False,False,False,False,False,True,False,False,False,False,False,False,False,False,False,False,False,False,True
Model 3,2023,67810.93,55.5,175.0,235.1,5.86,166.0,470.0,501.0,7,30.9,1618.0,5,2,194039,3.62,4,3.1531531531531534,387.49102857142856,0.2904820766378245,0.3096415327564895,0.03430160692212608,3,False,True,False,False,True,False,False,False,False,False,False,True,False,False,True,False,False,False,False,False,False,False,False,False,False,False,False,False,False,True,False,False,False,False,False,False,True,False
Seagull,2022,53237.26,103.0,376.0,147.2,4.3,186.0,620.0,527.0,5,73.8,2247.0,5,0,163016,3.81,3,3.650485436893204,141.58845744680852,0.27592345349354697,0.2345349354695149,0.045838896306186025,4,True,False,False,False,False,True,False,False,False,False,False,False,False,True,False,False,True,False,False,False,False,False,False,False,False,False,False,False,False,False,False,False,False,False,True,False,False,False
Blazer EV,2025,63436.73,52.8,186.0,77.8,7.75,130.0,856.0,767.0,5,56.0,2127.0,5,0,13397,3.49,4,3.522727272727273,341.057688172043,0.4024447578749412,0.3606017865538317,0.02482369534555712,1,False,False,False,False,False,True,False,False,False,False,False,True,False,True,False,False,False,False,False,True,False,False,False,False,False,False,False,False,False,False,False,False,False,False,False,False,False,False
Cybertruck,2024,101208.82,52.4,172.0,331.1,6.55,147.0,744.0,653.0,5,67.0,2359.0,5,2,248389,3.58,5,3.282442748091603,588.4233720930233,0.31538787621873676,0.2768122085629504,0.02221280203476049,2,False,False,False,False,False,True,False,False,False,False,False,True,True,False,False,False,False,False,False,False,False,False,False,False,False,False,False,False,False,True,False,False,False,False,False,False,False,True
Explorer EV,2023,37298.34,72.7,262.0,80.1,6.53,154.0,244.0,225.0,5,65.9,2136.0,4,0,60230,3.57,4,3.6038514442916094,142.36007633587784,0.11423220973782772,0.10533707865168539,0.03403558052434457,3,False,True,False,True,False,False,False,False,False,False,False,True,False,True,False,False,False,False,True,False,False,False,False,False,False,False,False,False,False,False,False,False,False,False,False,False,False,True
EQC,2022,155446.31,72.7,265.0,130.3,5.37,175.0,987.0,922.0,5,23.7,1500.0,5,2,41853,3.77,5,3.6451169188445665,586.5898490566037,0.658,0.6146666666666667,0.04846666666666667,4,True,False,False,False,True,False,False,True,False,False,False,False,True,False,False,False,False,False,False,False,False,False,False,False,True,False,False,False,False,False,False,False,False,False,False,False,True,False
Ioniq 5,2022,55487.47,41.2,154.0,148.9,5.04,169.0,606.0,541.0,5,26.6,1768.0,3,0,52238,3.21,4,3.7378640776699026,360.30824675324675,0.3427601809954751,0.3059954751131222,0.02330316742081448,4,False,False,False,False,True,False,False,False,False,True,False,False,False,True,False,False,False,False,False,False,False,True,False,False,False,False,False,False,False,False,False,False,False,False,False,False,True,False
Model 3,2020,65735.1,91.3,319.0,237.2,4.55,178.0,401.0,349.0,5,39.0,1684.0,3,2,120134,4.09,4,3.4939759036144578,206.06614420062698,0.23812351543942992,0.20724465558194774,0.05421615201900237,6,False,True,False,False,False,False,False,False,False,False,False,True,False,False,True,False,False,False,False,False,False,False,False,False,False,False,False,False,False,True,False,False,False,False,True,False,False,False
Seagull,2023,62912.21,54.0,188.0,64.2,7.65,142.0,724.0,621.0,5,25.4,1783.0,5,1,196923,3.56,3,3.4814814814814814,334.639414893617,0.4060572069545709,0.3482893998878295,0.03028603477285474,3,False,False,True,False,False,False,False,False,False,False,False,False,False,True,False,False,True,False,False,False,False,False,False,False,False,False,False,False,False,False,False,False,False,False,False,False,False,True
Picanto EV,2026,97174.66,65.2,227.0,142.1,6.85,140.0,1000.0,937.0,5,57.7,2301.0,4,2,93712,3.12,4,3.4815950920245395,428.0822026431718,0.43459365493263796,0.40721425467188177,0.028335506301608,0,False,False,False,False,False,True,False,False,False,True,False,False,False,False,True,False,False,False,False,False,False,False,True,False,False,False,False,False,False,False,False,False,False,False,False,False,True,False
2,2020,82455.28,57.3,204.0,144.2,6.86,156.0,459.0,443.0,5,75.3,1643.0,4,0,12945,3.41,3,3.56020942408377,404.19254901960784,0.2793670115642118,0.2696287279367012,0.034875228241022516,6,True,False,False,False,False,False,True,False,False,False,True,False,False,False,True,False,False,False,False,False,False,False,False,False,False,False,True,False,False,False,False,False,False,False,False,False,False,False
i5,2025,84667.26,78.3,258.0,52.5,7.87,141.0,617.0,535.0,5,78.2,2318.0,3,2,39763,3.26,6,3.295019157088123,328.16767441860463,0.26617773943054357,0.23080241587575495,0.033779119930974974,1,False,False,False,False,False,True,False,True,False,False,False,False,False,False,True,True,False,False,False,False,False,False,False,False,False,False,False,False,False,False,False,False,False,False,False,False,False,False
Dolphin,2024,57387.97,47.9,180.0,105.9,5.77,164.0,619.0,552.0,5,34.6,1500.0,5,0,181198,3.34,4,3.757828810020877,318.82205555555555,0.4126666666666667,0.368,0.031933333333333334,2,True,False,False,False,True,False,False,False,False,False,False,False,False,True,False,False,True,False,False,False,False,False,False,False,False,False,False,False,False,False,False,False,False,False,False,False,False,True
iX,2025,92031.99,74.6,257.0,115.0,5.41,166.0,698.0,633.0,7,35.1,1684.0,5,1,29936,3.7,7,3.445040214477212,358.1011284046693,0.4144893111638955,0.37589073634204273,0.04429928741092636,1,True,False,False,False,True,False,False,True,False,False,False,False,False,False,True,True,False,False,False,False,False,False,False,False,False,False,False,False,False,False,False,False,False,False,False,False,False,True
EV6,2024,72870.48,81.7,288.0,119.2,5.28,174.0,819.0,756.0,7,59.5,2444.0,5,1,68801,3.48,3,3.525091799265606,253.02249999999998,0.3351063829787234,0.309328968903437,0.033428805237315874,2,False,True,False,False,False,True,False,False,False,True,False,False,False,False,True,False,False,False,False,False,False,False,True,False,False,False,False,False,False,False,False,False,False,False,False,False,False,False
Explorer EV,2025,66422.79,77.9,263.0,69.3,7.26,149.0,730.0,659.0,5,75.9,1938.0,5,1,56669,3.69,4,3.3761232349165593,252.55813688212925,0.3766769865841073,0.34004127966976266,0.04019607843137255,1,False,False,False,False,False,False,True,False,False,False,False,True,False,False,True,False,False,False,True,False,False,False,False,False,False,False,False,False,False,False,False,False,False,False,False,False,True,False
Cybertruck,2025,52220.2,69.1,211.0,249.5,5.55,172.0,345.0,283.0,5,68.0,2532.0,5,2,119997,3.75,5,3.0535455861070915,247.48909952606633,0.1362559241706161,0.1117693522906793,0.02729067930489731,1,False,False,False,False,False,True,False,False,False,False,False,True,False,True,False,False,False,False,False,False,False,False,False,False,False,False,False,False,False,True,False,False,False,False,False,False,True,False
Equinox EV,2025,84366.72,76.7,244.0,139.4,4.19,185.0,1000.0,852.0,5,57.6,2312.0,4,0,6773,3.64,4,3.18122555410691,345.76524590163933,0.43252595155709345,0.3685121107266436,0.03317474048442907,1,False,True,False,True,False,False,False,False,False,False,False,True,False,False,True,False,False,False,False,True,False,False,False,False,False,False,False,False,False,False,False,False,False,False,True,False,False,False
EV9,2025,93514.06,80.2,278.0,88.0,4.93,179.0,1000.0,929.0,5,36.1,1814.0,5,1,120989,3.34,4,3.4663341645885284,336.3815107913669,0.5512679162072768,0.5121278941565601,0.044211686879823596,1,True,False,False,True,False,False,False,False,False,True,False,False,False,False,True,False,False,False,False,False,False,False,True,False,False,False,False,False,False,False,False,False,False,False,True,False,False,False
bZ Compact SUV,2020,30416.52,72.2,257.0,102.7,6.31,153.0,150.0,200.0,5,44.1,2421.0,4,2,15941,3.54,3,3.559556786703601,118.35221789883269,0.061957868649318466,0.08261049153242461,0.029822387443205287,6,False,True,False,True,False,False,False,False,True,False,False,False,False,False,False,False,False,False,False,False,False,False,False,False,False,False,False,False,False,False,True,False,False,False,False,False,False,False
Seagull,2021,106411.54,95.1,346.0,156.7,2.82,200.0,1000.0,828.0,7,78.4,1515.0,5,1,180190,3.58,3,3.6382754994742377,307.5478034682081,0.6600660066006601,0.5465346534653466,0.06277227722772277,5,False,True,False,False,False,False,True,False,False,False,False,False,True,False,False,False,True,False,False,False,False,False,False,False,False,False,False,False,False,False,False,False,False,False,False,True,False,False
iX,2026,81773.51,75.7,277.0,141.2,4.19,182.0,629.0,581.0,5,70.8,2691.0,5,2,38573,3.54,6,3.6591809775429325,295.2112274368231,0.2337421033073207,0.21590486807878112,0.028130806391675957,0,False,False,False,False,False,True,False,True,False,False,False,False,False,False,True,True,False,False,False,False,False,False,False,False,False,False,False,False,False,False,False,False,False,False,True,False,False,False
R1T,2021,75009.92,69.1,263.0,61.6,7.15,141.0,448.0,384.0,4,53.8,2477.0,5,1,1899,3.57,4,3.8060781476121566,285.20882129277567,0.1808639483245862,0.15502624142107388,0.02789664917238595,5,True,False,False,False,False,True,False,False,False,False,False,True,False,False,True,False,False,False,False,False,False,False,False,False,False,False,False,False,True,False,False,False,False,False,False,False,False,True
Model S,2025,67256.69,74.1,249.0,238.6,6.16,156.0,471.0,404.0,5,57.7,2729.0,5,3,149284,3.76,5,3.3603238866396765,270.1071887550201,0.1725906925613778,0.14803957493587394,0.027152803224624402,1,False,True,False,False,False,True,False,False,False,False,False,True,False,False,True,False,False,False,False,False,False,False,False,False,False,False,False,False,False,True,False,False,False,False,False,False,False,True
EL6,2025,65308.05,45.9,171.0,55.2,5.82,156.0,469.0,405.0,7,32.1,1784.0,5,0,19253,3.04,4,3.7254901960784315,381.9184210526316,0.26289237668161436,0.22701793721973093,0.025728699551569506,1,True,False,False,False,True,False,False,False,False,False,False,False,False,False,True,False,False,False,False,False,False,False,False,False,False,True,False,False,False,False,False,False,False,False,False,False,False,True
i4,2023,63735.58,75.4,276.0,140.1,6.05,154.0,308.0,308.0,5,20.9,1500.0,5,2,28907,3.44,7,3.6604774535809015,230.92601449275364,0.20533333333333334,0.20533333333333334,0.05026666666666667,3,True,False,False,False,True,False,False,True,False,False,False,False,False,True,False,True,False,False,False,False,False,False,False,False,False,False,False,False,False,False,False,False,False,False,False,False,False,False
Model Y,2025,154034.2,80.6,277.0,349.9,7.02,146.0,1000.0,900.0,7,36.3,1611.0,5,2,428866,3.69,6,3.436724565756824,556.0801444043321,0.6207324643078833,0.5586592178770949,0.05003103662321539,1,False,True,True,False,False,False,False,False,False,False,False,True,True,False,False,False,False,False,False,False,False,False,False,False,False,False,False,False,False,True,False,False,False,False,False,False,True,False
Seagull,2025,26964.92,56.1,166.0,80.9,5.84,165.0,274.0,233.0,7,68.9,1750.0,5,0,131090,3.27,3,2.9590017825311943,162.4392771084337,0.15657142857142858,0.13314285714285715,0.03205714285714286,1,False,True,False,False,False,False,True,False,False,False,False,False,False,False,False,False,True,False,False,False,False,False,False,False,False,False,False,False,False,False,False,False,False,False,False,False,False,True
Bolt EUV,2024,61730.85,78.6,279.0,142.9,4.4,183.0,863.0,773.0,5,30.1,1597.0,5,2,10777,3.75,4,3.5496183206106875,221.25752688172042,0.5403882279273639,0.48403256105197245,0.04921728240450845,2,True,False,False,False,False,False,False,False,False,False,False,True,False,True,False,False,False,False,False,True,False,False,False,False,False,False,False,False,False,False,False,False,False,False,True,False,False,False
Model 3,2024,88042.89,46.2,164.0,328.9,7.69,138.0,687.0,636.0,5,19.7,1735.0,3,2,108761,3.42,5,3.5497835497835495,536.8468902439024,0.39596541786743517,0.3665706051873199,0.026628242074927956,2,True,False,False,False,True,False,False,False,False,False,False,True,False,False,True,False,False,False,False,False,False,False,False,False,False,False,False,False,False,True,False,False,False,False,False,False,False,False
EV9,2025,74000.57,102.9,371.0,128.3,4.27,187.0,864.0,705.0,5,62.3,1873.0,5,0,137133,3.72,3,3.6054421768707483,199.4624528301887,0.4612920448478377,0.37640149492792313,0.05493860117458623,1,False,True,False,True,False,False,False,False,False,True,False,False,False,False,True,False,False,False,False,False,False,False,True,False,False,False,False,False,False,False,False,False,False,False,True,False,False,False
Atto 3,2025,81058.7,78.3,260.0,65.7,5.81,160.0,934.0,836.0,7,66.0,1569.0,4,2,230802,3.44,4,3.3205619412515968,311.7642307692308,0.5952836201402167,0.532823454429573,0.04990439770554493,1,False,False,False,False,False,False,True,False,False,False,False,False,False,False,True,False,True,False,False,False,False,False,False,False,False,False,False,False,False,False,False,False,False,False,False,False,True,False
iX,2022,51043.69,76.0,263.0,120.6,5.44,172.0,178.0,200.0,7,30.1,1582.0,4,1,44259,3.39,8,3.460526315789474,194.08247148288973,0.1125158027812895,0.1264222503160556,0.04804045512010114,4,False,True,False,False,False,False,False,True,False,False,False,False,False,True,False,True,False,False,False,False,False,False,False,False,False,False,False,False,False,False,False,False,False,False,False,False,False,False
Model Y,2023,144885.91,67.7,230.0,249.1,6.26,156.0,1000.0,899.0,5,39.8,1572.0,5,2,416711,3.88,5,3.397341211225997,629.9387391304348,0.6361323155216285,0.571882951653944,0.04306615776081425,3,False,False,True,False,False,False,False,False,False,False,False,True,True,False,False,False,False,False,False,False,False,False,False,False,False,False,False,False,False,True,False,False,False,False,False,False,True,False
EQG,2026,124673.1,100.9,347.0,66.9,4.72,173.0,758.0,698.0,5,48.3,1890.0,5,2,24079,4.0,5,3.4390485629335976,359.2884726224784,0.40105820105820106,0.3693121693121693,0.05338624338624339,0,True,False,False,True,False,False,False,True,False,False,False,False,True,False,False,False,False,False,False,False,False,False,False,False,True,False,False,False,False,False,False,False,False,False,True,False,False,False
Ronin,2024,159067.16,109.7,402.0,212.3,4.15,178.0,1000.0,948.0,7,62.3,1803.0,5,1,23252,3.93,3,3.664539653600729,395.6894527363184,0.5546311702717692,0.5257903494176372,0.060843039378813094,2,False,True,False,False,False,False,True,False,False,False,False,True,True,False,False,False,False,True,False,False,False,False,False,False,False,False,False,False,False,False,False,False,False,False,False,True,False,False
Ocean,2024,93018.72,83.7,313.0,72.3,5.21,182.0,786.0,724.0,5,21.4,1655.0,5,0,1655,3.46,5,3.7395459976105134,297.1844089456869,0.47492447129909365,0.43746223564954684,0.05057401812688822,2,False,False,False,False,True,False,False,False,False,False,False,True,False,False,True,False,False,True,False,False,False,False,False,False,False,False,False,False,False,False,False,False,False,False,True,False,False,False
Bolt EV,2026,67711.2,41.3,150.0,101.7,5.62,155.0,886.0,827.0,5,78.6,1868.0,5,2,15428,3.23,5,3.6319612590799033,451.40799999999996,0.4743040685224839,0.44271948608137046,0.02210920770877944,0,True,False,False,False,False,False,True,False,False,False,False,True,False,False,True,False,False,False,False,True,False,False,False,False,False,False,False,False,False,False,False,False,False,False,False,False,True,False
Model 3,2025,112635.62,91.1,305.0,292.5,3.93,195.0,808.0,749.0,7,78.6,2220.0,5,2,126461,4.14,5,3.347969264544457,369.29711475409835,0.36396396396396397,0.3373873873873874,0.04103603603603603,1,False,True,False,False,False,True,False,False,False,False,False,True,True,False,False,False,False,False,False,False,False,False,False,False,False,False,False,False,False,True,False,False,False,False,False,True,False,False
Blazer EV,2023,62461.41,54.0,168.0,88.5,7.57,138.0,828.0,728.0,5,20.5,1571.0,4,0,6024,3.32,4,3.111111111111111,371.7941071428572,0.5270528325907066,0.4633991088478676,0.03437301082113304,3,False,False,True,False,False,False,False,False,False,False,False,True,False,True,False,False,False,False,False,True,False,False,False,False,False,False,False,False,False,False,False,False,False,False,False,False,False,True
Model Y,2026,83728.44,82.6,280.0,333.8,4.82,180.0,562.0,518.0,7,23.4,1738.0,4,2,490450,3.83,6,3.3898305084745766,299.0301428571429,0.3233601841196778,0.29804372842347526,0.0475258918296893,0,False,False,True,False,False,False,False,False,False,False,False,True,False,False,True,False,False,False,False,False,False,False,False,False,False,False,False,False,False,True,False,False,False,False,True,False,False,False
Model X,2025,92160.09,115.6,400.0,304.6,3.28,200.0,701.0,679.0,7,37.1,1630.0,4,2,139912,4.17,6,3.4602076124567476,230.40022499999998,0.43006134969325155,0.4165644171779141,0.07092024539877301,1,False,False,False,False,True,False,False,False,False,False,False,True,False,False,True,False,False,False,False,False,False,False,False,False,False,False,False,False,False,True,False,False,False,False,False,True,False,False
Dolphin,2023,23505.59,75.5,261.0,72.6,5.58,166.0,211.0,239.0,5,28.6,1694.0,3,0,178149,3.42,4,3.456953642384106,90.05973180076629,0.12455726092089728,0.141086186540732,0.044569067296340026,3,False,False,True,False,False,False,False,False,False,False,False,False,False,False,False,False,True,False,False,False,False,False,False,False,False,False,False,False,False,False,False,False,False,False,False,False,False,True
Kona Electric,2026,77799.73,108.0,367.0,182.6,2.67,200.0,956.0,887.0,5,17.8,1720.0,4,0,58908,3.8,3,3.3981481481481484,211.9883651226158,0.5558139534883721,0.5156976744186047,0.06279069767441861,0,False,True,True,False,False,False,False,False,False,True,False,False,False,False,True,False,False,False,False,False,False,True,False,False,False,False,False,False,False,False,False,False,False,False,False,True,False,False
Mustang Mach-E,2022,56513.76,52.3,189.0,87.3,5.42,162.0,505.0,476.0,5,63.1,2216.0,3,1,39584,3.23,4,3.61376673040153,299.01460317460317,0.22788808664259927,0.2148014440433213,0.023601083032490974,4,False,True,False,False,False,True,False,False,False,False,False,True,False,True,False,False,False,False,True,False,False,False,False,False,False,False,False,False,False,False,False,False,False,False,False,False,False,True
i3,2025,69070.75,82.0,304.0,92.6,7.54,143.0,374.0,366.0,5,73.6,1576.0,4,2,73019,3.53,5,3.707317073170732,227.20641447368422,0.23730964467005075,0.23223350253807107,0.05203045685279188,1,True,False,False,False,False,False,True,True,False,False,False,False,False,False,True,True,False,False,False,False,False,False,False,False,False,False,False,False,False,False,False,False,False,False,False,False,False,True
ID.4,2024,112817.29,66.1,213.0,87.9,6.84,142.0,1000.0,896.0,5,37.9,1541.0,5,0,244997,3.38,3,3.2223903177004543,529.6586384976525,0.6489292667099286,0.5814406229720961,0.04289422452952628,2,False,False,False,False,True,False,False,True,False,False,False,False,True,False,False,False,False,False,False,False,False,False,False,False,False,False,False,False,False,False,False,True,False,False,False,False,True,False
Yuan Plus,2025,28078.09,44.7,150.0,63.8,6.5,156.0,251.0,252.0,7,15.7,1500.0,3,0,207345,3.08,5,3.355704697986577,187.18726666666666,0.16733333333333333,0.168,0.029800000000000004,1,False,False,False,False,True,False,False,False,False,False,False,False,False,False,False,False,True,False,False,False,False,False,False,False,False,False,False,False,False,False,False,False,False,False,False,False,False,True
SU7,2024,67624.72,50.5,190.0,140.3,5.38,168.0,690.0,581.0,7,53.3,2209.0,5,1,26829,3.48,4,3.762376237623762,355.91957894736845,0.3123585332729742,0.26301493888637395,0.022861023087369852,2,False,True,False,False,False,True,False,False,False,False,False,False,False,False,True,False,False,False,False,False,False,False,False,False,False,False,False,False,False,False,False,False,False,True,False,False,False,False
ID.4,2024,45198.24,56.5,198.0,105.6,7.64,139.0,373.0,366.0,5,54.6,2492.0,5,0,251931,3.32,3,3.504424778761062,228.27393939393937,0.14967897271268057,0.14686998394863562,0.02267255216693419,2,False,False,False,False,False,True,False,True,False,False,False,False,False,True,False,False,False,False,False,False,False,False,False,False,False,False,False,False,False,False,False,True,False,False,False,False,False,True
ID. Buzz,2025,34913.45,57.9,187.0,110.5,6.77,145.0,190.0,200.0,5,36.0,1579.0,5,0,204604,3.5,4,3.229706390328152,186.70294117647057,0.12032932235592148,0.1266624445851805,0.036668777707409755,1,False,False,True,False,False,False,False,True,False,False,False,False,False,False,False,False,False,False,False,False,False,False,False,False,False,False,False,False,False,False,False,True,False,False,False,False,False,True
Model X,2022,53235.86,84.7,305.0,223.2,5.5,178.0,364.0,336.0,5,37.5,1686.0,4,2,178460,3.67,5,3.600944510035419,174.54380327868853,0.2158956109134045,0.199288256227758,0.050237247924080665,4,False,False,False,False,False,False,False,False,False,False,False,True,False,True,False,False,False,False,False,False,False,False,False,False,False,False,False,False,False,True,False,False,False,False,False,False,False,False
E-Transit,2023,78714.85,111.5,393.0,229.0,4.13,184.0,917.0,787.0,5,27.8,1647.0,4,0,41203,3.73,4,3.524663677130045,200.29223918575065,0.5567698846387371,0.47783849423193686,0.06769884638737098,3,False,True,False,False,False,False,False,False,False,False,False,True,False,False,True,False,False,False,True,False,False,False,False,False,False,False,False,False,False,False,False,False,False,False,False,True,False,False
Bolt EUV,2024,57065.27,44.6,150.0,109.7,5.83,167.0,737.0,692.0,5,57.0,2167.0,5,1,24368,3.41,4,3.3632286995515694,380.43513333333334,0.3401015228426396,0.3193354868481772,0.02058144900784495,2,True,False,False,True,False,False,False,False,False,False,False,True,False,True,False,False,False,False,False,True,False,False,False,False,False,False,False,False,False,False,False,False,False,False,False,False,False,True
Yuan Plus,2025,113906.34,84.5,315.0,213.7,3.12,200.0,1000.0,947.0,7,72.1,2485.0,3,2,193570,3.68,5,3.727810650887574,361.60742857142856,0.4024144869215292,0.3810865191146881,0.034004024144869215,1,False,True,False,False,False,True,False,False,False,False,False,False,True,False,False,False,True,False,False,False,False,False,False,False,False,False,False,False,False,False,False,False,False,False,False,True,False,False
Model 3,2024,171221.67,95.1,329.0,288.2,3.51,196.0,1000.0,933.0,5,65.3,1588.0,5,3,247330,3.88,4,3.459516298633018,520.4306079027356,0.6297229219143576,0.5875314861460957,0.05988664987405541,2,False,False,False,False,False,False,True,False,False,False,False,True,True,False,False,False,False,False,False,False,False,False,False,False,False,False,False,False,False,True,False,False,False,False,False,True,False,False
i5,2024,143876.35,81.7,261.0,227.3,2.98,197.0,1000.0,915.0,5,69.1,1841.0,3,1,37253,3.67,6,3.1946144430844554,551.2503831417624,0.5431830526887561,0.49701249321021185,0.04437805540467137,2,False,False,False,False,False,True,False,True,False,False,False,False,True,False,False,True,False,False,False,False,False,False,False,False,False,False,False,False,False,False,False,False,False,False,False,True,False,False
iX,2024,62907.37,84.0,296.0,148.1,7.97,134.0,299.0,208.0,7,60.3,1899.0,5,1,49240,3.56,7,3.5238095238095237,212.52489864864864,0.15745129015271195,0.10953133228014744,0.044233807266982623,2,False,True,False,True,False,False,False,True,False,False,False,False,False,True,False,True,False,False,False,False,False,False,False,False,False,False,False,False,False,False,False,False,False,False,False,False,False,False
Atto 3,2022,101092.71,80.1,278.0,106.3,4.59,177.0,1000.0,848.0,7,20.9,1565.0,5,0,230522,3.61,4,3.470661672908864,363.6428417266187,0.6389776357827476,0.5418530351437699,0.051182108626198076,4,True,False,False,False,True,False,False,False,False,False,False,False,True,False,False,False,True,False,False,False,False,False,False,False,False,False,False,False,False,False,False,False,False,False,True,False,False,False
bZ Compact SUV,2024,53125.0,63.6,233.0,133.8,6.48,151.0,545.0,473.0,5,36.6,1998.0,4,1,19789,3.34,4,3.6635220125786163,228.00429184549355,0.2727727727727728,0.23673673673673673,0.03183183183183183,2,False,False,False,True,False,False,False,False,True,False,False,False,False,True,False,False,False,False,False,False,False,False,False,False,False,False,False,False,False,False,True,False,False,False,False,False,False,True
Model S,2025,67690.46,92.6,317.0,349.6,4.45,179.0,444.0,423.0,5,38.0,1865.0,4,2,187975,3.94,4,3.4233261339092875,213.53457413249214,0.23806970509383377,0.22680965147453083,0.049651474530831095,1,False,True,True,False,False,False,False,False,False,False,False,True,False,False,True,False,False,False,False,False,False,False,False,False,False,False,False,False,False,True,False,False,False,False,True,False,False,False
ID. Buzz,2025,71667.28,81.5,282.0,96.9,6.31,156.0,753.0,614.0,5,64.3,1500.0,3,0,285418,3.48,4,3.460122699386503,254.13929078014183,0.502,0.4093333333333333,0.05433333333333333,1,True,False,False,False,False,False,True,True,False,False,False,False,False,False,True,False,False,False,False,False,False,False,False,False,False,False,False,False,False,False,False,True,False,False,False,False,False,True
EC6,2025,103197.25,46.4,161.0,53.2,5.82,163.0,956.0,826.0,5,68.1,1500.0,4,2,20886,3.24,5,3.469827586206897,640.9767080745341,0.6373333333333333,0.5506666666666666,0.030933333333333334,1,False,True,False,False,False,False,True,False,False,False,False,False,True,False,False,False,False,False,False,False,False,False,False,False,False,True,False,False,False,False,False,False,False,False,False,False,True,False
ID. Aero,2022,94244.35,75.7,264.0,162.0,2.91,200.0,1000.0,943.0,7,40.8,1834.0,4,0,251606,3.39,4,3.487450462351387,356.9861742424243,0.5452562704471101,0.5141766630316249,0.04127589967284624,4,False,False,False,True,False,False,False,True,False,False,False,False,False,False,True,False,False,False,False,False,False,False,False,False,False,False,False,False,False,False,False,True,False,False,False,True,False,False
i7,2025,150935.25,119.6,423.0,166.7,2.81,200.0,1000.0,883.0,5,16.4,2027.0,5,1,49006,3.99,6,3.536789297658863,356.82092198581563,0.493339911198816,0.4356191415885545,0.05900345337937839,1,False,True,True,False,False,False,False,True,False,False,False,False,True,False,False,True,False,False,False,False,False,False,False,False,False,False,False,False,False,False,False,False,False,False,False,True,False,False
ID. Buzz,2022,46160.26,117.4,399.0,235.9,4.37,198.0,404.0,347.0,5,30.1,1500.0,5,1,298179,3.96,5,3.398637137989778,115.68987468671679,0.2693333333333333,0.23133333333333334,0.07826666666666666,4,False,True,False,False,False,False,False,True,False,False,False,False,False,True,False,False,False,False,False,False,False,False,False,False,False,False,False,False,False,False,False,True,False,False,False,True,False,False
Seagull,2025,32710.87,88.5,321.0,98.4,4.35,192.0,307.0,301.0,7,51.2,2579.0,5,1,169948,3.62,4,3.6271186440677967,101.90302180685357,0.11903838697169446,0.11671190383869717,0.034315626211709964,1,False,True,False,False,False,True,False,False,False,False,False,False,False,False,False,False,True,False,False,False,False,False,False,False,False,False,False,False,False,False,False,False,False,False,True,False,False,False
3,2024,76930.78,77.7,257.0,133.1,6.46,159.0,442.0,411.0,7,72.8,2494.0,4,0,17188,3.48,4,3.3075933075933075,299.3415564202335,0.17722534081796312,0.16479550922213312,0.03115477145148356,2,False,True,False,False,False,True,False,False,False,False,True,False,False,False,True,False,False,False,False,False,False,False,False,False,False,False,True,False,False,False,False,False,False,False,False,False,False,True
ID. Aero,2021,102347.9,83.8,290.0,157.6,2.82,200.0,1000.0,935.0,5,66.5,1990.0,5,1,251849,3.65,4,3.460620525059666,352.92379310344825,0.5025125628140703,0.46984924623115576,0.042110552763819094,5,False,True,False,True,False,False,False,True,False,False,False,False,True,False,False,False,False,False,False,False,False,False,False,False,False,False,False,False,False,False,False,True,False,False,False,True,False,False
Q4 e-tron,2022,84689.7,69.6,254.0,113.3,7.48,135.0,508.0,487.0,5,68.5,1617.0,5,1,55401,3.66,7,3.649425287356322,333.4240157480315,0.3141620284477427,0.3011750154607297,0.043042671614100185,4,False,False,False,False,False,False,True,True,False,False,False,False,False,False,True,False,False,False,False,False,False,False,False,False,False,False,False,False,False,False,False,False,False,False,False,False,False,False
Max,2025,118077.25,109.3,391.0,162.2,3.74,191.0,1000.0,913.0,5,35.4,1687.0,5,0,103364,3.72,4,3.5773101555352245,301.98785166240407,0.5927682276229994,0.5411973918197984,0.06478956727919383,1,True,False,False,False,True,False,False,False,False,False,False,False,True,False,False,False,True,False,False,False,False,False,False,False,False,False,False,False,False,False,False,False,False,False,False,True,False,False
Atto 3,2026,87619.97,76.3,270.0,56.2,5.53,163.0,1000.0,870.0,5,34.8,1500.0,4,0,118872,3.49,4,3.5386631716906947,324.51840740740744,0.6666666666666666,0.58,0.050866666666666664,0,False,True,True,False,False,False,False,False,False,False,False,False,False,False,True,False,True,False,False,False,False,False,False,False,False,False,False,False,False,False,False,False,False,False,False,False,True,False
Model Y,2025,92379.52,84.7,300.0,226.8,7.5,130.0,685.0,640.0,5,32.1,1616.0,4,2,461008,3.78,6,3.5419126328217234,307.93173333333334,0.4238861386138614,0.39603960396039606,0.05241336633663367,1,False,True,False,False,True,False,False,False,False,False,False,True,False,False,True,False,False,False,False,False,False,False,False,False,False,False,False,False,False,True,False,False,False,False,False,False,False,True
i7,2020,84308.51,76.3,242.0,121.7,6.09,144.0,645.0,559.0,5,79.3,2413.0,5,1,53466,3.48,6,3.1716906946264745,348.3822727272727,0.2673021135515955,0.23166183174471613,0.03162038955656859,6,False,True,False,False,False,True,False,True,False,False,False,False,False,False,True,True,False,False,False,False,False,False,False,False,False,False,False,False,False,False,False,False,False,False,False,False,True,False
ID. Aero,2024,115397.77,79.6,282.0,189.4,2.83,200.0,1000.0,870.0,7,34.1,1511.0,4,0,296594,3.51,4,3.542713567839196,409.21195035460994,0.6618133686300464,0.5757776307081403,0.05268034414295168,2,False,False,False,False,True,False,False,True,False,False,False,False,True,False,False,False,False,False,False,False,False,False,False,False,False,False,False,False,False,False,False,True,False,False,False,True,False,False
EQE,2023,142019.75,58.7,200.0,106.5,5.81,166.0,942.0,820.0,7,20.7,1640.0,5,2,57178,3.68,7,3.4071550255536627,710.09875,0.574390243902439,0.5,0.03579268292682927,3,True,False,True,False,False,False,False,True,False,False,False,False,True,False,False,False,False,False,False,False,False,False,False,False,True,False,False,False,False,False,False,False,False,False,False,False,False,True
Ioniq,2023,48459.84,100.0,358.0,93.1,4.64,175.0,494.0,456.0,7,79.6,1594.0,4,0,128198,3.66,4,3.58,135.3626815642458,0.3099121706398996,0.2860727728983689,0.06273525721455459,3,True,False,False,False,False,False,True,False,False,True,False,False,False,True,False,False,False,False,False,False,False,True,False,False,False,False,False,False,False,False,False,False,False,False,True,False,False,False
Ronin,2025,106306.01,80.2,270.0,52.3,7.48,140.0,925.0,853.0,7,66.9,1500.0,5,2,8757,3.62,4,3.366583541147132,393.72596296296297,0.6166666666666667,0.5686666666666667,0.05346666666666667,1,False,False,False,False,False,False,True,False,False,False,False,True,True,False,False,False,False,True,False,False,False,False,False,False,False,False,False,False,False,False,False,False,False,False,False,False,True,False
Model Y,2026,55363.64,49.7,197.0,219.0,7.61,138.0,396.0,378.0,5,36.2,2157.0,4,3,467657,3.42,5,3.9637826961770624,281.03370558375633,0.1835883171070932,0.17524339360222532,0.02304126101066296,0,False,False,False,True,False,False,False,False,False,False,False,True,False,True,False,False,False,False,False,False,False,False,False,False,False,False,False,False,False,True,False,False,False,False,False,False,True,False
GLE EV,2025,111590.33,69.8,216.0,84.4,6.19,161.0,639.0,545.0,5,58.0,2182.0,4,2,58457,3.3,8,3.0945558739255015,516.6218981481481,0.2928505957836847,0.24977085242896424,0.03198900091659028,1,False,True,False,True,False,False,False,True,False,False,False,False,True,False,False,False,False,False,False,False,False,False,False,False,True,False,False,False,False,False,False,False,False,False,False,False,True,False
F-150 Lightning,2025,79279.61,59.6,194.0,95.0,7.69,139.0,919.0,842.0,4,65.7,2810.0,5,1,67161,3.21,3,3.2550335570469797,408.65778350515467,0.3270462633451957,0.299644128113879,0.021209964412811387,1,False,True,False,False,False,True,False,False,False,False,False,True,False,False,True,False,False,False,True,False,False,False,False,False,False,False,False,False,False,False,False,False,False,False,False,False,True,False
E-Transit,2022,44715.21,85.0,299.0,82.1,5.1,179.0,432.0,411.0,7,54.2,1709.0,5,1,77918,3.48,5,3.5176470588235293,149.5491973244147,0.25277940315974257,0.24049151550614395,0.0497366881217086,4,False,True,False,True,False,False,False,False,False,False,False,True,False,True,False,False,False,False,True,False,False,False,False,False,False,False,False,False,False,False,False,False,False,False,True,False,False,False
EQC,2026,122737.35,76.1,281.0,88.4,4.92,174.0,680.0,583.0,7,44.2,1927.0,5,1,45500,3.92,6,3.692509855453351,436.78772241992885,0.3528801245459263,0.30254281266216915,0.039491437467566164,0,False,False,False,True,False,False,False,True,False,False,False,False,True,False,False,False,False,False,False,False,False,False,False,False,True,False,False,False,False,False,False,False,False,False,True,False,False,False
Silverado EV,2026,75057.34,81.4,277.0,117.5,5.01,178.0,1000.0,939.0,5,67.1,2136.0,3,2,18197,3.62,4,3.4029484029484025,270.9651263537906,0.4681647940074906,0.4396067415730337,0.038108614232209743,0,True,False,False,False,False,True,False,False,False,False,False,True,False,False,True,False,False,False,False,True,False,False,False,False,False,False,False,False,False,False,False,False,False,False,True,False,False,False
i7,2023,121734.94,72.7,249.0,163.8,2.68,200.0,1000.0,931.0,7,30.3,1630.0,5,2,71997,3.55,6,3.4250343878954608,488.89534136546183,0.6134969325153374,0.5711656441717792,0.04460122699386503,3,False,True,False,False,False,False,False,True,False,False,False,False,True,False,False,True,False,False,False,False,False,False,False,False,False,False,False,False,False,False,False,False,False,False,False,True,False,False
Model S,2025,41533.41,81.1,287.0,248.5,6.67,145.0,266.0,200.0,5,25.3,1673.0,4,2,205263,3.88,5,3.5388409371146734,144.71571428571428,0.1589958158995816,0.1195457262402869,0.04847579199043634,1,False,True,True,False,False,False,False,False,False,False,False,True,False,True,False,False,False,False,False,False,False,False,False,False,False,False,False,False,False,True,False,False,False,False,False,False,False,False
Cybertruck,2022,33281.6,82.5,281.0,345.8,5.04,175.0,229.0,216.0,5,66.8,2657.0,5,2,223257,3.91,6,3.4060606060606062,118.43985765124555,0.08618742943168987,0.08129469326307866,0.0310500564546481,4,False,False,False,False,False,True,False,False,False,False,False,True,False,False,False,False,False,False,False,False,False,False,False,False,False,False,False,False,False,True,False,False,False,False,False,False,False,False
R2,2024,78385.68,79.7,248.0,89.4,6.35,154.0,615.0,599.0,5,31.3,1941.0,5,0,12601,3.59,5,3.111668757841907,316.07129032258064,0.3168469860896445,0.3086038124678001,0.04106130860381247,2,False,True,True,False,False,False,False,False,False,False,False,True,False,False,True,False,False,False,False,False,False,False,False,False,False,False,False,False,True,False,False,False,False,False,False,False,False,True
Picanto EV,2026,54591.6,68.6,257.0,77.0,5.52,158.0,528.0,451.0,7,63.0,1500.0,4,0,84955,3.44,5,3.7463556851311957,212.41867704280156,0.352,0.3006666666666667,0.04573333333333333,0,True,False,False,False,False,False,True,False,False,True,False,False,False,True,False,False,False,False,False,False,False,False,True,False,False,False,False,False,False,False,False,False,False,False,False,False,False,True
E-Transit,2024,84501.24,98.1,342.0,111.3,4.71,179.0,1000.0,870.0,7,28.0,1500.0,5,0,72596,3.61,5,3.486238532110092,247.07964912280704,0.6666666666666666,0.58,0.0654,2,False,True,False,False,False,False,False,False,False,False,False,True,False,False,True,False,False,False,True,False,False,False,False,False,False,False,False,False,False,False,False,False,False,False,True,False,False,False
Kona Electric,2026,45692.14,83.7,288.0,81.4,6.59,154.0,475.0,411.0,7,28.7,1750.0,5,0,89861,3.5,3,3.4408602150537635,158.6532638888889,0.2714285714285714,0.23485714285714285,0.04782857142857143,0,False,True,False,False,False,False,False,False,False,True,False,False,False,True,False,False,False,False,False,False,False,True,False,False,False,False,False,False,False,False,False,False,False,False,False,False,False,True
Model S,2025,131664.51,56.1,197.0,248.7,5.97,167.0,995.0,876.0,5,64.0,2096.0,5,2,124407,3.58,4,3.5115864527629235,668.347766497462,0.4747137404580153,0.4179389312977099,0.02676526717557252,1,False,True,False,True,False,False,False,False,False,False,False,True,True,False,False,False,False,False,False,False,False,False,False,False,False,False,False,False,False,True,False,False,False,False,False,False,True,False
Model 3,2026,146733.12,98.1,336.0,258.2,5.28,173.0,1000.0,925.0,5,79.4,2940.0,5,2,162803,4.05,5,3.4250764525993884,436.7057142857143,0.3401360544217687,0.31462585034013607,0.03336734693877551,0,False,True,False,False,False,True,False,False,False,False,False,True,True,False,False,False,False,False,False,False,False,False,False,False,False,False,False,False,False,True,False,False,False,False,True,False,False,False
i3,2024,108424.86,43.9,164.0,140.1,7.1,143.0,881.0,812.0,5,59.0,1704.0,5,2,72604,3.14,6,3.7357630979498864,661.1271951219512,0.517018779342723,0.4765258215962441,0.025762910798122065,2,True,False,False,True,False,False,False,True,False,False,False,False,True,False,False,True,False,False,False,False,False,False,False,False,False,False,False,False,False,False,False,False,False,False,False,False,False,True
ID.5,2024,43023.64,77.9,261.0,130.9,5.36,163.0,308.0,274.0,5,70.1,2308.0,5,0,246474,3.55,5,3.3504492939666237,164.8415325670498,0.13344887348353554,0.11871750433275563,0.03375216637781629,2,False,False,False,False,False,True,False,True,False,False,False,False,False,True,False,False,False,False,False,False,False,False,False,False,False,False,False,False,False,False,False,True,False,False,False,False,True,False
Model X,2024,157561.98,49.5,189.0,302.5,7.4,134.0,1000.0,867.0,5,42.4,1670.0,4,3,163095,3.57,4,3.8181818181818183,833.6612698412699,0.5988023952095808,0.5191616766467065,0.02964071856287425,2,False,False,False,True,False,False,False,False,False,False,False,True,True,False,False,False,False,False,False,False,False,False,False,False,False,False,False,False,False,True,False,False,False,False,False,False,True,False
Ioniq 5,2024,61789.95,103.8,357.0,155.6,3.45,194.0,672.0,573.0,7,16.2,1500.0,5,0,110783,3.54,4,3.439306358381503,173.08109243697479,0.448,0.382,0.0692,2,True,False,False,False,True,False,False,False,False,True,False,False,False,True,False,False,False,False,False,False,False,True,False,False,False,False,False,False,False,False,False,False,False,False,False,True,False,False
Model 3,2024,109834.54,79.9,262.0,311.6,3.69,195.0,750.0,704.0,7,25.5,1590.0,3,2,219324,3.91,5,3.2790988735919897,419.21580152671754,0.4716981132075472,0.4427672955974843,0.05025157232704403,2,False,False,True,False,False,False,False,False,False,False,False,True,True,False,False,False,False,False,False,False,False,False,False,False,False,False,False,False,False,True,False,False,False,False,False,True,False,False
EV9,2025,31082.43,50.7,177.0,128.8,6.48,143.0,191.0,200.0,5,61.8,2151.0,5,1,76695,3.1,3,3.491124260355029,175.60694915254237,0.08879590887959089,0.09298000929800093,0.023570432357043238,1,True,False,False,True,False,False,False,False,False,True,False,False,False,False,False,False,False,False,False,False,False,False,True,False,False,False,False,False,False,False,False,False,False,False,False,False,False,False
Seagull,2025,111062.23,40.6,162.0,68.8,7.45,136.0,1000.0,922.0,5,55.5,2095.0,4,1,149002,3.28,5,3.9901477832512313,685.5693209876544,0.477326968973747,0.44009546539379474,0.01937947494033413,1,False,False,False,False,False,True,False,False,False,False,False,False,True,False,False,False,True,False,False,False,False,False,False,False,False,False,False,False,False,False,False,False,False,False,False,False,True,False
Explorer EV,2025,56654.61,62.9,233.0,86.6,6.93,156.0,574.0,508.0,5,73.1,1533.0,5,1,41791,3.47,3,3.7042925278219396,243.15283261802574,0.3744292237442922,0.3313763861709067,0.04103065883887801,1,True,False,False,False,False,False,True,False,False,False,False,True,False,True,False,False,False,False,True,False,False,False,False,False,False,False,False,False,False,False,False,False,False,False,False,False,True,False
Qin,2023,82830.36,90.4,294.0,100.7,4.88,175.0,902.0,753.0,7,66.7,1756.0,5,1,213531,3.84,3,3.2522123893805306,281.7359183673469,0.5136674259681093,0.4288154897494305,0.05148063781321185,3,True,False,False,False,False,False,True,False,False,False,False,False,False,False,True,False,True,False,False,False,False,False,False,False,False,False,False,False,False,False,False,False,False,False,True,False,False,False
ID. Buzz,2025,85586.86,50.5,179.0,124.0,5.85,160.0,939.0,848.0,5,75.3,2623.0,3,0,259718,3.0,5,3.5445544554455446,478.13888268156427,0.3579870377430423,0.32329393823865804,0.0192527640106748,1,False,True,False,False,False,True,False,True,False,False,False,False,False,False,True,False,False,False,False,False,False,False,False,False,False,False,False,False,False,False,False,True,False,False,False,False,False,True
Model S,2023,170972.65,105.1,373.0,286.0,3.44,200.0,1000.0,935.0,7,62.0,1500.0,3,2,177006,3.89,4,3.549000951474786,458.37171581769434,0.6666666666666666,0.6233333333333333,0.07006666666666667,3,False,True,False,False,False,False,True,False,False,False,False,True,True,False,False,False,False,False,False,False,False,False,False,False,False,False,False,False,False,True,False,False,False,False,False,True,False,False
Model Y,2024,158710.22,93.6,300.0,349.6,4.55,182.0,1000.0,900.0,5,74.2,1503.0,5,2,416641,3.68,5,3.2051282051282053,529.0340666666667,0.6653359946773121,0.5988023952095808,0.0622754491017964,2,True,False,False,False,False,False,True,False,False,False,False,True,True,False,False,False,False,False,False,False,False,False,False,False,False,False,False,False,False,True,False,False,False,False,True,False,False,False
ID. Aero,2026,102827.77,98.2,350.0,164.2,3.3,196.0,1000.0,867.0,5,78.1,2341.0,5,0,238315,3.78,4,3.564154786150713,293.7936285714286,0.42716787697565145,0.3703545493378898,0.04194788551900897,0,False,True,False,False,False,True,False,True,False,False,False,False,True,False,False,False,False,False,False,False,False,False,False,False,False,False,False,False,False,False,False,True,False,False,False,True,False,False
Ioniq 6,2024,58686.32,81.6,285.0,109.1,5.83,161.0,698.0,594.0,5,71.1,2388.0,5,0,66241,3.36,4,3.4926470588235294,205.91691228070175,0.29229480737018426,0.24874371859296482,0.034170854271356785,2,False,True,False,False,False,True,False,False,False,True,False,False,False,True,False,False,False,False,False,False,False,True,False,False,False,False,False,False,False,False,False,False,False,False,False,False,True,False
EV9,2024,50056.29,111.5,391.0,219.1,3.13,195.0,472.0,488.0,5,63.8,1774.0,3,0,140441,3.97,5,3.506726457399103,128.0212020460358,0.266065388951522,0.2750845546786922,0.06285231116121759,2,True,False,False,True,False,False,False,False,False,True,False,False,False,True,False,False,False,False,False,False,False,False,True,False,False,False,False,False,False,False,False,False,False,False,False,True,False,False
Yuan Plus,2021,24412.01,82.7,290.0,66.6,6.0,152.0,221.0,200.0,5,64.5,2592.0,5,0,206262,3.68,4,3.506650544135429,84.1793448275862,0.08526234567901235,0.07716049382716049,0.031905864197530866,5,True,False,False,False,False,True,False,False,False,False,False,False,False,False,False,False,True,False,False,False,False,False,False,False,False,False,False,False,False,False,False,False,False,False,False,False,False,False
Equinox EV,2024,58896.05,104.7,389.0,101.3,4.57,184.0,752.0,710.0,7,65.0,1846.0,4,2,16859,3.94,5,3.7153772683858644,151.40372750642675,0.40736728060671723,0.38461538461538464,0.0567172264355363,2,True,False,False,True,False,False,False,False,False,False,False,True,False,True,False,False,False,False,False,True,False,False,False,False,False,False,False,False,False,False,False,False,False,False,True,False,False,False
EQG,2024,113572.04,85.7,286.0,129.9,5.52,177.0,660.0,563.0,5,76.4,1776.0,4,2,73690,3.79,7,3.337222870478413,397.1050349650349,0.3716216216216216,0.3170045045045045,0.048254504504504504,2,True,False,False,False,False,False,True,True,False,False,False,False,True,False,False,False,False,False,False,False,False,False,False,False,True,False,False,False,False,False,False,False,False,False,True,False,False,False
E-Transit,2025,32151.97,58.3,176.0,88.3,5.4,169.0,156.0,200.0,5,34.6,1556.0,4,0,25887,3.14,4,3.018867924528302,182.68164772727275,0.10025706940874037,0.12853470437017994,0.03746786632390745,1,True,False,True,False,False,False,False,False,False,False,False,True,False,False,False,False,False,False,True,False,False,False,False,False,False,False,False,False,False,False,False,False,False,False,False,False,False,True
Model Y,2024,168092.71,81.2,269.0,254.7,7.94,124.0,1000.0,891.0,5,22.6,1659.0,3,3,434155,3.8,6,3.312807881773399,624.8799628252788,0.6027727546714888,0.5370705244122965,0.048945147679324896,2,False,True,False,False,False,False,False,False,False,False,False,True,True,False,False,False,False,False,False,False,False,False,False,False,False,False,False,False,False,True,False,False,False,False,False,False,True,False
Ioniq,2020,74306.48,85.9,286.0,175.1,3.09,200.0,962.0,889.0,7,68.4,2759.0,5,1,113130,3.67,4,3.329452852153667,259.8128671328671,0.3486770569046756,0.32221819499818777,0.031134469010511055,6,False,False,False,False,False,True,False,False,False,True,False,False,False,False,True,False,False,False,False,False,False,True,False,False,False,False,False,False,False,False,False,False,False,False,False,True,False,False
Model X,2025,99111.24,103.7,345.0,330.8,4.34,182.0,750.0,689.0,7,60.8,2442.0,5,3,160176,4.04,5,3.326904532304725,287.27895652173913,0.3071253071253071,0.2821457821457821,0.04246519246519247,1,False,True,False,False,False,True,False,False,False,False,False,True,False,False,True,False,False,False,False,False,False,False,False,False,False,False,False,False,False,True,False,False,False,False,False,True,False,False
Yuan Plus,2026,32377.24,104.0,378.0,82.5,4.11,184.0,309.0,238.0,5,21.4,1701.0,4,1,164156,3.81,3,3.6346153846153846,85.65407407407407,0.18165784832451498,0.13991769547325103,0.06114050558495003,0,False,True,False,False,False,False,False,False,False,False,False,False,False,False,False,False,True,False,False,False,False,False,False,False,False,False,False,False,False,False,False,False,False,False,True,False,False,False
Macan Electric,2021,163150.52,73.9,281.0,216.8,7.11,137.0,828.0,758.0,5,61.1,1678.0,5,1,2340,4.03,6,3.802435723951285,580.6068327402135,0.4934445768772348,0.45172824791418353,0.04404052443384982,5,False,False,False,False,False,False,True,True,False,False,False,False,True,False,False,False,False,False,False,False,False,False,False,False,False,False,False,True,False,False,False,False,False,False,False,False,False,True
Cybertruck,2023,172193.15,58.2,181.0,222.8,6.94,147.0,1000.0,859.0,5,69.4,2679.0,5,2,199763,3.42,5,3.1099656357388317,951.3433701657458,0.3732736095558044,0.320642030608436,0.021724524076147816,3,False,True,False,False,False,True,False,False,False,False,False,True,True,False,False,False,False,False,False,False,False,False,False,False,False,False,False,False,False,True,False,False,False,False,False,False,True,False
Kona Electric,2025,46056.18,74.8,259.0,101.6,6.39,153.0,458.0,417.0,7,18.7,1504.0,5,1,143815,3.55,5,3.4625668449197864,177.8230888030888,0.3045212765957447,0.27726063829787234,0.049734042553191485,1,True,False,False,False,True,False,False,False,False,True,False,False,False,True,False,False,False,False,False,False,False,True,False,False,False,False,False,False,False,False,False,False,False,False,False,False,False,False
Picanto EV,2025,88002.42,95.9,334.0,206.4,2.6,200.0,1000.0,908.0,5,54.2,1841.0,5,1,60132,3.63,4,3.4827945776850884,263.4802994011976,0.5431830526887561,0.4932102118413905,0.052091254752851715,1,False,True,False,True,False,False,False,False,False,True,False,False,False,False,True,False,False,False,False,False,False,False,True,False,False,False,False,False,False,False,False,False,False,False,False,True,False,False
Equinox EV,2025,57562.96,48.0,172.0,143.0,6.33,154.0,716.0,637.0,5,46.1,2246.0,5,1,18527,3.44,5,3.5833333333333335,334.66837209302327,0.3187889581478183,0.2836153161175423,0.0213713268032057,1,False,False,False,True,False,False,False,False,False,False,False,True,False,True,False,False,False,False,False,True,False,False,False,False,False,False,False,False,False,False,False,False,False,False,False,False,False,False
EV6,2021,91322.04,65.9,229.0,67.7,6.42,156.0,1000.0,818.0,7,52.4,2083.0,4,1,103135,3.43,3,3.4749620637329284,398.7862008733624,0.4800768122899664,0.3927028324531925,0.03163706192990879,5,False,True,False,True,False,False,False,False,False,True,False,False,False,False,True,False,False,False,False,False,False,False,True,False,False,False,False,False,False,False,False,False,False,False,False,False,True,False
Model 3,2025,39764.73,62.8,218.0,293.1,7.52,135.0,254.0,280.0,5,58.1,2486.0,5,3,177083,3.7,6,3.4713375796178347,182.40701834862386,0.10217216411906678,0.11263073209975864,0.025261464199517296,1,False,True,False,False,False,True,False,False,False,False,False,True,False,True,False,False,False,False,False,False,False,False,False,False,False,False,False,False,False,True,False,False,False,False,False,False,False,True
Dolphin,2025,23723.54,84.2,308.0,134.1,4.21,185.0,177.0,200.0,7,57.3,2484.0,4,1,224275,3.65,4,3.6579572446555817,77.02448051948052,0.07125603864734299,0.08051529790660225,0.03389694041867955,1,False,True,False,False,False,True,False,False,False,False,False,False,False,False,False,False,True,False,False,False,False,False,False,False,False,False,False,False,False,False,False,False,False,False,True,False,False,False
Ioniq 5,2023,42532.36,70.1,253.0,92.1,5.87,167.0,351.0,261.0,7,21.0,1500.0,5,1,118099,3.33,4,3.6091298145506423,168.11209486166007,0.234,0.174,0.04673333333333333,3,False,True,True,False,False,False,False,False,False,True,False,False,False,True,False,False,False,False,False,False,False,True,False,False,False,False,False,False,False,False,False,False,False,False,False,False,True,False
Model S,2023,29555.66,54.9,182.0,213.2,5.79,163.0,150.0,200.0,5,71.3,2661.0,4,2,119019,3.56,5,3.31511839708561,162.39373626373626,0.05636978579481398,0.0751597143930853,0.020631341600901916,3,False,False,False,False,False,True,False,False,False,False,False,True,False,False,False,False,False,False,False,False,False,False,False,False,False,False,False,False,False,True,False,False,False,False,False,False,False,False
Yuan Plus,2023,62695.67,55.1,191.0,126.0,7.14,143.0,677.0,604.0,5,66.6,2371.0,3,1,249959,3.49,4,3.4664246823956444,328.24958115183244,0.2855335301560523,0.25474483340362714,0.02323913960354281,3,False,True,False,False,False,True,False,False,False,False,False,False,False,True,False,False,True,False,False,False,False,False,False,False,False,False,False,False,False,False,False,False,False,False,False,False,True,False
Model Y,2025,71009.25,81.0,305.0,251.1,5.81,162.0,446.0,472.0,5,74.4,1500.0,4,2,465765,3.91,4,3.765432098765432,232.8172131147541,0.29733333333333334,0.31466666666666665,0.054,1,False,True,False,False,False,False,True,False,False,False,False,True,False,False,True,False,False,False,False,False,False,False,False,False,False,False,False,False,False,True,False,False,False,False,True,False,False,False
Model S,2023,41849.58,96.1,319.0,282.3,5.76,174.0,272.0,317.0,7,65.5,1500.0,5,3,211387,4.0,4,3.3194588969823102,131.18990595611285,0.18133333333333335,0.21133333333333335,0.06406666666666666,3,True,False,False,False,False,False,True,False,False,False,False,True,False,True,False,False,False,False,False,False,False,False,False,False,False,False,False,False,False,True,False,False,False,False,True,False,False,False
ID.5,2025,36800.16,48.1,169.0,115.5,6.37,152.0,222.0,200.0,5,49.0,2050.0,5,1,290748,3.43,3,3.5135135135135136,217.752426035503,0.10829268292682927,0.0975609756097561,0.02346341463414634,1,False,True,False,True,False,False,False,True,False,False,False,False,False,True,False,False,False,False,False,False,False,False,False,False,False,False,False,False,False,False,False,True,False,False,False,False,False,False
Model Y,2024,166324.36,61.4,212.0,252.7,7.43,136.0,1000.0,933.0,7,55.5,2510.0,5,3,466326,4.26,5,3.452768729641694,784.5488679245283,0.398406374501992,0.37171314741035855,0.02446215139442231,2,False,False,False,False,False,True,False,False,False,False,False,True,True,False,False,False,False,False,False,False,False,False,False,False,False,False,False,False,False,True,False,False,False,False,False,False,True,False
Picanto EV,2024,71842.96,77.0,291.0,90.9,5.22,170.0,802.0,770.0,5,64.9,1500.0,4,2,123890,3.66,3,3.779220779220779,246.88302405498283,0.5346666666666666,0.5133333333333333,0.051333333333333335,2,False,True,False,False,False,False,True,False,False,True,False,False,False,False,True,False,False,False,False,False,False,False,True,False,False,False,False,False,False,False,False,False,False,False,False,False,False,False
i5,2024,117382.51,96.5,334.0,145.0,5.1,180.0,1000.0,892.0,5,25.0,1713.0,4,2,33138,3.49,7,3.461139896373057,351.4446407185629,0.5837711617046117,0.5207238762405137,0.056333917104495035,2,True,False,False,False,False,False,False,True,False,False,False,False,True,False,False,True,False,False,False,False,False,False,False,False,False,False,False,False,False,False,False,False,False,False,True,False,False,False
Mustang Mach-E,2024,46219.97,70.9,239.0,139.6,7.85,123.0,385.0,389.0,5,73.2,1620.0,4,0,60684,3.43,4,3.3709449929478135,193.3889958158996,0.23765432098765432,0.24012345679012345,0.04376543209876543,2,False,True,False,False,False,False,True,False,False,False,False,True,False,True,False,False,False,False,True,False,False,False,False,False,False,False,False,False,False,False,False,False,False,False,False,False,False,False
Model S,2024,29639.14,52.4,164.0,300.9,5.41,171.0,157.0,200.0,7,51.3,2004.0,4,2,195341,3.41,4,3.1297709923664123,180.72646341463414,0.0783433133732535,0.0998003992015968,0.026147704590818364,2,False,False,False,True,False,False,False,False,False,False,False,True,False,False,False,False,False,False,False,False,False,False,False,False,False,False,False,False,False,True,False,False,False,False,False,False,False,False
Cybertruck,2025,81977.77,68.4,192.0,348.5,6.51,155.0,587.0,518.0,7,69.0,2412.0,5,2,146854,3.53,5,2.807017543859649,426.9675520833334,0.2433665008291874,0.21475953565505804,0.028358208955223882,1,False,True,False,False,False,True,False,False,False,False,False,True,False,False,True,False,False,False,False,False,False,False,False,False,False,False,False,False,False,True,False,False,False,False,False,False,True,False
Model S,2025,94641.12,111.8,362.0,284.2,3.02,200.0,630.0,538.0,7,65.9,2014.0,4,3,235320,4.03,6,3.2379248658318427,261.4395580110497,0.3128103277060576,0.2671300893743793,0.05551142005958292,1,False,True,False,True,False,False,False,False,False,False,False,True,False,False,True,False,False,False,False,False,False,False,False,False,False,False,False,False,False,True,False,False,False,False,False,True,False,False
i3,2023,113237.82,108.8,398.0,144.2,5.14,174.0,986.0,880.0,5,33.9,1537.0,4,1,31347,3.49,7,3.6580882352941178,284.517135678392,0.6415094339622641,0.5725439167208849,0.07078724788549122,3,False,False,True,False,False,False,False,True,False,False,False,False,True,False,False,True,False,False,False,False,False,False,False,False,False,False,False,False,False,False,False,False,False,False,True,False,False,False
Bolt EV,2024,41353.28,81.8,274.0,67.3,4.7,178.0,452.0,383.0,7,59.3,2412.0,4,0,28209,3.6,4,3.349633251833741,150.92437956204378,0.18739635157545606,0.1587893864013267,0.03391376451077943,2,False,False,False,False,False,True,False,False,False,False,False,True,False,True,False,False,False,False,False,True,False,False,False,False,False,False,False,False,False,False,False,False,False,False,True,False,False,False
Model Y,2021,116565.3,80.7,282.0,329.9,7.85,136.0,823.0,688.0,5,34.7,1669.0,5,2,458264,3.95,6,3.494423791821561,413.3521276595745,0.49310964649490713,0.4122228879568604,0.04835230677052127,5,False,True,False,False,True,False,False,False,False,False,False,True,True,False,False,False,False,False,False,False,False,False,False,False,False,False,False,False,False,True,False,False,False,False,False,False,False,True
EC6,2025,73079.97,50.5,174.0,50.9,6.59,143.0,606.0,548.0,7,25.4,1732.0,4,1,11643,3.03,4,3.4455445544554455,419.9998275862069,0.34988452655889146,0.3163972286374134,0.02915704387990762,1,False,True,False,False,False,False,False,False,False,False,False,False,False,False,True,False,False,False,False,False,False,False,False,False,False,True,False,False,False,False,False,False,False,False,False,False,False,True
Model S,2025,106992.78,50.9,162.0,212.5,6.34,152.0,809.0,752.0,5,19.8,1727.0,5,3,178229,3.58,5,3.182711198428291,660.4492592592593,0.46844238563983787,0.43543717429067746,0.02947307469600463,1,True,False,False,False,False,False,False,False,False,False,False,True,True,False,False,False,False,False,False,False,False,False,False,False,False,False,False,False,False,True,False,False,False,False,False,False,False,False
Niro EV,2024,42318.56,40.5,150.0,56.0,6.46,164.0,383.0,312.0,5,64.7,1500.0,5,0,90341,3.35,4,3.7037037037037037,282.1237333333333,0.25533333333333336,0.208,0.027,2,True,False,False,False,False,False,True,False,False,True,False,False,False,True,False,False,False,False,False,False,False,False,True,False,False,False,False,False,False,False,False,False,False,False,False,False,False,True
Bolt EUV,2025,51965.01,75.8,297.0,72.8,5.09,177.0,565.0,508.0,5,21.8,1582.0,5,2,28326,3.65,5,3.9182058047493404,174.96636363636364,0.35714285714285715,0.3211125158027813,0.04791403286978508,1,False,False,False,False,False,False,False,False,False,False,False,True,False,True,False,False,False,False,False,True,False,False,False,False,False,False,False,False,False,False,False,False,False,False,True,False,False,False
EQC,2025,136371.95,98.8,323.0,56.3,4.77,180.0,834.0,747.0,7,26.2,1500.0,4,1,34019,4.25,6,3.269230769230769,422.2041795665635,0.556,0.498,0.06586666666666667,1,False,False,False,False,False,False,False,True,False,False,False,False,True,False,False,False,False,False,False,False,False,False,False,False,True,False,False,False,False,False,False,False,False,False,True,False,False,False
Equinox EV,2023,53068.74,78.7,273.0,148.0,4.7,184.0,620.0,579.0,5,56.2,1900.0,5,0,9605,3.25,5,3.468869123252859,194.39098901098902,0.3263157894736842,0.30473684210526314,0.04142105263157895,3,False,False,False,True,False,False,False,False,False,False,False,True,False,True,False,False,False,False,False,True,False,False,False,False,False,False,False,False,False,False,False,False,False,False,True,False,False,False
Explorer EV,2025,45556.75,57.9,221.0,91.5,6.36,153.0,387.0,360.0,5,40.0,1500.0,5,1,46977,3.32,5,3.8169257340241796,206.1391402714932,0.258,0.24,0.0386,1,False,False,False,False,False,False,False,False,False,False,False,True,False,True,False,False,False,False,True,False,False,False,False,False,False,False,False,False,False,False,False,False,False,False,False,False,False,False
Qin,2022,24219.14,71.4,265.0,147.2,5.13,170.0,267.0,228.0,7,31.1,1500.0,4,0,166519,3.3,4,3.7114845938375347,91.39298113207548,0.178,0.152,0.0476,4,True,False,False,False,False,False,False,False,False,False,False,False,False,False,False,False,True,False,False,False,False,False,False,False,False,False,False,False,False,False,False,False,False,False,False,False,False,False
E-Transit,2020,62155.3,60.7,186.0,139.0,6.68,161.0,665.0,623.0,5,70.6,1500.0,5,1,60595,3.4,4,3.0642504118616145,334.1682795698925,0.44333333333333336,0.41533333333333333,0.04046666666666667,6,False,False,False,False,False,False,True,False,False,False,False,True,False,True,False,False,False,False,True,False,False,False,False,False,False,False,False,False,False,False,False,False,False,False,False,False,False,True
Model Y,2024,162214.08,80.6,269.0,202.5,2.82,200.0,1000.0,892.0,7,32.2,1852.0,5,2,443580,3.84,6,3.337468982630273,603.0263197026022,0.5399568034557235,0.4816414686825054,0.04352051835853132,2,False,False,True,False,False,False,False,False,False,False,False,True,True,False,False,False,False,False,False,False,False,False,False,False,False,False,False,False,False,True,False,False,False,False,False,True,False,False
Q4 e-tron,2023,76292.22,51.4,180.0,50.9,5.28,174.0,435.0,384.0,7,77.7,2642.0,5,2,57167,3.32,8,3.501945525291829,423.84566666666666,0.16464799394398183,0.1453444360333081,0.019454958364875093,3,False,True,False,False,False,True,False,True,False,False,False,False,False,False,True,False,False,False,False,False,False,False,False,False,False,False,False,False,False,False,False,False,False,False,False,False,False,False
EV9,2020,70023.96,107.3,379.0,50.8,4.21,190.0,776.0,677.0,5,45.1,2118.0,5,0,63318,3.7,4,3.5321528424976703,184.75978891820583,0.3663833805476865,0.31964117091595845,0.05066100094428706,6,True,False,False,True,False,False,False,False,False,True,False,False,False,False,True,False,False,False,False,False,False,False,True,False,False,False,False,False,False,False,False,False,False,False,True,False,False,False
Explorer EV,2026,61243.81,76.7,281.0,98.6,5.96,163.0,647.0,644.0,7,39.8,1714.0,4,0,57282,3.51,4,3.663624511082138,217.94950177935942,0.3774795799299883,0.3757292882147025,0.044749124854142355,0,False,True,False,False,True,False,False,False,False,False,False,True,False,True,False,False,False,False,True,False,False,False,False,False,False,False,False,False,False,False,False,False,False,False,False,False,False,False
ID. Buzz,2024,60928.37,119.9,406.0,157.6,3.7,200.0,633.0,585.0,7,58.9,2556.0,5,1,257710,3.56,3,3.386155129274395,150.06987684729066,0.2476525821596244,0.22887323943661972,0.046909233176838816,2,False,False,False,False,False,True,False,True,False,False,False,False,False,True,False,False,False,False,False,False,False,False,False,False,False,False,False,False,False,False,False,True,False,False,False,True,False,False
i3,2021,119496.22,73.8,254.0,88.4,7.75,133.0,1000.0,915.0,5,73.9,1533.0,5,1,47944,3.44,6,3.4417344173441737,470.4575590551181,0.6523157208088715,0.5968688845401174,0.04814090019569472,5,False,False,False,False,False,False,True,True,False,False,False,False,True,False,False,True,False,False,False,False,False,False,False,False,False,False,False,False,False,False,False,False,False,False,False,False,True,False
i30,2025,66375.02,59.8,232.0,84.1,7.25,143.0,741.0,638.0,7,21.5,1500.0,4,0,125248,3.22,3,3.879598662207358,286.09922413793106,0.494,0.42533333333333334,0.03986666666666666,1,True,False,False,False,False,False,False,False,False,True,False,False,False,False,True,False,False,False,False,False,False,True,False,False,False,False,False,False,False,False,False,False,False,False,False,False,False,True
Bolt EUV,2025,68553.58,80.6,282.0,184.7,3.59,193.0,978.0,870.0,5,36.5,2177.0,5,0,27343,3.55,4,3.4987593052109185,243.09780141843973,0.4492420762517226,0.399632521819017,0.03702342673403766,1,True,False,False,True,False,False,False,False,False,False,False,True,False,False,True,False,False,False,False,True,False,False,False,False,False,False,False,False,False,False,False,False,False,False,False,True,False,False
Cybertruck,2026,80796.91,64.6,239.0,287.6,6.99,148.0,622.0,531.0,7,60.2,2600.0,4,2,212130,3.66,4,3.6996904024767807,338.0623849372385,0.23923076923076922,0.20423076923076924,0.024846153846153844,0,False,True,False,False,False,True,False,False,False,False,False,True,False,False,True,False,False,False,False,False,False,False,False,False,False,False,False,False,False,True,False,False,False,False,False,False,False,True
Model Y,2021,59816.02,58.9,204.0,321.1,5.9,157.0,431.0,386.0,5,63.0,1500.0,4,3,446207,3.67,6,3.4634974533106964,293.21578431372546,0.28733333333333333,0.25733333333333336,0.039266666666666665,5,False,False,False,False,False,False,True,False,False,False,False,True,False,True,False,False,False,False,False,False,False,False,False,False,False,False,False,False,False,True,False,False,False,False,False,False,False,False
Seagull,2020,61584.07,117.0,409.0,225.5,3.84,196.0,687.0,636.0,5,28.7,1600.0,5,0,190643,3.93,5,3.4957264957264957,150.57229828850856,0.429375,0.3975,0.073125,6,False,False,False,False,True,False,False,False,False,False,False,False,False,True,False,False,True,False,False,False,False,False,False,False,False,False,False,False,False,False,False,False,False,False,False,True,False,False
Model X,2024,99143.24,56.5,200.0,325.2,6.99,142.0,685.0,610.0,5,26.4,1638.0,3,2,177987,3.6,6,3.5398230088495577,495.7162,0.4181929181929182,0.3724053724053724,0.034493284493284496,2,False,True,False,False,False,False,False,False,False,False,False,True,False,False,True,False,False,False,False,False,False,False,False,False,False,False,False,False,False,True,False,False,False,False,False,False,False,False
EQS,2023,129584.74,64.2,260.0,81.2,7.72,126.0,788.0,737.0,7,30.6,1739.0,5,1,24901,3.81,6,4.049844236760125,498.40284615384616,0.45313398504887864,0.42380678550891315,0.03691776883266245,3,True,False,True,False,False,False,False,True,False,False,False,False,True,False,False,False,False,False,False,False,False,False,False,False,True,False,False,False,False,False,False,False,False,False,False,False,False,False
Seagull,2021,99786.36,108.9,369.0,206.4,3.23,200.0,1000.0,861.0,5,32.5,1675.0,5,0,126447,3.92,3,3.3884297520661155,270.4237398373984,0.5970149253731343,0.5140298507462686,0.06501492537313433,5,False,False,False,False,True,False,False,False,False,False,False,False,False,False,True,False,True,False,False,False,False,False,False,False,False,False,False,False,False,False,False,False,False,False,False,True,False,False
Air,2026,137880.08,41.3,150.0,291.0,7.96,127.0,488.0,458.0,7,53.2,2482.0,5,1,21377,3.21,5,3.6319612590799033,919.2005333333333,0.19661563255439163,0.1845286059629331,0.016639806607574536,0,True,False,False,False,False,True,False,False,False,False,False,True,True,False,False,False,False,False,False,False,False,False,False,True,False,False,False,False,False,False,False,False,False,False,False,False,False,False
Seagull,2025,57737.75,106.1,383.0,148.9,4.23,189.0,660.0,579.0,5,34.2,1878.0,4,2,108943,4.12,4,3.6098020735155516,150.75130548302872,0.3514376996805112,0.3083067092651757,0.05649627263045793,1,False,False,False,False,False,False,False,False,False,False,False,False,False,True,False,False,True,False,False,False,False,False,False,False,False,False,False,False,False,False,False,False,False,False,True,False,False,False
Model Y,2023,112472.41,74.3,238.0,263.8,7.32,142.0,800.0,741.0,5,63.4,1500.0,5,3,485203,3.66,4,3.203230148048452,472.57315126050423,0.5333333333333333,0.494,0.04953333333333333,3,True,False,False,False,False,False,True,False,False,False,False,True,True,False,False,False,False,False,False,False,False,False,False,False,False,False,False,False,False,True,False,False,False,False,False,False,False,False
E-Transit,2025,54602.2,96.0,344.0,102.3,4.45,181.0,560.0,508.0,5,61.8,1886.0,3,1,50891,3.53,4,3.5833333333333335,158.72732558139535,0.29692470837751855,0.26935312831389185,0.05090137857900318,1,False,False,False,False,False,False,True,False,False,False,False,True,False,True,False,False,False,False,True,False,False,False,False,False,False,False,False,False,False,False,False,False,False,False,True,False,False,False
iX,2021,86702.14,97.3,331.0,69.1,5.02,176.0,662.0,609.0,5,63.9,2095.0,3,2,40089,3.69,7,3.4018499486125386,261.94,0.31599045346062055,0.29069212410501194,0.046443914081145586,5,False,True,False,True,False,False,False,True,False,False,False,False,False,False,True,True,False,False,False,False,False,False,False,False,False,False,False,False,False,False,False,False,False,False,True,False,False,False
Ioniq 5,2023,107017.27,75.2,259.0,223.3,4.08,184.0,1000.0,920.0,5,60.4,2285.0,5,0,67872,3.44,4,3.4441489361702127,413.1940926640927,0.437636761487965,0.4026258205689278,0.03291028446389497,3,False,True,False,True,False,False,False,False,False,True,False,False,True,False,False,False,False,False,False,False,False,True,False,False,False,False,False,False,False,False,False,False,False,False,False,True,False,False
Sportage EV,2025,76787.3,75.4,275.0,121.5,5.81,171.0,887.0,779.0,5,60.2,2168.0,4,0,116634,3.71,3,3.6472148541114056,279.2265454545455,0.40913284132841327,0.3593173431734317,0.03477859778597786,1,False,True,False,True,False,False,False,False,False,True,False,False,False,False,True,False,False,False,False,False,False,False,True,False,False,False,False,False,False,False,False,False,False,False,True,False,False,False
Bolt EUV,2024,54182.3,85.5,299.0,106.1,5.9,165.0,666.0,603.0,7,59.3,2617.0,4,0,4380,3.46,4,3.497076023391813,181.21170568561874,0.2544898739014138,0.2304165074512801,0.03267099732518151,2,False,False,False,False,False,True,False,False,False,False,False,True,False,True,False,False,False,False,False,True,False,False,False,False,False,False,False,False,False,False,False,False,False,False,True,False,False,False
Dolphin,2022,43671.62,95.1,328.0,90.4,4.97,173.0,517.0,391.0,7,21.4,1500.0,3,0,203792,3.47,3,3.449001051524711,133.14518292682928,0.3446666666666667,0.26066666666666666,0.0634,4,False,False,False,False,False,False,False,False,False,False,False,False,False,True,False,False,True,False,False,False,False,False,False,False,False,False,False,False,False,False,False,False,False,False,True,False,False,False
SU7,2025,55513.6,48.7,150.0,126.5,5.94,162.0,434.0,369.0,5,21.0,1521.0,4,0,22327,3.32,4,3.0800821355236137,370.09066666666666,0.2853385930309007,0.24260355029585798,0.03201840894148587,1,False,False,False,False,True,False,False,False,False,False,False,False,False,True,False,False,False,False,False,False,False,False,False,False,False,False,False,False,False,False,False,False,False,True,False,False,True,False
Air,2024,269775.2,76.3,276.0,262.4,5.11,163.0,1000.0,928.0,7,16.6,1560.0,4,1,4056,3.28,4,3.617300131061599,977.4463768115943,0.6410256410256411,0.5948717948717949,0.04891025641025641,2,False,False,True,False,False,False,False,False,False,False,False,True,True,False,False,False,False,False,False,False,False,False,False,True,False,False,False,False,False,False,False,False,False,False,False,False,True,False
i7,2026,125637.29,67.5,240.0,56.0,7.12,151.0,1000.0,870.0,5,28.2,1713.0,5,2,47587,3.56,7,3.5555555555555554,523.4887083333333,0.5837711617046117,0.5078809106830122,0.03940455341506129,0,False,True,True,False,False,False,False,True,False,False,False,False,True,False,False,True,False,False,False,False,False,False,False,False,False,False,False,False,False,False,False,False,False,False,False,False,True,False
Model 3,2024,111275.22,82.9,291.0,207.4,5.18,171.0,794.0,685.0,5,62.4,1551.0,5,2,172863,3.88,5,3.510253317249698,382.38907216494846,0.5119277885235332,0.44165054803352677,0.05344938749194069,2,False,False,False,True,False,False,False,False,False,False,False,True,True,False,False,False,False,False,False,False,False,False,False,False,False,False,False,False,False,True,False,False,False,False,False,False,True,False
i4,2025,84529.75,77.3,276.0,118.7,5.17,176.0,611.0,549.0,5,32.4,1644.0,4,2,25679,3.71,7,3.570504527813713,306.26721014492756,0.37165450121654503,0.33394160583941607,0.047019464720194644,1,False,False,True,False,False,False,False,True,False,False,False,False,False,False,True,True,False,False,False,False,False,False,False,False,False,False,False,False,False,False,False,False,False,False,False,False,False,False
Model S,2025,97308.1,56.4,188.0,210.0,7.16,153.0,714.0,652.0,7,41.8,2139.0,4,2,239872,3.7,5,3.3333333333333335,517.5962765957447,0.3338008415147265,0.30481533426834967,0.026367461430575036,1,True,False,False,True,False,False,False,False,False,False,False,True,False,False,True,False,False,False,False,False,False,False,False,False,False,False,False,False,False,True,False,False,False,False,False,False,False,False
Model X,2025,35653.98,52.0,162.0,274.8,6.58,146.0,182.0,200.0,5,60.0,2311.0,4,2,228295,3.58,4,3.1153846153846154,220.08629629629633,0.07875378623972307,0.08654262224145391,0.02250108178277802,1,True,False,False,False,False,True,False,False,False,False,False,True,False,True,False,False,False,False,False,False,False,False,False,False,False,False,False,False,False,True,False,False,False,False,False,False,True,False
Leaf 50X,2026,101979.86,105.4,376.0,140.2,4.62,183.0,1000.0,924.0,5,74.5,1500.0,4,0,128300,3.96,5,3.5673624288425048,271.2230319148936,0.6666666666666666,0.616,0.07026666666666667,0,True,False,False,False,False,False,True,False,False,False,False,False,True,False,False,False,True,False,False,False,False,False,False,False,False,False,False,False,False,False,False,False,False,False,True,False,False,False
Ioniq 6,2025,80040.4,81.1,284.0,105.4,4.38,181.0,1000.0,895.0,5,59.1,2281.0,5,0,146157,3.67,4,3.5018495684340323,281.83239436619715,0.4384042086804033,0.39237176676896096,0.035554581323980705,1,False,False,False,False,False,True,False,False,False,True,False,False,False,False,True,False,False,False,False,False,False,True,False,False,False,False,False,False,False,False,False,False,False,False,True,False,False,False
GLE EV,2026,104553.67,111.7,412.0,187.5,3.3,192.0,554.0,463.0,5,25.3,1664.0,4,1,68955,4.39,7,3.6884512085944494,253.77104368932038,0.3329326923076923,0.2782451923076923,0.06712740384615384,0,True,False,True,False,False,False,False,True,False,False,False,False,True,False,False,False,False,False,False,False,False,False,False,False,True,False,False,False,False,False,False,False,False,False,False,True,False,False
Equinox EV,2023,65559.4,97.3,331.0,105.0,5.02,177.0,844.0,702.0,5,45.3,1966.0,4,1,6658,3.7,4,3.4018499486125386,198.06465256797583,0.42929806714140384,0.3570701932858596,0.04949135300101729,3,True,False,False,True,False,False,False,False,False,False,False,True,False,False,True,False,False,False,False,True,False,False,False,False,False,False,False,False,False,False,False,False,False,False,True,False,False,False
Equinox EV,2025,64750.83,60.4,230.0,72.2,7.58,137.0,899.0,829.0,7,45.9,2008.0,4,2,23069,3.62,5,3.80794701986755,281.52534782608694,0.44770916334661354,0.41284860557768926,0.030079681274900398,1,False,False,False,True,False,False,False,False,False,False,False,True,False,True,False,False,False,False,False,True,False,False,False,False,False,False,False,False,False,False,False,False,False,False,False,False,False,False
ID.3,2023,32332.16,53.1,184.0,146.1,5.64,170.0,169.0,200.0,5,22.5,1596.0,5,1,283336,3.52,3,3.4651600753295666,175.71826086956523,0.10588972431077694,0.12531328320802004,0.033270676691729326,3,False,True,True,False,False,False,False,True,False,False,False,False,False,False,False,False,False,False,False,False,False,False,False,False,False,False,False,False,False,False,False,True,False,False,False,False,False,True
Qin,2026,112008.03,112.5,389.0,190.5,3.29,200.0,1000.0,897.0,7,38.6,2173.0,3,0,201649,3.59,5,3.457777777777778,287.9383804627249,0.4601932811780948,0.412793373216751,0.051771744132535664,0,False,True,False,True,False,False,False,False,False,False,False,False,True,False,False,False,True,False,False,False,False,False,False,False,False,False,False,False,False,False,False,False,False,False,False,True,False,False
ID. Buzz,2023,114648.63,104.8,352.0,221.6,3.92,197.0,1000.0,934.0,7,35.7,2254.0,4,1,297615,3.66,4,3.3587786259541987,325.70633522727275,0.44365572315882873,0.4143744454303461,0.04649511978704525,3,False,True,False,True,False,False,False,True,False,False,False,False,True,False,False,False,False,False,False,False,False,False,False,False,False,False,False,False,False,False,False,True,False,False,False,True,False,False
Taycan,2025,111303.96,67.1,242.0,317.9,7.4,145.0,387.0,369.0,7,79.0,1500.0,5,1,5234,3.75,6,3.606557377049181,459.93371900826446,0.258,0.246,0.044733333333333326,1,False,True,False,False,False,False,True,True,False,False,False,False,True,False,False,False,False,False,False,False,False,False,False,False,False,False,False,True,False,False,False,False,False,False,False,False,True,False
Model Y,2021,60365.37,70.3,225.0,248.0,5.77,155.0,390.0,337.0,7,17.4,1624.0,5,2,438670,3.68,4,3.2005689900426746,268.29053333333337,0.24014778325123154,0.20751231527093597,0.04328817733990148,5,False,False,False,False,True,False,False,False,False,False,False,True,False,True,False,False,False,False,False,False,False,False,False,False,False,False,False,False,False,True,False,False,False,False,False,False,True,False
EQE,2025,198768.13,55.6,194.0,83.6,5.28,170.0,1000.0,936.0,5,66.5,2382.0,5,1,77200,3.68,6,3.4892086330935252,1024.5779896907218,0.41981528127623846,0.3929471032745592,0.02334172963895886,1,False,True,False,True,False,False,False,True,False,False,False,False,True,False,False,False,False,False,False,False,False,False,False,False,True,False,False,False,False,False,False,False,False,False,False,False,True,False
Picanto EV,2024,32564.1,46.2,180.0,117.7,6.66,156.0,221.0,217.0,5,20.8,1510.0,4,0,123543,3.02,3,3.896103896103896,180.91166666666666,0.14635761589403973,0.14370860927152318,0.030596026490066226,2,True,False,True,False,False,False,False,False,False,True,False,False,False,False,False,False,False,False,False,False,False,False,True,False,False,False,False,False,False,False,False,False,False,False,False,False,False,True
ID. Buzz,2025,116578.08,55.4,182.0,112.5,7.11,147.0,1000.0,920.0,5,61.6,1580.0,3,2,202014,3.21,3,3.2851985559566788,640.5389010989011,0.6329113924050633,0.5822784810126582,0.035063291139240504,1,False,True,False,False,False,False,True,True,False,False,False,False,True,False,False,False,False,False,False,False,False,False,False,False,False,False,False,False,False,False,False,True,False,False,False,False,True,False
Bolt EV,2022,44453.56,69.7,242.0,54.4,7.29,145.0,498.0,426.0,5,78.0,1500.0,5,1,19383,3.42,4,3.4720229555236726,183.69239669421486,0.332,0.284,0.04646666666666667,4,True,False,False,False,False,False,True,False,False,False,False,True,False,True,False,False,False,False,False,True,False,False,False,False,False,False,False,False,False,False,False,False,False,False,False,False,False,False
Ioniq,2021,33847.36,58.9,209.0,107.8,6.1,158.0,254.0,208.0,7,37.0,1766.0,3,0,145242,3.32,3,3.5483870967741935,161.9490909090909,0.1438278595696489,0.11778029445073612,0.03335220838052095,5,False,False,False,False,True,False,False,False,False,True,False,False,False,False,False,False,False,False,False,False,False,True,False,False,False,False,False,False,False,False,False,False,False,False,False,False,False,True
Q6 e-tron,2024,51267.23,71.4,241.0,63.6,6.0,155.0,194.0,200.0,7,32.4,1704.0,4,1,64472,3.5,6,3.375350140056022,212.72709543568467,0.11384976525821597,0.11737089201877934,0.04190140845070423,2,False,True,False,False,True,False,False,True,False,False,False,False,False,True,False,False,False,False,False,False,False,False,False,False,False,False,False,False,False,False,False,False,False,False,False,False,False,False
e-tron,2025,77807.96,46.7,186.0,100.6,7.48,131.0,428.0,409.0,5,70.1,1701.0,5,2,67104,3.14,5,3.982869379014989,418.3223655913979,0.2516166960611405,0.24044679600235155,0.027454438565549678,1,True,False,False,False,False,False,True,True,False,False,False,False,False,False,True,False,False,False,False,False,False,False,False,False,False,False,False,False,False,False,False,False,False,False,False,False,False,True
ID.4,2025,78903.54,67.1,237.0,95.0,5.41,169.0,869.0,785.0,7,61.9,1553.0,5,0,283626,3.43,4,3.5320417287630406,332.926329113924,0.5595621377978107,0.5054732775273664,0.04320669671603348,1,True,False,False,False,False,False,True,True,False,False,False,False,False,False,True,False,False,False,False,False,False,False,False,False,False,False,False,False,False,False,False,True,False,False,False,False,False,False
Leaf 50X,2024,75118.04,88.3,325.0,84.8,4.14,189.0,840.0,797.0,5,32.2,1759.0,4,0,220772,3.68,3,3.6806342015855043,231.13243076923075,0.47754405912450254,0.45309835133598636,0.050198976691301876,2,True,False,False,False,True,False,False,False,False,False,False,False,False,False,True,False,True,False,False,False,False,False,False,False,False,False,False,False,False,False,False,False,False,False,True,False,False,False
EV9,2023,76777.22,72.5,254.0,171.5,2.52,200.0,894.0,748.0,5,55.3,2179.0,4,0,99948,3.66,5,3.503448275862069,302.27251968503936,0.41027994492886644,0.3432767324460762,0.03327214318494722,3,False,False,False,True,False,False,False,False,False,True,False,False,False,False,True,False,False,False,False,False,False,False,True,False,False,False,False,False,False,False,False,False,False,False,False,True,False,False
Q4 e-tron,2025,119850.54,74.4,257.0,54.1,6.24,160.0,936.0,892.0,5,28.1,1635.0,5,2,48973,3.68,6,3.454301075268817,466.344513618677,0.5724770642201835,0.545565749235474,0.045504587155963304,1,False,True,False,False,True,False,False,True,False,False,False,False,True,False,False,False,False,False,False,False,False,False,False,False,False,False,False,False,False,False,False,False,False,False,False,False,False,True
Atto 3,2025,45553.77,71.9,240.0,73.9,7.84,134.0,460.0,455.0,5,43.8,2109.0,5,0,119429,3.24,5,3.3379694019471486,189.80737499999998,0.21811284969179706,0.215742057847321,0.03409198672356567,1,False,False,False,True,False,False,False,False,False,False,False,False,False,True,False,False,True,False,False,False,False,False,False,False,False,False,False,False,False,False,False,False,False,False,False,False,True,False
i3,2023,111495.73,82.7,283.0,247.0,4.09,188.0,953.0,813.0,5,24.4,1636.0,4,1,41408,3.72,6,3.422007255139057,393.97784452296816,0.5825183374083129,0.4969437652811736,0.050550122249388756,3,False,True,False,False,False,False,False,True,False,False,False,False,True,False,False,True,False,False,False,False,False,False,False,False,False,False,False,False,False,False,False,False,False,False,False,True,False,False
iX,2024,134617.67,90.5,308.0,215.3,4.15,190.0,1000.0,928.0,5,32.5,1939.0,5,2,68965,3.76,7,3.403314917127072,437.0703571428572,0.5157297576070139,0.4785972150593089,0.04667354306343476,2,False,False,False,False,False,False,False,True,False,False,False,False,True,False,False,True,False,False,False,False,False,False,False,False,False,False,False,False,False,False,False,False,False,False,False,True,False,False
Bolt EV,2024,55216.4,81.9,299.0,82.8,5.75,153.0,668.0,609.0,5,28.5,1500.0,5,1,805,3.76,3,3.6507936507936507,184.67023411371238,0.44533333333333336,0.406,0.0546,2,False,True,False,False,False,False,False,False,False,False,False,True,False,True,False,False,False,False,False,True,False,False,False,False,False,False,False,False,False,False,False,False,False,False,True,False,False,False
Model S,2023,163320.61,72.8,240.0,346.7,6.75,147.0,1000.0,870.0,7,38.9,1689.0,4,2,220716,3.73,5,3.296703296703297,680.5025416666666,0.5920663114268798,0.5150976909413855,0.04310242747187685,3,False,False,True,False,False,False,False,False,False,False,False,True,True,False,False,False,False,False,False,False,False,False,False,False,False,False,False,False,False,True,False,False,False,False,False,False,True,False
Bolt EUV,2026,52994.74,63.4,206.0,127.9,7.67,130.0,679.0,612.0,5,64.7,2568.0,5,1,5490,3.27,3,3.249211356466877,257.2560194174757,0.2644080996884735,0.2383177570093458,0.02468847352024922,0,False,False,False,False,False,True,False,False,False,False,False,True,False,True,False,False,False,False,False,True,False,False,False,False,False,False,False,False,False,False,False,False,False,False,False,False,True,False
e-tron,2024,111572.71,71.6,265.0,61.0,7.14,144.0,835.0,749.0,5,26.3,1707.0,5,1,58813,3.28,8,3.7011173184357546,421.02909433962265,0.48916227299355597,0.43878148799062683,0.041944932630345634,2,True,False,True,False,False,False,False,True,False,False,False,False,True,False,False,False,False,False,False,False,False,False,False,False,False,False,False,False,False,False,False,False,False,False,False,False,False,True
Model X,2024,79743.44,90.1,322.0,230.5,4.29,182.0,533.0,444.0,5,40.6,2108.0,5,3,136484,3.83,6,3.5738068812430637,247.6504347826087,0.2528462998102467,0.21062618595825428,0.042741935483870966,2,False,True,False,True,False,False,False,False,False,False,False,True,False,False,True,False,False,False,False,False,False,False,False,False,False,False,False,False,False,True,False,False,False,False,False,True,False,False
Atto 3,2025,26326.68,42.7,150.0,61.8,6.28,152.0,265.0,221.0,5,75.9,1505.0,4,0,129109,3.09,4,3.51288056206089,175.5112,0.1760797342192691,0.146843853820598,0.028372093023255815,1,False,True,False,False,False,False,True,False,False,False,False,False,False,False,False,False,True,False,False,False,False,False,False,False,False,False,False,False,False,False,False,False,False,False,False,False,True,False
Ocean,2026,67825.01,82.9,297.0,69.2,5.74,160.0,483.0,473.0,5,16.0,1500.0,5,0,26063,3.56,4,3.582629674306393,228.36703703703702,0.322,0.31533333333333335,0.05526666666666667,0,False,False,False,False,True,False,False,False,False,False,False,True,False,False,True,False,False,True,False,False,False,False,False,False,False,False,False,False,False,False,False,False,False,False,False,False,False,True
Model X,2022,78153.08,79.8,277.0,278.1,7.96,130.0,554.0,483.0,5,37.4,1500.0,4,2,114033,3.63,4,3.4711779448621556,282.141083032491,0.36933333333333335,0.322,0.0532,4,False,False,True,False,False,False,False,False,False,False,False,True,False,False,True,False,False,False,False,False,False,False,False,False,False,False,False,False,False,True,False,False,False,False,False,False,True,False
GLE EV,2022,93751.44,73.4,267.0,92.8,5.52,166.0,505.0,508.0,7,62.1,1800.0,5,1,32471,3.81,8,3.637602179836512,351.12898876404495,0.28055555555555556,0.2822222222222222,0.04077777777777778,4,False,False,False,False,False,False,True,True,False,False,False,False,False,False,True,False,False,False,False,False,False,False,False,False,True,False,False,False,False,False,False,False,False,False,False,False,True,False
Kona Electric,2026,68247.96,73.1,240.0,121.2,6.35,151.0,876.0,791.0,5,25.8,1607.0,5,1,75804,3.31,3,3.2831737346101235,284.36650000000003,0.5451151213441194,0.492221530802738,0.04548848786558805,0,True,False,True,False,False,False,False,False,False,True,False,False,False,False,True,False,False,False,False,False,False,True,False,False,False,False,False,False,False,False,False,False,False,False,False,False,False,True
Qin,2023,89614.35,100.7,334.0,174.7,4.07,192.0,1000.0,911.0,5,19.7,1555.0,5,0,198687,4.0,3,3.316782522343595,268.3064371257485,0.6430868167202572,0.5858520900321543,0.06475884244372991,3,False,False,True,False,False,False,False,False,False,False,False,False,False,False,True,False,True,False,False,False,False,False,False,False,False,False,False,False,False,False,False,False,False,False,False,True,False,False
EQC,2026,185592.86,107.8,359.0,201.1,4.37,192.0,1000.0,953.0,7,26.6,1500.0,4,1,51560,3.97,7,3.3302411873840447,516.9717548746518,0.6666666666666666,0.6353333333333333,0.07186666666666666,0,True,False,False,False,False,False,False,True,False,False,False,False,True,False,False,False,False,False,False,False,False,False,False,False,True,False,False,False,False,False,False,False,False,False,False,True,False,False
ID. Aero,2024,52450.92,70.3,257.0,112.6,7.73,135.0,452.0,424.0,5,47.3,2163.0,5,1,231690,3.59,4,3.655761024182077,204.08918287937743,0.20896902450300509,0.19602404068423485,0.032501155802126674,2,False,False,False,True,False,False,False,True,False,False,False,False,False,True,False,False,False,False,False,False,False,False,False,False,False,False,False,False,False,False,False,True,False,False,False,False,False,False
i30,2024,53836.77,69.5,265.0,98.2,7.64,135.0,563.0,541.0,7,22.6,1500.0,5,0,55119,3.5,5,3.8129496402877696,203.15762264150942,0.37533333333333335,0.3606666666666667,0.04633333333333333,2,True,False,False,False,True,False,False,False,False,True,False,False,False,True,False,False,False,False,False,False,False,True,False,False,False,False,False,False,False,False,False,False,False,False,False,False,False,False
ID. Aero,2022,29912.83,40.5,150.0,50.1,6.74,140.0,150.0,200.0,5,69.6,1799.0,5,0,200434,3.19,5,3.7037037037037037,199.41886666666667,0.08337965536409116,0.11117287381878821,0.022512506948304613,4,False,False,False,False,False,False,True,True,False,False,False,False,False,False,False,False,False,False,False,False,False,False,False,False,False,False,False,False,False,False,False,True,False,False,False,False,False,False
Picanto EV,2024,34300.06,68.3,242.0,105.5,5.23,165.0,188.0,200.0,5,69.6,1642.0,4,2,143619,3.26,4,3.5431918008784775,141.73578512396693,0.11449451887941535,0.1218026796589525,0.041595615103532275,2,True,False,False,False,False,False,True,False,False,True,False,False,False,False,False,False,False,False,False,False,False,False,True,False,False,False,False,False,False,False,False,False,False,False,False,False,False,False
Model 3,2025,130541.56,71.2,238.0,296.0,6.85,152.0,1000.0,867.0,7,20.3,1630.0,4,2,190536,3.76,5,3.342696629213483,548.4939495798319,0.6134969325153374,0.5319018404907976,0.043680981595092025,1,False,False,True,False,False,False,False,False,False,False,False,True,True,False,False,False,False,False,False,False,False,False,False,False,False,False,False,False,False,True,False,False,False,False,False,False,True,False
ID.4,2026,49575.71,47.3,158.0,104.7,7.32,141.0,438.0,401.0,5,37.1,1759.0,4,1,295672,3.23,5,3.3403805496828753,313.7703164556962,0.2490051165434906,0.22797043774872086,0.02689027856736782,0,False,False,False,False,True,False,False,True,False,False,False,False,False,True,False,False,False,False,False,False,False,False,False,False,False,False,False,False,False,False,False,True,False,False,False,False,False,False
Ronin,2025,60986.5,42.7,150.0,112.0,7.34,137.0,471.0,426.0,7,69.2,1757.0,5,0,2488,3.18,4,3.51288056206089,406.57666666666665,0.26807057484348323,0.24245873648264085,0.024302788844621514,1,False,False,False,False,False,False,True,False,False,False,False,True,False,True,False,False,False,True,False,False,False,False,False,False,False,False,False,False,False,False,False,False,False,False,False,False,False,False
Leaf 50X,2025,96175.42,50.5,159.0,144.6,5.51,164.0,1000.0,925.0,7,37.0,1619.0,3,1,232340,3.27,5,3.1485148514851486,604.876855345912,0.6176652254478073,0.5713403335392218,0.031192093885114267,1,False,False,True,False,False,False,False,False,False,False,False,False,False,False,True,False,True,False,False,False,False,False,False,False,False,False,False,False,False,False,False,False,False,False,False,False,True,False
i7,2025,162797.03,103.1,369.0,248.9,4.14,193.0,1000.0,910.0,5,66.9,1847.0,5,2,27119,3.48,6,3.5790494665373425,441.18436314363146,0.5414185165132648,0.4926908500270709,0.05582024905251759,1,False,True,False,False,False,False,True,True,False,False,False,False,True,False,False,True,False,False,False,False,False,False,False,False,False,False,False,False,False,False,False,False,False,False,False,True,False,False
Max,2023,102394.49,115.2,421.0,220.6,4.41,174.0,1000.0,925.0,7,67.1,2715.0,5,0,226612,3.99,4,3.654513888888889,243.21731591448932,0.3683241252302026,0.3406998158379374,0.04243093922651934,3,False,False,False,False,False,True,False,False,False,False,False,False,True,False,False,False,True,False,False,False,False,False,False,False,False,False,False,False,False,False,False,False,False,False,False,True,False,False
Explorer EV,2025,59495.32,76.8,282.0,58.9,5.94,161.0,592.0,477.0,5,54.1,2327.0,5,0,62617,3.81,5,3.671875,210.97631205673758,0.25440481306403095,0.2049849591749033,0.03300386764073915,1,False,True,False,False,False,True,False,False,False,False,False,True,False,True,False,False,False,False,True,False,False,False,False,False,False,False,False,False,False,False,False,False,False,False,False,False,True,False
Model 3,2024,99778.09,102.4,352.0,231.4,2.58,200.0,751.0,684.0,5,53.4,2409.0,4,2,186712,4.18,5,3.4375,283.46048295454545,0.3117476131174761,0.28393524283935245,0.04250726442507265,2,False,False,False,False,False,True,False,False,False,False,False,True,False,False,True,False,False,False,False,False,False,False,False,False,False,False,False,False,False,True,False,False,False,False,False,True,False,False
Ocean,2025,66660.45,93.7,290.0,139.7,4.14,186.0,523.0,477.0,7,25.3,1773.0,5,1,12789,3.33,4,3.094983991462113,229.86362068965516,0.2949802594472645,0.26903553299492383,0.05284827975183305,1,False,True,False,False,False,False,False,False,False,False,False,True,False,False,True,False,False,True,False,False,False,False,False,False,False,False,False,False,False,False,False,False,False,False,True,False,False,False
ID.4,2023,78484.96,48.2,168.0,65.9,6.73,144.0,867.0,845.0,5,22.4,1560.0,4,1,208905,3.41,4,3.485477178423236,467.172380952381,0.5557692307692308,0.5416666666666666,0.0308974358974359,3,False,False,False,False,True,False,False,True,False,False,False,False,False,False,True,False,False,False,False,False,False,False,False,False,False,False,False,False,False,False,False,True,False,False,False,False,True,False
Max,2023,30609.19,78.6,268.0,75.5,4.4,184.0,292.0,262.0,7,36.5,1560.0,5,0,111239,3.49,4,3.409669211195929,114.21339552238805,0.18717948717948718,0.16794871794871793,0.05038461538461538,3,True,False,True,False,False,False,False,False,False,False,False,False,False,False,False,False,True,False,False,False,False,False,False,False,False,False,False,False,False,False,False,False,False,False,True,False,False,False
Model X,2022,117706.38,71.4,249.0,304.3,4.12,189.0,885.0,771.0,5,67.6,2497.0,5,2,160982,3.75,4,3.487394957983193,472.71638554216867,0.35442531037244696,0.30877052462955545,0.028594313175810977,4,False,True,False,False,False,True,False,False,False,False,False,True,True,False,False,False,False,False,False,False,False,False,False,False,False,False,False,False,False,True,False,False,False,False,False,True,False,False
Cybertruck,2024,106068.73,114.9,357.0,318.1,3.04,200.0,766.0,686.0,7,52.7,2604.0,3,2,156874,4.08,5,3.107049608355091,297.11128851540616,0.2941628264208909,0.26344086021505375,0.044124423963133645,2,False,True,False,False,False,True,False,False,False,False,False,True,True,False,False,False,False,False,False,False,False,False,False,False,False,False,False,False,False,True,False,False,False,False,False,True,False,False
i30,2025,70681.91,86.7,309.0,50.0,4.66,176.0,861.0,735.0,7,54.6,2251.0,4,2,50014,3.59,4,3.56401384083045,228.74404530744337,0.38249666814749,0.3265215459795646,0.038516215015548645,1,True,False,False,True,False,False,False,False,False,True,False,False,False,False,True,False,False,False,False,False,False,True,False,False,False,False,False,False,False,False,False,False,False,False,True,False,False,False
Atto 3,2024,41904.83,88.3,325.0,60.2,5.33,168.0,435.0,398.0,5,63.7,2686.0,3,1,239018,3.7,3,3.6806342015855043,128.93793846153847,0.16195085629188385,0.14817572598659717,0.03287416232315711,2,False,True,False,False,False,True,False,False,False,False,False,False,False,True,False,False,True,False,False,False,False,False,False,False,False,False,False,False,False,False,False,False,False,False,True,False,False,False
EQS,2025,94342.22,95.8,324.0,184.3,3.79,192.0,446.0,356.0,5,38.2,1893.0,4,1,56423,3.88,7,3.382045929018789,291.1796913580247,0.23560486001056524,0.18806127839408346,0.05060750132065504,1,False,False,False,True,False,False,False,True,False,False,False,False,False,False,True,False,False,False,False,False,False,False,False,False,True,False,False,False,False,False,False,False,False,False,False,True,False,False
ID. Aero,2024,40586.73,45.0,173.0,82.3,6.42,159.0,335.0,274.0,7,32.4,1615.0,4,1,268842,3.31,4,3.8444444444444446,234.60537572254336,0.20743034055727555,0.1696594427244582,0.02786377708978328,2,False,True,False,False,False,False,False,True,False,False,False,False,False,True,False,False,False,False,False,False,False,False,False,False,False,False,False,False,False,False,False,True,False,False,False,False,True,False
Atto 3,2022,98782.03,77.8,278.0,211.2,3.71,192.0,1000.0,876.0,7,33.3,1500.0,4,0,130723,3.47,4,3.5732647814910026,355.33104316546763,0.6666666666666666,0.584,0.051866666666666665,4,False,True,False,False,False,False,False,False,False,False,False,False,False,False,True,False,True,False,False,False,False,False,False,False,False,False,False,False,False,False,False,False,False,False,False,True,False,False
EV6,2022,40060.04,63.0,235.0,90.5,6.78,153.0,281.0,246.0,7,28.9,1500.0,4,0,51025,3.4,5,3.7301587301587302,170.46825531914894,0.18733333333333332,0.164,0.042,4,False,True,False,False,True,False,False,False,False,True,False,False,False,True,False,False,False,False,False,False,False,False,True,False,False,False,False,False,False,False,False,False,False,False,False,False,True,False
Bolt EUV,2023,73854.22,104.5,365.0,221.3,3.22,200.0,999.0,887.0,5,20.4,2090.0,4,1,27191,3.61,3,3.492822966507177,202.34032876712328,0.4779904306220096,0.4244019138755981,0.05,3,False,False,False,False,False,False,False,False,False,False,False,True,False,False,True,False,False,False,False,True,False,False,False,False,False,False,False,False,False,False,False,False,False,False,False,True,False,False
Model X,2022,43328.14,65.3,226.0,244.2,7.71,134.0,305.0,255.0,5,63.8,1526.0,3,2,148395,3.64,6,3.460949464012251,191.7174336283186,0.1998689384010485,0.16710353866317168,0.0427916120576671,4,False,True,False,False,False,False,True,False,False,False,False,True,False,True,False,False,False,False,False,False,False,False,False,False,False,False,False,False,False,True,False,False,False,False,False,False,False,False
Model X,2025,100199.56,90.8,321.0,252.4,5.42,171.0,669.0,631.0,7,36.6,1849.0,4,3,197625,3.78,5,3.535242290748899,312.14816199376946,0.3618171984856679,0.34126554894537586,0.04910762574364521,1,False,True,True,False,False,False,False,False,False,False,False,True,True,False,False,False,False,False,False,False,False,False,False,False,False,False,False,False,False,True,False,False,False,False,True,False,False,False
Model Y,2025,135068.35,116.4,393.0,277.5,3.52,193.0,1000.0,870.0,7,19.2,1500.0,5,3,419874,4.32,6,3.3762886597938144,343.685368956743,0.6666666666666666,0.58,0.0776,1,False,False,False,False,True,False,False,False,False,False,False,True,True,False,False,False,False,False,False,False,False,False,False,False,False,False,False,False,False,True,False,False,False,False,False,True,False,False
Silverado EV,2026,64854.51,76.0,264.0,124.2,5.66,158.0,863.0,753.0,7,66.6,1781.0,4,2,16372,3.34,5,3.473684210526316,245.66102272727272,0.4845592363840539,0.4227961819202695,0.04267265581134194,0,False,True,False,False,False,False,True,False,False,False,False,True,False,True,False,False,False,False,False,True,False,False,False,False,False,False,False,False,False,False,False,False,False,False,False,False,False,True
i4,2022,102335.06,106.5,365.0,241.1,2.73,200.0,873.0,817.0,7,31.3,1526.0,5,1,57345,3.89,5,3.427230046948357,280.3700273972603,0.572083879423329,0.5353866317169069,0.06979030144167758,4,False,False,True,False,False,False,False,True,False,False,False,False,True,False,False,True,False,False,False,False,False,False,False,False,False,False,False,False,False,False,False,False,False,False,False,True,False,False
Kona Electric,2026,78808.06,83.8,310.0,141.6,5.71,163.0,989.0,868.0,7,78.4,2368.0,4,2,79142,3.33,3,3.6992840095465396,254.21954838709678,0.41765202702702703,0.36655405405405406,0.03538851351351351,0,False,False,False,False,False,True,False,False,False,True,False,False,False,False,True,False,False,False,False,False,False,True,False,False,False,False,False,False,False,False,False,False,False,False,False,False,True,False
EQC,2026,89766.7,44.8,150.0,131.6,7.04,131.0,402.0,345.0,5,33.2,1697.0,4,1,44745,3.43,7,3.348214285714286,598.4446666666666,0.23688862698880378,0.20329994107248084,0.026399528579846787,0,False,False,False,False,True,False,False,True,False,False,False,False,False,False,True,False,False,False,False,False,False,False,False,False,True,False,False,False,False,False,False,False,False,False,False,False,True,False
Explorer EV,2024,54161.53,80.1,289.0,75.9,7.58,137.0,517.0,412.0,7,22.0,1624.0,4,0,26655,3.51,4,3.607990012484395,187.4101384083045,0.3183497536945813,0.2536945812807882,0.04932266009852217,2,False,False,True,False,False,False,False,False,False,False,False,True,False,True,False,False,False,False,True,False,False,False,False,False,False,False,False,False,False,False,False,False,False,False,False,False,False,False
Sportage EV,2022,38543.18,45.8,159.0,126.3,5.27,175.0,312.0,260.0,5,41.4,1872.0,5,0,117943,3.08,3,3.4716157205240177,242.40993710691825,0.16666666666666666,0.1388888888888889,0.024465811965811966,4,True,False,False,True,False,False,False,False,False,True,False,False,False,True,False,False,False,False,False,False,False,False,True,False,False,False,False,False,False,False,False,False,False,False,False,False,False,True
EQE,2023,91688.58,90.5,311.0,240.9,4.23,192.0,427.0,373.0,5,78.1,1713.0,5,2,45385,4.06,5,3.43646408839779,294.81858520900323,0.24927028604786924,0.2177466433158202,0.052831290134267364,3,False,True,False,False,False,False,True,True,False,False,False,False,False,False,True,False,False,False,False,False,False,False,False,False,True,False,False,False,False,False,False,False,False,False,False,True,False,False
Atto 3,2023,72252.78,40.8,150.0,132.5,6.07,162.0,772.0,689.0,5,38.8,1553.0,4,0,245833,3.12,3,3.6764705882352944,481.6852,0.4971023824855119,0.4436574372182872,0.02627173213135866,3,False,True,True,False,False,False,False,False,False,False,False,False,False,False,True,False,True,False,False,False,False,False,False,False,False,False,False,False,False,False,False,False,False,False,False,False,True,False
Model Y,2025,28188.64,40.3,150.0,268.7,6.76,141.0,157.0,200.0,7,48.1,1677.0,3,2,412935,3.53,4,3.7220843672456576,187.92426666666665,0.0936195587358378,0.11926058437686345,0.024031007751937984,1,False,False,False,True,False,False,False,False,False,False,False,True,False,False,False,False,False,False,False,False,False,False,False,False,False,False,False,False,False,True,False,False,False,False,False,False,False,True
Yuan Plus,2025,32633.03,80.0,279.0,131.7,6.72,144.0,320.0,282.0,5,53.4,2335.0,5,1,106393,3.6,5,3.4875,116.96426523297491,0.13704496788008566,0.12077087794432548,0.034261241970021415,1,False,True,False,False,False,True,False,False,False,False,False,False,False,False,False,False,True,False,False,False,False,False,False,False,False,False,False,False,False,False,False,False,False,False,False,False,False,True
Model S,2025,61791.69,82.0,283.0,322.8,3.07,200.0,416.0,357.0,5,16.6,1663.0,5,2,214239,3.64,6,3.451219512195122,218.34519434628976,0.25015033072760073,0.21467227901383043,0.04930847865303668,1,False,False,False,False,True,False,False,False,False,False,False,True,False,True,False,False,False,False,False,False,False,False,False,False,False,False,False,False,False,True,False,False,False,False,False,True,False,False
Ioniq 5,2025,97448.38,102.0,335.0,186.2,4.32,187.0,1000.0,874.0,5,15.7,1500.0,3,1,81695,3.65,3,3.284313725490196,290.8906865671642,0.6666666666666666,0.5826666666666667,0.068,1,False,True,False,False,False,False,False,False,False,True,False,False,False,False,True,False,False,False,False,False,False,True,False,False,False,False,False,False,False,False,False,False,False,False,False,True,False,False
ET6,2025,75082.66,69.0,236.0,113.7,5.3,173.0,685.0,654.0,5,15.2,1800.0,5,0,6090,3.63,4,3.420289855072464,318.1468644067797,0.38055555555555554,0.36333333333333334,0.03833333333333333,1,False,False,False,False,True,False,False,False,False,False,False,False,False,False,True,False,False,False,False,False,False,False,False,False,False,True,False,False,False,False,False,False,False,False,False,False,False,False
Model Y,2025,56042.12,66.9,222.0,343.9,6.66,139.0,381.0,308.0,5,24.0,1801.0,4,3,439817,3.53,4,3.318385650224215,252.441981981982,0.21154913936701833,0.17101610216546362,0.03714602998334259,1,False,False,False,False,False,False,False,False,False,False,False,True,False,True,False,False,False,False,False,False,False,False,False,False,False,False,False,False,False,True,False,False,False,False,False,False,True,False
Model Y,2025,102064.68,49.3,183.0,218.6,5.76,163.0,752.0,628.0,5,46.7,1950.0,5,2,469259,3.73,4,3.7119675456389456,557.7304918032786,0.38564102564102565,0.32205128205128203,0.02528205128205128,1,True,False,False,True,False,False,False,False,False,False,False,True,True,False,False,False,False,False,False,False,False,False,False,False,False,False,False,False,False,True,False,False,False,False,False,False,False,False
ID. Aero,2024,92355.03,70.8,243.0,217.8,3.65,193.0,1000.0,926.0,5,54.0,2436.0,4,1,216375,3.43,5,3.4322033898305087,380.0618518518518,0.41050903119868637,0.38013136288998356,0.029064039408866992,2,False,True,False,False,False,True,False,True,False,False,False,False,False,False,True,False,False,False,False,False,False,False,False,False,False,False,False,False,False,False,False,True,False,False,False,True,False,False
R3,2025,105185.41,109.2,352.0,76.3,4.17,187.0,1000.0,900.0,5,25.5,1527.0,4,1,20140,3.46,5,3.2234432234432235,298.8221875,0.6548788474132285,0.5893909626719057,0.07151277013752456,1,True,False,True,False,False,False,False,False,False,False,False,True,True,False,False,False,False,False,False,False,False,False,False,False,False,False,False,False,True,False,False,False,False,False,True,False,False,False
Max,2023,20788.8,46.9,161.0,93.6,6.51,150.0,150.0,200.0,5,79.4,1923.0,4,1,208014,3.15,4,3.4328358208955225,129.1229813664596,0.078003120124805,0.10400416016640665,0.02438897555902236,3,False,True,False,False,False,False,True,False,False,False,False,False,False,False,False,False,True,False,False,False,False,False,False,False,False,False,False,False,False,False,False,False,False,False,False,False,False,False
Ioniq 6,2024,97949.17,88.6,324.0,170.9,2.96,200.0,1000.0,850.0,5,19.7,1500.0,5,1,105426,3.83,4,3.6568848758465013,302.31225308641973,0.6666666666666666,0.5666666666666667,0.05906666666666666,2,False,False,True,False,False,False,False,False,False,True,False,False,False,False,True,False,False,False,False,False,False,True,False,False,False,False,False,False,False,False,False,False,False,False,False,True,False,False
Cybertruck,2024,112719.54,67.5,240.0,242.8,5.41,170.0,810.0,732.0,5,56.2,2564.0,5,2,138409,3.94,5,3.5555555555555554,469.66474999999997,0.3159126365054602,0.28549141965678626,0.026326053042121683,2,False,False,False,False,False,True,False,False,False,False,False,True,True,False,False,False,False,False,False,False,False,False,False,False,False,False,False,False,False,True,False,False,False,False,False,False,True,False
Model X,2025,155604.37,46.7,150.0,305.4,5.06,177.0,1000.0,909.0,7,78.1,1625.0,4,2,240825,3.17,6,3.2119914346895073,1037.3624666666667,0.6153846153846154,0.5593846153846154,0.02873846153846154,1,False,False,False,False,False,False,True,False,False,False,False,True,True,False,False,False,False,False,False,False,False,False,False,False,False,False,False,False,False,True,False,False,False,False,False,False,True,False
Macan Electric,2023,107490.34,61.7,224.0,251.6,6.15,161.0,337.0,320.0,5,39.7,1666.0,4,2,2249,3.5,8,3.6304700162074552,479.86758928571425,0.20228091236494597,0.19207683073229292,0.03703481392557023,3,False,False,False,True,False,False,False,True,False,False,False,False,True,False,False,False,False,False,False,False,False,False,False,False,False,False,False,True,False,False,False,False,False,False,False,False,False,True
Ocean,2023,100837.22,71.6,259.0,138.2,5.42,163.0,841.0,735.0,5,36.7,1500.0,5,0,27700,3.3,5,3.61731843575419,389.33289575289575,0.5606666666666666,0.49,0.04773333333333333,3,False,False,False,False,True,False,False,False,False,False,False,True,True,False,False,False,False,True,False,False,False,False,False,False,False,False,False,False,False,False,False,False,False,False,False,False,True,False
Cybertruck,2024,112537.97,73.4,256.0,247.7,7.93,125.0,851.0,715.0,5,69.8,2742.0,4,3,200169,3.59,5,3.487738419618528,439.6014453125,0.31035740335521517,0.2607585703865791,0.02676878191101386,2,True,False,False,False,False,True,False,False,False,False,False,True,True,False,False,False,False,False,False,False,False,False,False,False,False,False,False,False,False,True,False,False,False,False,False,False,False,False
bZ4X,2024,65164.24,66.0,218.0,67.5,6.6,152.0,771.0,727.0,5,41.6,2093.0,5,0,21633,3.39,5,3.303030303030303,298.91853211009175,0.3683707596751075,0.347348303870043,0.03153368370759675,2,True,False,False,True,False,False,False,False,True,False,False,False,False,False,True,False,False,False,False,False,False,False,False,False,False,False,False,False,False,False,True,False,False,False,False,False,False,True
i4,2025,134002.07,78.3,245.0,120.2,7.71,132.0,1000.0,918.0,7,16.0,1795.0,5,1,54751,3.42,8,3.128991060025543,546.947224489796,0.5571030640668524,0.5114206128133705,0.04362116991643454,1,False,False,False,False,False,False,False,True,False,False,False,False,True,False,False,True,False,False,False,False,False,False,False,False,False,False,False,False,False,False,False,False,False,False,False,False,True,False
EQE,2025,125283.58,75.6,264.0,123.7,7.57,138.0,747.0,634.0,7,74.4,2720.0,4,1,50741,4.19,7,3.4920634920634925,474.55901515151515,0.2746323529411765,0.23308823529411765,0.02779411764705882,1,True,False,False,False,False,True,False,True,False,False,False,False,True,False,False,False,False,False,False,False,False,False,False,False,True,False,False,False,False,False,False,False,False,False,False,False,False,False
ID.3,2022,53614.66,63.7,213.0,138.2,5.95,160.0,530.0,526.0,5,44.8,2264.0,4,0,208794,3.39,4,3.3437990580847723,251.71201877934274,0.23409893992932862,0.23233215547703182,0.028136042402826855,4,True,False,False,True,False,False,False,True,False,False,False,False,False,True,False,False,False,False,False,False,False,False,False,False,False,False,False,False,False,False,False,True,False,False,False,False,False,False
Ioniq,2021,54289.29,101.8,323.0,214.9,3.67,196.0,603.0,568.0,7,17.8,1707.0,4,1,110889,3.69,4,3.1728880157170924,168.0782972136223,0.3532513181019332,0.3327475102519039,0.05963678968951377,5,True,False,True,False,False,False,False,False,False,True,False,False,False,True,False,False,False,False,False,False,False,True,False,False,False,False,False,False,False,False,False,False,False,False,False,True,False,False
Ioniq,2023,69817.04,113.2,415.0,171.3,3.01,198.0,899.0,830.0,5,62.0,1643.0,5,1,127527,3.55,4,3.666077738515901,168.2338313253012,0.5471698113207547,0.505173463177115,0.06889835666463785,3,False,False,False,False,False,False,True,False,False,True,False,False,False,False,True,False,False,False,False,False,False,True,False,False,False,False,False,False,False,False,False,False,False,False,False,True,False,False
i4,2024,47596.94,81.1,287.0,123.0,7.53,135.0,169.0,200.0,7,15.4,1577.0,5,1,22877,3.56,7,3.5388409371146734,165.84299651567946,0.10716550412175016,0.12682308180088775,0.05142675967025998,2,True,False,False,False,True,False,False,True,False,False,False,False,False,True,False,True,False,False,False,False,False,False,False,False,False,False,False,False,False,False,False,False,False,False,False,False,False,False
Model Y,2024,50416.8,92.4,336.0,349.4,5.31,170.0,355.0,348.0,5,24.1,1587.0,4,2,444988,3.8,5,3.6363636363636362,150.05,0.2236925015752993,0.21928166351606806,0.058223062381852556,2,False,True,False,False,True,False,False,False,False,False,False,True,False,True,False,False,False,False,False,False,False,False,False,False,False,False,False,False,False,True,False,False,False,False,True,False,False,False
Model 3,2025,127858.88,71.8,285.0,260.5,7.39,142.0,928.0,848.0,5,61.8,2152.0,5,2,125874,3.89,4,3.969359331476323,448.62764912280704,0.4312267657992565,0.3940520446096654,0.03336431226765799,1,True,False,False,True,False,False,False,False,False,False,False,True,True,False,False,False,False,False,False,False,False,False,False,False,False,False,False,False,False,True,False,False,False,False,False,False,True,False
Dolphin,2026,27881.47,60.3,202.0,109.7,5.27,169.0,272.0,248.0,5,68.9,1867.0,4,1,131662,3.35,5,3.349917081260365,138.0270792079208,0.14568826995179432,0.1328334226031066,0.03229780396357793,0,False,True,False,False,False,False,True,False,False,False,False,False,False,False,False,False,True,False,False,False,False,False,False,False,False,False,False,False,False,False,False,False,False,False,False,False,False,False
Bolt EUV,2024,98117.57,90.3,335.0,227.3,3.97,195.0,1000.0,866.0,5,17.1,1500.0,5,0,23127,3.63,4,3.709856035437431,292.88826865671643,0.6666666666666666,0.5773333333333334,0.0602,2,True,False,False,False,True,False,False,False,False,False,False,True,False,False,True,False,False,False,False,True,False,False,False,False,False,False,False,False,False,False,False,False,False,False,False,True,False,False
Cybertruck,2025,114028.98,65.3,249.0,327.3,7.5,137.0,815.0,721.0,7,60.4,2681.0,5,2,169238,3.54,4,3.8131699846860645,457.9477108433735,0.3039910481163745,0.2689295039164491,0.024356583364416262,1,False,False,False,False,False,True,False,False,False,False,False,True,True,False,False,False,False,False,False,False,False,False,False,False,False,False,False,False,False,True,False,False,False,False,False,False,False,True
i7,2021,76431.36,47.0,150.0,90.1,6.06,160.0,524.0,510.0,7,34.1,1776.0,4,2,30267,3.08,5,3.1914893617021276,509.5424,0.29504504504504503,0.28716216216216217,0.026463963963963964,5,False,True,False,False,True,False,False,True,False,False,False,False,False,False,True,True,False,False,False,False,False,False,False,False,False,False,False,False,False,False,False,False,False,False,False,False,False,False
Ocean,2025,47756.59,60.7,225.0,136.4,6.02,158.0,298.0,265.0,7,16.1,1812.0,4,1,6983,3.23,3,3.706754530477759,212.25151111111109,0.16445916114790288,0.14624724061810154,0.03349889624724062,1,False,False,False,False,True,False,False,False,False,False,False,True,False,True,False,False,False,True,False,False,False,False,False,False,False,False,False,False,False,False,False,False,False,False,False,False,False,True
Model S,2023,122960.47,98.5,350.0,323.0,4.9,178.0,897.0,749.0,5,55.8,2239.0,4,2,114585,4.09,4,3.553299492385787,351.3156285714286,0.4006252791424743,0.3345243412237606,0.04399285395265744,3,True,False,False,True,False,False,False,False,False,False,False,True,True,False,False,False,False,False,False,False,False,False,False,False,False,False,False,False,False,True,False,False,False,False,True,False,False,False
i5,2024,91502.74,75.2,250.0,75.7,5.77,161.0,650.0,613.0,7,32.6,1500.0,5,1,64217,3.55,6,3.324468085106383,366.01096,0.43333333333333335,0.4086666666666667,0.050133333333333335,2,False,True,False,False,False,False,False,True,False,False,False,False,False,False,True,True,False,False,False,False,False,False,False,False,False,False,False,False,False,False,False,False,False,False,False,False,False,True
ID. Buzz,2026,77633.04,74.0,273.0,79.5,5.33,165.0,818.0,753.0,5,55.8,2544.0,5,2,203039,3.53,5,3.689189189189189,284.37010989010986,0.32154088050314467,0.2959905660377358,0.02908805031446541,0,False,False,False,False,False,True,False,True,False,False,False,False,False,False,True,False,False,False,False,False,False,False,False,False,False,False,False,False,False,False,False,True,False,False,False,False,False,False
EQG,2022,74524.3,84.1,298.0,141.9,4.89,180.0,277.0,271.0,5,23.3,1690.0,5,2,75343,3.85,7,3.5434007134363856,250.08154362416107,0.16390532544378697,0.1603550295857988,0.04976331360946745,4,False,False,True,False,False,False,False,True,False,False,False,False,False,False,True,False,False,False,False,False,False,False,False,False,True,False,False,False,False,False,False,False,False,False,True,False,False,False
Model X,2026,27570.57,44.6,153.0,215.0,7.41,137.0,161.0,200.0,5,36.9,1682.0,5,2,203167,3.2,5,3.430493273542601,180.19980392156862,0.09571938168846611,0.11890606420927467,0.026516052318668253,0,False,False,False,False,False,False,False,False,False,False,False,True,False,False,False,False,False,False,False,False,False,False,False,False,False,False,False,False,False,True,False,False,False,False,False,False,False,False
Silverado EV,2023,42948.13,93.8,328.0,156.4,2.96,200.0,422.0,385.0,5,31.4,1903.0,4,2,14040,3.76,4,3.49680170575693,130.93942073170732,0.22175512348922755,0.2023121387283237,0.049290593799264315,3,False,False,False,False,True,False,False,False,False,False,False,True,False,True,False,False,False,False,False,True,False,False,False,False,False,False,False,False,False,False,False,False,False,False,False,True,False,False
GLE EV,2022,100017.14,108.6,382.0,123.5,5.74,157.0,539.0,494.0,5,33.8,1500.0,5,2,39100,3.99,8,3.5174953959484347,261.82497382198954,0.35933333333333334,0.3293333333333333,0.07239999999999999,4,True,False,True,False,False,False,False,True,False,False,False,False,True,False,False,False,False,False,False,False,False,False,False,False,True,False,False,False,False,False,False,False,False,False,True,False,False,False
bZ4X,2026,108712.63,111.4,366.0,193.2,3.3,195.0,1000.0,924.0,5,37.5,1549.0,4,0,12763,3.93,4,3.2854578096947935,297.029043715847,0.6455777921239509,0.5965138799225307,0.07191736604260814,0,False,True,False,False,True,False,False,False,True,False,False,False,True,False,False,False,False,False,False,False,False,False,False,False,False,False,False,False,False,False,True,False,False,False,False,True,False,False
i7,2026,96474.96,76.8,250.0,236.0,3.59,200.0,757.0,661.0,7,70.6,1639.0,5,1,54809,3.45,7,3.2552083333333335,385.89984000000004,0.46186699206833437,0.40329469188529593,0.04685784014643075,0,False,False,False,False,False,False,True,True,False,False,False,False,False,False,True,True,False,False,False,False,False,False,False,False,False,False,False,False,False,False,False,False,False,False,False,True,False,False
i30,2025,33127.96,41.6,164.0,118.9,7.91,129.0,245.0,205.0,5,62.9,2024.0,5,2,138439,3.06,5,3.942307692307692,201.99975609756098,0.12104743083003952,0.10128458498023715,0.020553359683794466,1,False,False,False,True,False,False,False,False,False,True,False,False,False,False,False,False,False,False,False,False,False,True,False,False,False,False,False,False,False,False,False,False,False,False,False,False,False,True
Niro EV,2025,52664.7,45.0,151.0,107.3,7.64,133.0,568.0,443.0,5,49.3,1711.0,5,2,62015,3.3,3,3.3555555555555556,348.77284768211916,0.33196960841613093,0.25891291642314435,0.026300409117475162,1,False,False,False,True,False,False,False,False,False,True,False,False,False,True,False,False,False,False,False,False,False,False,True,False,False,False,False,False,False,False,False,False,False,False,False,False,True,False
EQC,2022,117361.83,91.3,335.0,136.0,5.26,158.0,673.0,601.0,7,68.4,1923.0,4,1,75929,3.88,5,3.669222343921139,350.33382089552236,0.3499739989599584,0.312532501300052,0.04747789911596464,4,False,False,False,True,False,False,False,True,False,False,False,False,True,False,False,False,False,False,False,False,False,False,False,False,True,False,False,False,False,False,False,False,False,False,True,False,False,False
Picanto EV,2024,91917.06,68.9,237.0,140.8,6.23,166.0,1000.0,904.0,5,79.4,1684.0,4,1,124978,3.57,5,3.4397677793904204,387.8356962025316,0.5938242280285035,0.5368171021377672,0.0409144893111639,2,True,False,False,False,False,False,True,False,False,True,False,False,False,False,True,False,False,False,False,False,False,False,True,False,False,False,False,False,False,False,False,False,False,False,False,False,True,False
Model 3,2023,128698.36,60.8,240.0,203.0,6.56,154.0,923.0,819.0,5,73.7,2335.0,5,2,132614,3.6,5,3.947368421052632,536.2431666666666,0.39528907922912204,0.3507494646680942,0.026038543897216274,3,False,True,False,False,False,True,False,False,False,False,False,True,True,False,False,False,False,False,False,False,False,False,False,False,False,False,False,False,False,True,False,False,False,False,False,False,False,True
R2,2025,100224.89,43.2,157.0,106.2,6.8,137.0,1000.0,909.0,5,33.5,1592.0,4,1,10726,3.0,6,3.634259259259259,638.3750955414013,0.628140703517588,0.5709798994974874,0.0271356783919598,1,False,True,False,False,True,False,False,False,False,False,False,True,True,False,False,False,False,False,False,False,False,False,False,False,False,False,False,False,True,False,False,False,False,False,False,False,True,False
i4,2025,66795.11,65.0,246.0,73.4,5.68,171.0,358.0,333.0,7,33.0,1861.0,5,1,50876,3.34,6,3.7846153846153845,271.52483739837396,0.19236969371305748,0.17893605588393338,0.03492745835572273,1,False,True,False,False,False,False,False,True,False,False,False,False,False,False,True,True,False,False,False,False,False,False,False,False,False,False,False,False,False,False,False,False,False,False,False,False,False,False
i3,2025,102396.37,96.6,340.0,102.0,4.37,184.0,852.0,737.0,5,18.7,1822.0,5,2,35285,3.65,5,3.5196687370600417,301.16579411764707,0.4676180021953897,0.4045005488474204,0.05301866081229418,1,True,False,True,False,False,False,False,True,False,False,False,False,True,False,False,True,False,False,False,False,False,False,False,False,False,False,False,False,False,False,False,False,False,False,True,False,False,False
Seagull,2025,53276.57,102.1,367.0,72.6,4.72,177.0,518.0,453.0,5,36.5,1807.0,4,1,242908,4.26,3,3.594515181194907,145.16776566757494,0.2866629773104593,0.2506917542888766,0.056502490315439954,1,False,True,False,False,False,False,False,False,False,False,False,False,False,True,False,False,True,False,False,False,False,False,False,False,False,False,False,False,False,False,False,False,False,False,True,False,False,False
i5,2025,102104.07,55.1,174.0,128.9,5.42,165.0,817.0,704.0,5,58.4,2165.0,3,2,30235,3.27,6,3.1578947368421053,586.8050000000001,0.3773672055427252,0.32517321016166284,0.025450346420323327,1,True,False,False,True,False,False,False,True,False,False,False,False,True,False,False,True,False,False,False,False,False,False,False,False,False,False,False,False,False,False,False,False,False,False,False,False,False,False
ID.3,2025,62840.41,71.4,268.0,73.9,6.29,159.0,621.0,524.0,7,18.6,1960.0,5,0,242781,3.79,4,3.7535014005602236,234.47914179104478,0.3168367346938776,0.2673469387755102,0.03642857142857143,1,False,True,True,False,False,False,False,True,False,False,False,False,False,True,False,False,False,False,False,False,False,False,False,False,False,False,False,False,False,False,False,True,False,False,False,False,False,True
i5,2024,131247.26,113.3,405.0,155.8,2.74,200.0,1000.0,891.0,5,65.4,2302.0,4,2,65041,3.91,8,3.5745807590467784,324.06730864197533,0.43440486533449174,0.38705473501303217,0.049218071242397916,2,False,False,False,False,False,True,False,True,False,False,False,False,True,False,False,True,False,False,False,False,False,False,False,False,False,False,False,False,False,False,False,False,False,False,False,True,False,False
Model S,2025,84149.31,75.3,252.0,335.6,7.31,143.0,552.0,524.0,5,36.5,1606.0,4,3,224851,3.64,6,3.346613545816733,333.92583333333334,0.3437110834371108,0.32627646326276466,0.04688667496886675,1,False,True,False,False,True,False,False,False,False,False,False,True,False,False,True,False,False,False,False,False,False,False,False,False,False,False,False,False,False,True,False,False,False,False,False,False,True,False
iX,2025,71216.91,62.4,239.0,72.7,5.38,171.0,396.0,355.0,5,74.4,1623.0,4,1,70121,3.47,7,3.8301282051282053,297.9787029288703,0.24399260628465805,0.21873074553296365,0.03844731977818854,1,True,False,False,False,False,False,True,True,False,False,False,False,False,False,True,True,False,False,False,False,False,False,False,False,False,False,False,False,False,False,False,False,False,False,False,False,False,True
e,2022,60662.04,67.2,242.0,144.9,6.09,154.0,943.0,887.0,5,36.4,1943.0,4,2,10748,3.54,3,3.601190476190476,250.66958677685952,0.485331960885229,0.45651055069480184,0.03458569222851261,4,False,False,False,True,False,False,False,False,True,False,False,False,False,True,False,False,False,False,False,False,True,False,False,False,False,False,False,False,False,False,False,False,False,False,False,False,True,False
Model X,2024,46217.92,55.9,205.0,259.6,6.69,151.0,293.0,270.0,7,68.2,2198.0,4,2,108494,3.65,5,3.6672629695885512,225.4532682926829,0.13330300272975432,0.12283894449499545,0.02543221110100091,2,False,False,False,False,False,True,False,False,False,False,False,True,False,True,False,False,False,False,False,False,False,False,False,False,False,False,False,False,False,True,False,False,False,False,False,False,True,False
Air,2026,225594.15,63.1,216.0,285.9,8.0,125.0,1000.0,889.0,7,62.9,1500.0,5,0,21994,3.37,5,3.4231378763866878,1044.4173611111112,0.6666666666666666,0.5926666666666667,0.04206666666666667,0,False,True,False,False,False,False,True,False,False,False,False,True,True,False,False,False,False,False,False,False,False,False,False,True,False,False,False,False,False,False,False,False,False,False,False,False,True,False
ID. Buzz,2025,87726.28,40.6,161.0,79.3,6.58,133.0,1000.0,936.0,7,76.4,1646.0,5,1,253183,3.49,3,3.96551724137931,544.8837267080745,0.6075334143377886,0.56865127582017,0.024665856622114218,1,False,False,False,False,False,False,True,True,False,False,False,False,False,False,True,False,False,False,False,False,False,False,False,False,False,False,False,False,False,False,False,True,False,False,False,False,False,True
EQE,2024,146623.72,69.1,262.0,117.9,5.33,176.0,935.0,806.0,7,16.8,1586.0,4,2,43244,3.61,7,3.791606367583213,559.6325190839694,0.5895334174022698,0.5081967213114754,0.0435687263556116,2,False,False,False,False,False,False,False,True,False,False,False,False,True,False,False,False,False,False,False,False,False,False,False,False,True,False,False,False,False,False,False,False,False,False,False,False,True,False
Mustang Mach-E,2022,64696.27,51.7,165.0,60.6,6.94,144.0,704.0,642.0,5,67.4,1771.0,4,1,37967,3.06,4,3.1914893617021276,392.098606060606,0.39751552795031053,0.36250705815923207,0.029192546583850933,4,False,True,False,False,False,False,True,False,False,False,False,True,False,True,False,False,False,False,True,False,False,False,False,False,False,False,False,False,False,False,False,False,False,False,False,False,False,False
Picanto EV,2024,26810.33,75.6,247.0,71.5,5.79,166.0,174.0,223.0,7,48.7,2204.0,5,1,138862,3.48,5,3.2671957671957674,108.54384615384616,0.07894736842105263,0.10117967332123412,0.03430127041742286,2,False,False,False,True,False,False,False,False,False,True,False,False,False,False,False,False,False,False,False,False,False,False,True,False,False,False,False,False,False,False,False,False,False,False,False,False,False,False
Blazer EV,2024,45723.03,55.0,207.0,69.5,6.64,148.0,515.0,479.0,5,68.5,1728.0,5,0,19610,3.43,4,3.7636363636363637,220.8842028985507,0.2980324074074074,0.27719907407407407,0.031828703703703706,2,False,True,False,True,False,False,False,False,False,False,False,True,False,True,False,False,False,False,False,True,False,False,False,False,False,False,False,False,False,False,False,False,False,False,False,False,True,False
Q6 e-tron,2025,99175.33,93.3,334.0,217.0,3.73,185.0,706.0,646.0,5,31.9,1897.0,5,2,77677,3.68,6,3.579849946409432,296.932125748503,0.37216657880864523,0.34053769109119664,0.049182920400632574,1,True,False,False,False,False,False,False,True,False,False,False,False,False,False,True,False,False,False,False,False,False,False,False,False,False,False,False,False,False,False,False,False,False,False,False,True,False,False
ID. Aero,2025,87997.46,42.5,150.0,88.7,7.75,129.0,1000.0,893.0,7,63.2,1931.0,4,2,228031,3.16,4,3.5294117647058822,586.6497333333334,0.5178663904712584,0.4624546866908338,0.022009321595028483,1,True,False,False,True,False,False,False,True,False,False,False,False,False,False,True,False,False,False,False,False,False,False,False,False,False,False,False,False,False,False,False,True,False,False,False,False,False,True
Leaf 50X,2025,25853.85,83.7,278.0,69.9,6.22,157.0,204.0,200.0,7,74.6,2589.0,5,0,106382,3.56,4,3.321385902031063,92.99946043165467,0.07879490150637311,0.0772499034376207,0.032329084588644266,1,False,False,False,False,False,True,False,False,False,False,False,False,False,False,False,False,True,False,False,False,False,False,False,False,False,False,False,False,False,False,False,False,False,False,False,False,False,False
i3,2025,66806.73,104.8,353.0,86.3,5.0,170.0,376.0,398.0,5,25.6,1736.0,4,1,37357,3.74,7,3.368320610687023,189.2541926345609,0.21658986175115208,0.22926267281105991,0.060368663594470046,1,False,True,False,False,False,False,False,True,False,False,False,False,False,False,True,True,False,False,False,False,False,False,False,False,False,False,False,False,False,False,False,False,False,False,True,False,False,False
F-150 Lightning,2024,38587.0,78.0,278.0,149.3,6.77,145.0,282.0,248.0,2,77.3,2728.0,5,2,66132,3.55,5,3.5641025641025643,138.8021582733813,0.10337243401759531,0.09090909090909091,0.028592375366568914,2,True,False,False,False,False,True,False,False,False,False,False,True,False,True,False,False,False,False,True,False,False,False,False,False,False,False,False,False,False,False,False,False,False,False,False,False,False,True
Explorer EV,2024,61417.24,107.1,370.0,237.9,3.91,189.0,606.0,524.0,5,31.7,1689.0,5,0,29374,3.68,3,3.454715219421102,165.99254054054055,0.35879218472468916,0.310242747187685,0.06341030195381882,2,False,False,False,False,False,False,False,False,False,False,False,True,False,True,False,False,False,False,True,False,False,False,False,False,False,False,False,False,False,False,False,False,False,False,False,True,False,False
F-150 Lightning,2026,73146.64,40.1,150.0,143.8,6.78,157.0,837.0,763.0,2,68.6,2484.0,5,2,26454,3.22,4,3.740648379052369,487.6442666666667,0.33695652173913043,0.3071658615136876,0.016143317230273752,0,False,False,False,False,False,True,False,False,False,False,False,True,False,False,True,False,False,False,True,False,False,False,False,False,False,False,False,False,False,False,False,False,False,False,False,False,True,False
ID.4,2024,80127.24,106.2,352.0,207.6,3.59,193.0,890.0,825.0,7,68.0,2269.0,5,0,267416,3.45,4,3.3145009416195856,227.63420454545457,0.39224327897752315,0.36359629792860293,0.04680475980608197,2,False,False,False,True,False,False,False,True,False,False,False,False,False,False,True,False,False,False,False,False,False,False,False,False,False,False,False,False,False,False,False,True,False,False,False,True,False,False
F-150 Lightning,2025,69759.03,87.5,324.0,69.5,5.88,162.0,803.0,740.0,4,75.3,2664.0,4,0,57497,3.67,4,3.702857142857143,215.30564814814815,0.3014264264264264,0.2777777777777778,0.03284534534534535,1,True,False,False,False,False,True,False,False,False,False,False,True,False,False,True,False,False,False,True,False,False,False,False,False,False,False,False,False,False,False,False,False,False,False,True,False,False,False
Model 3,2023,68205.18,50.5,178.0,305.4,7.89,121.0,492.0,417.0,5,79.6,1512.0,4,3,179048,3.64,4,3.5247524752475248,383.1751685393258,0.3253968253968254,0.2757936507936508,0.0333994708994709,3,False,False,False,False,False,False,True,False,False,False,False,True,False,False,True,False,False,False,False,False,False,False,False,False,False,False,False,False,False,True,False,False,False,False,False,False,False,True
EV9,2026,52324.87,44.4,154.0,84.3,6.34,158.0,517.0,461.0,5,41.9,2334.0,5,0,142095,3.03,5,3.4684684684684686,339.77188311688315,0.22150814053127676,0.19751499571550984,0.019023136246786632,0,False,False,False,True,False,False,False,False,False,True,False,False,False,True,False,False,False,False,False,False,False,False,True,False,False,False,False,False,False,False,False,False,False,False,False,False,False,True
Model X,2025,119926.96,80.9,277.0,248.9,4.98,177.0,912.0,883.0,5,77.4,1826.0,4,2,137895,4.12,5,3.4239802224969096,432.9493140794224,0.4994523548740416,0.4835706462212486,0.04430449069003286,1,False,False,False,False,False,False,True,False,False,False,False,True,True,False,False,False,False,False,False,False,False,False,False,False,False,False,False,False,False,True,False,False,False,False,True,False,False,False
Max,2022,59138.53,43.2,160.0,81.3,7.03,141.0,665.0,586.0,7,19.9,1666.0,4,2,241442,3.15,4,3.7037037037037033,369.6158125,0.39915966386554624,0.3517406962785114,0.025930372148859546,4,True,False,False,False,True,False,False,False,False,False,False,False,False,True,False,False,True,False,False,False,False,False,False,False,False,False,False,False,False,False,False,False,False,False,False,False,False,True
ID.3,2025,73427.05,43.7,150.0,145.8,5.35,164.0,778.0,730.0,7,20.9,1532.0,4,0,258880,3.26,4,3.432494279176201,489.51366666666667,0.5078328981723238,0.4765013054830287,0.028524804177545694,1,False,False,True,False,False,False,False,True,False,False,False,False,False,False,True,False,False,False,False,False,False,False,False,False,False,False,False,False,False,False,False,True,False,False,False,False,False,False
ID.4,2021,105115.96,73.1,242.0,57.4,7.41,143.0,1000.0,918.0,5,76.9,2408.0,4,1,297514,3.44,5,3.3105335157318745,434.3634710743802,0.4152823920265781,0.3812292358803987,0.030357142857142853,5,False,True,False,False,False,True,False,True,False,False,False,False,True,False,False,False,False,False,False,False,False,False,False,False,False,False,False,False,False,False,False,True,False,False,False,False,True,False
Bolt EV,2024,54375.97,88.9,299.0,200.1,2.85,200.0,612.0,507.0,7,31.1,1654.0,5,0,24792,3.55,3,3.3633295838020247,181.8594314381271,0.37001209189842804,0.30652962515114873,0.05374848851269649,2,False,False,False,False,True,False,False,False,False,False,False,True,False,True,False,False,False,False,False,True,False,False,False,False,False,False,False,False,False,False,False,False,False,False,False,True,False,False
ID. Aero,2025,61721.97,88.9,293.0,121.0,4.49,174.0,611.0,538.0,5,38.9,2029.0,4,1,292808,3.65,3,3.295838020247469,210.6551877133106,0.3011335633316905,0.26515524889107933,0.04381468703794973,1,True,False,False,True,False,False,False,True,False,False,False,False,False,True,False,False,False,False,False,False,False,False,False,False,False,False,False,False,False,False,False,True,False,False,True,False,False,False
ID.4,2025,70848.39,47.9,178.0,115.1,6.3,160.0,723.0,644.0,7,21.5,1500.0,4,1,282558,3.33,4,3.7160751565762005,398.0246629213483,0.482,0.42933333333333334,0.031933333333333334,1,True,False,True,False,False,False,False,True,False,False,False,False,False,False,True,False,False,False,False,False,False,False,False,False,False,False,False,False,False,False,False,True,False,False,False,False,False,False
Seagull,2024,51370.62,105.7,403.0,99.6,4.91,177.0,534.0,505.0,7,28.1,1598.0,5,1,177642,3.76,4,3.8126773888363292,127.47052109181142,0.3341677096370463,0.3160200250312891,0.06614518147684606,2,False,False,False,False,False,False,False,False,False,False,False,False,False,True,False,False,True,False,False,False,False,False,False,False,False,False,False,False,False,False,False,False,False,False,True,False,False,False
ID.5,2021,44741.31,93.3,312.0,57.6,4.33,186.0,326.0,304.0,7,24.9,1689.0,5,2,254746,3.41,4,3.3440514469453375,143.4016346153846,0.19301361752516283,0.17998815867377146,0.05523978685612788,5,False,False,False,False,True,False,False,True,False,False,False,False,False,True,False,False,False,False,False,False,False,False,False,False,False,False,False,False,False,False,False,True,False,False,True,False,False,False
Qin,2021,25493.2,79.0,290.0,50.3,6.89,147.0,244.0,200.0,5,59.6,1716.0,4,0,203716,3.59,3,3.670886075949367,87.90758620689655,0.14219114219114218,0.11655011655011654,0.04603729603729604,5,False,True,False,True,False,False,False,False,False,False,False,False,False,False,False,False,True,False,False,False,False,False,False,False,False,False,False,False,False,False,False,False,False,False,False,False,False,False
Model Y,2025,139788.5,103.7,335.0,289.7,5.62,164.0,990.0,941.0,5,36.9,1711.0,4,2,402120,3.78,5,3.2304725168756026,417.27910447761195,0.5786090005844535,0.5499707773232028,0.06060783167738165,1,True,False,False,False,False,False,False,False,False,False,False,True,True,False,False,False,False,False,False,False,False,False,False,False,False,False,False,False,False,True,False,False,False,False,True,False,False,False
EV6,2020,29338.85,40.5,157.0,85.7,6.13,165.0,185.0,200.0,5,68.7,2266.0,4,1,61921,3.18,3,3.876543209876543,186.8716560509554,0.08164165931156223,0.088261253309797,0.01787290379523389,6,True,False,False,True,False,False,False,False,False,True,False,False,False,False,False,False,False,False,False,False,False,False,True,False,False,False,False,False,False,False,False,False,False,False,False,False,False,True
iX,2024,73854.83,96.9,322.0,135.2,4.66,181.0,435.0,336.0,5,24.9,1829.0,5,2,33084,3.64,8,3.3230134158926727,229.36282608695652,0.2378348824494259,0.18370694368507381,0.0529797703663204,2,True,False,True,False,False,False,False,True,False,False,False,False,False,False,True,True,False,False,False,False,False,False,False,False,False,False,False,False,False,False,False,False,False,False,True,False,False,False
i3,2025,108403.17,84.9,286.0,52.2,5.55,165.0,939.0,836.0,7,72.3,2516.0,5,2,60610,3.5,8,3.3686690223792697,379.0320629370629,0.3732114467408585,0.3322734499205087,0.03374403815580286,1,False,False,False,False,False,True,False,True,False,False,False,False,True,False,False,True,False,False,False,False,False,False,False,False,False,False,False,False,False,False,False,False,False,False,False,False,True,False
Kona Electric,2024,50241.81,101.5,340.0,152.7,3.86,193.0,556.0,549.0,5,41.1,2084.0,5,0,106270,3.67,3,3.3497536945812807,147.7700294117647,0.2667946257197697,0.2634357005758157,0.04870441458733205,2,False,True,False,True,False,False,False,False,False,True,False,False,False,True,False,False,False,False,False,False,False,True,False,False,False,False,False,False,False,False,False,False,False,False,False,True,False,False
ID. Aero,2023,107650.74,66.0,238.0,70.6,5.43,169.0,1000.0,931.0,5,31.9,1500.0,4,1,215531,3.43,4,3.606060606060606,452.3140336134454,0.6666666666666666,0.6206666666666667,0.044,3,False,False,True,False,False,False,False,True,False,False,False,False,True,False,False,False,False,False,False,False,False,False,False,False,False,False,False,False,False,False,False,True,False,False,False,False,True,False
GLE EV,2026,89516.61,78.7,296.0,115.6,4.23,185.0,381.0,309.0,5,62.0,1692.0,4,1,50182,4.07,5,3.761118170266836,302.4209797297297,0.225177304964539,0.18262411347517732,0.0465130023640662,0,True,False,False,False,False,False,True,True,False,False,False,False,False,False,True,False,False,False,False,False,False,False,False,False,True,False,False,False,False,False,False,False,False,False,True,False,False,False
Ioniq 6,2024,106647.79,98.5,363.0,152.4,2.76,200.0,1000.0,921.0,7,36.4,1549.0,5,1,149654,3.94,5,3.685279187817259,293.795564738292,0.6455777921239509,0.5945771465461588,0.06358941252420917,2,False,False,False,False,False,False,False,False,False,True,False,False,True,False,False,False,False,False,False,False,False,True,False,False,False,False,False,False,False,False,False,False,False,False,False,True,False,False
Ioniq,2023,85387.82,78.5,251.0,130.4,5.18,178.0,1000.0,899.0,5,26.9,1500.0,4,2,131774,3.48,3,3.1974522292993632,340.1905179282869,0.6666666666666666,0.5993333333333334,0.052333333333333336,3,False,False,False,False,True,False,False,False,False,True,False,False,False,False,True,False,False,False,False,False,False,True,False,False,False,False,False,False,False,False,False,False,False,False,True,False,False,False
Model S,2023,84622.11,73.7,264.0,297.0,7.3,143.0,599.0,590.0,5,44.8,1922.0,4,2,193331,3.64,5,3.5820895522388057,320.53829545454545,0.31165452653485953,0.30697190426638915,0.03834547346514048,3,False,False,False,True,False,False,False,False,False,False,False,True,False,False,True,False,False,False,False,False,False,False,False,False,False,False,False,False,False,True,False,False,False,False,False,False,True,False
Atto 3,2025,28903.55,96.2,330.0,61.7,4.73,180.0,255.0,210.0,5,34.4,1559.0,4,1,225650,3.6,3,3.4303534303534304,87.58651515151514,0.163566388710712,0.13470173187940987,0.06170622193713919,1,False,False,True,False,False,False,False,False,False,False,False,False,False,False,False,False,True,False,False,False,False,False,False,False,False,False,False,False,False,False,False,False,False,False,True,False,False,False
ID. Buzz,2025,88650.96,83.9,297.0,85.7,6.87,146.0,1000.0,880.0,7,32.2,1768.0,4,0,243258,3.56,5,3.539928486293206,298.48808080808084,0.5656108597285068,0.497737556561086,0.047454751131221724,1,False,True,False,False,True,False,False,True,False,False,False,False,False,False,True,False,False,False,False,False,False,False,False,False,False,False,False,False,False,False,False,True,False,False,False,False,True,False
ID.4,2024,69709.16,99.7,349.0,60.9,4.74,184.0,662.0,636.0,5,61.1,2597.0,5,0,273314,3.79,4,3.5005015045135406,199.73971346704872,0.254909510974201,0.24489795918367346,0.038390450519830574,2,False,False,False,False,False,True,False,True,False,False,False,False,False,False,True,False,False,False,False,False,False,False,False,False,False,False,False,False,False,False,False,True,False,False,True,False,False,False
EV6,2023,68881.26,85.2,297.0,97.4,4.6,172.0,787.0,717.0,5,36.4,1755.0,4,0,85490,3.48,4,3.4859154929577465,231.92343434343434,0.44843304843304843,0.40854700854700854,0.048547008547008545,3,False,False,False,True,False,False,False,False,False,True,False,False,False,False,True,False,False,False,False,False,False,False,True,False,False,False,False,False,False,False,False,False,False,False,True,False,False,False
Ioniq 5,2026,46435.85,100.4,359.0,204.9,3.97,189.0,429.0,426.0,7,52.7,2075.0,4,0,73520,3.68,4,3.5756972111553784,129.34777158774372,0.20674698795180724,0.2053012048192771,0.0483855421686747,0,False,True,False,True,False,False,False,False,False,True,False,False,False,True,False,False,False,False,False,False,False,True,False,False,False,False,False,False,False,False,False,False,False,False,False,True,False,False
Niro EV,2023,53627.18,75.2,266.0,132.8,6.62,154.0,573.0,518.0,5,16.6,1500.0,3,0,65815,3.66,4,3.5372340425531914,201.60593984962406,0.382,0.3453333333333333,0.050133333333333335,3,True,False,False,False,True,False,False,False,False,True,False,False,False,True,False,False,False,False,False,False,False,False,True,False,False,False,False,False,False,False,False,False,False,False,False,False,False,False
Explorer EV,2025,31999.38,73.5,219.0,63.0,6.24,163.0,192.0,210.0,5,74.2,2364.0,4,1,25220,3.43,4,2.979591836734694,146.1158904109589,0.08121827411167512,0.08883248730964467,0.031091370558375634,1,False,False,False,False,False,True,False,False,False,False,False,True,False,False,False,False,False,False,True,False,False,False,False,False,False,False,False,False,False,False,False,False,False,False,False,False,False,False
E-Transit,2025,97440.5,95.0,331.0,63.3,5.16,173.0,1000.0,897.0,5,18.1,1680.0,4,1,26936,3.72,4,3.4842105263157896,294.3821752265861,0.5952380952380952,0.5339285714285714,0.05654761904761905,1,False,True,False,False,False,False,False,False,False,False,False,True,False,False,True,False,False,False,True,False,False,False,False,False,False,False,False,False,False,False,False,False,False,False,True,False,False,False
Equinox EV,2022,33771.62,73.4,250.0,77.5,5.72,157.0,262.0,240.0,5,64.0,2124.0,4,0,22698,3.33,4,3.4059945504087192,135.08648000000002,0.12335216572504708,0.11299435028248588,0.03455743879472693,4,False,True,False,True,False,False,False,False,False,False,False,True,False,False,False,False,False,False,False,True,False,False,False,False,False,False,False,False,False,False,False,False,False,False,False,False,False,False
bZ Compact SUV,2023,79916.17,85.7,295.0,79.3,4.43,176.0,1000.0,898.0,5,44.3,2030.0,4,1,29619,3.47,3,3.442240373395566,270.90227118644066,0.49261083743842365,0.44236453201970444,0.04221674876847291,3,True,False,False,True,False,False,False,False,True,False,False,False,False,False,True,False,False,False,False,False,False,False,False,False,False,False,False,False,False,False,True,False,False,False,True,False,False,False
Model X,2025,133807.8,41.7,150.0,336.7,5.38,161.0,994.0,865.0,7,52.9,2540.0,4,2,225294,3.41,5,3.597122302158273,892.0519999999999,0.39133858267716537,0.3405511811023622,0.01641732283464567,1,False,False,False,False,False,True,False,False,False,False,False,True,True,False,False,False,False,False,False,False,False,False,False,False,False,False,False,False,False,True,False,False,False,False,False,False,True,False
Model S,2025,43022.88,101.7,396.0,299.8,5.0,178.0,286.0,363.0,7,37.5,1723.0,5,2,177801,4.2,6,3.893805309734513,108.64363636363636,0.16598955310504934,0.2106790481717934,0.05902495647127104,1,True,False,False,False,False,False,False,False,False,False,False,True,False,True,False,False,False,False,False,False,False,False,False,False,False,False,False,False,False,True,False,False,False,False,True,False,False,False
Model X,2026,88927.83,60.1,213.0,331.3,7.27,143.0,671.0,574.0,5,56.9,1899.0,4,3,116766,3.76,4,3.5440931780366056,417.5015492957747,0.35334386519220645,0.3022643496577146,0.03164823591363876,0,False,False,False,True,False,False,False,False,False,False,False,True,False,False,True,False,False,False,False,False,False,False,False,False,False,False,False,False,False,True,False,False,False,False,False,False,True,False
i5,2025,119539.21,109.1,391.0,54.4,4.24,183.0,1000.0,900.0,5,38.6,1669.0,3,2,49676,3.74,6,3.5838680109990837,305.7268797953964,0.5991611743559018,0.5392450569203115,0.06536848412222887,1,False,True,False,False,True,False,False,True,False,False,False,False,True,False,False,True,False,False,False,False,False,False,False,False,False,False,False,False,False,False,False,False,False,False,True,False,False,False
e-tron,2025,71446.39,60.1,202.0,146.6,6.43,150.0,451.0,409.0,5,19.1,1500.0,5,2,60589,3.47,5,3.361064891846922,353.695,0.3006666666666667,0.27266666666666667,0.04006666666666667,1,True,False,False,False,True,False,False,True,False,False,False,False,False,False,True,False,False,False,False,False,False,False,False,False,False,False,False,False,False,False,False,False,False,False,False,False,False,False
Max,2023,93434.88,89.1,321.0,249.5,2.9,200.0,1000.0,912.0,5,68.6,1500.0,5,0,220329,3.35,4,3.602693602693603,291.0743925233645,0.6666666666666666,0.608,0.059399999999999994,3,False,False,False,False,False,False,True,False,False,False,False,False,False,False,True,False,True,False,False,False,False,False,False,False,False,False,False,False,False,False,False,False,False,False,False,True,False,False
R2,2024,96777.2,98.9,341.0,130.2,4.47,179.0,1000.0,896.0,7,36.7,1807.0,5,0,20918,3.83,6,3.447927199191102,283.8041055718475,0.5534034311012729,0.4958494742667405,0.054731599335915884,2,True,False,True,False,False,False,False,False,False,False,False,True,False,False,True,False,False,False,False,False,False,False,False,False,False,False,False,False,True,False,False,False,False,False,True,False,False,False
Model 3,2024,142117.21,102.9,353.0,265.1,3.97,184.0,1000.0,906.0,5,39.7,1870.0,5,2,232616,3.85,4,3.4305150631681243,402.598328611898,0.5347593582887701,0.4844919786096257,0.05502673796791444,2,False,False,False,True,False,False,False,False,False,False,False,True,True,False,False,False,False,False,False,False,False,False,False,False,False,False,False,False,False,True,False,False,False,False,False,True,False,False
EL8,2024,119324.89,90.9,308.0,123.3,5.39,168.0,1000.0,871.0,5,63.8,2732.0,5,0,11219,3.72,5,3.388338833883388,387.41847402597404,0.36603221083455345,0.318814055636896,0.03327232796486091,2,True,False,False,False,False,True,False,False,False,False,False,False,True,False,False,False,False,False,False,False,False,False,False,False,False,True,False,False,False,False,False,False,False,False,True,False,False,False
Atto 3,2025,61646.7,48.1,150.0,66.9,6.74,145.0,651.0,520.0,7,74.4,2640.0,4,1,115977,3.16,4,3.1185031185031185,410.978,0.24659090909090908,0.19696969696969696,0.01821969696969697,1,False,False,False,False,False,True,False,False,False,False,False,False,False,True,False,False,True,False,False,False,False,False,False,False,False,False,False,False,False,False,False,False,False,False,False,False,False,False
Model 3,2025,112948.48,78.1,261.0,325.7,5.89,169.0,787.0,637.0,5,79.9,2409.0,5,2,130244,3.47,4,3.3418693982074266,432.7527969348659,0.3266915732669157,0.26442507264425075,0.032420091324200914,1,True,False,False,False,False,True,False,False,False,False,False,True,True,False,False,False,False,False,False,False,False,False,False,False,False,False,False,False,False,True,False,False,False,False,True,False,False,False
Kona Electric,2025,91101.0,93.1,300.0,167.8,3.9,193.0,1000.0,880.0,7,70.1,1500.0,5,1,95350,3.54,4,3.22234156820623,303.67,0.6666666666666666,0.5866666666666667,0.062066666666666666,1,False,False,False,False,False,False,True,False,False,True,False,False,False,False,True,False,False,False,False,False,False,True,False,False,False,False,False,False,False,False,False,False,False,False,False,True,False,False
Qin,2022,30225.18,54.4,172.0,86.1,5.71,162.0,266.0,255.0,5,22.3,1704.0,4,0,237770,3.36,4,3.161764705882353,175.7277906976744,0.15610328638497653,0.14964788732394366,0.03192488262910798,4,False,True,False,False,False,False,False,False,False,False,False,False,False,False,False,False,True,False,False,False,False,False,False,False,False,False,False,False,False,False,False,False,False,False,False,False,False,False
Atto 3,2025,104231.93,79.6,254.0,106.6,4.19,186.0,1000.0,903.0,5,62.5,1649.0,4,2,190907,3.49,4,3.190954773869347,410.36192913385827,0.6064281382656155,0.5476046088538509,0.04827167980594299,1,True,False,False,False,False,False,True,False,False,False,False,False,True,False,False,False,True,False,False,False,False,False,False,False,False,False,False,False,False,False,False,False,False,False,True,False,False,False
Leaf 50X,2024,45940.66,72.5,255.0,76.4,5.42,176.0,484.0,435.0,5,76.0,2531.0,5,2,114800,3.48,3,3.5172413793103448,180.15945098039217,0.19122876333465033,0.17186882655077046,0.028644804425128408,2,False,False,False,False,False,True,False,False,False,False,False,False,False,True,False,False,True,False,False,False,False,False,False,False,False,False,False,False,False,False,False,False,False,False,False,False,False,False
Mustang Mach-E,2025,68547.74,40.5,153.0,104.0,5.31,168.0,738.0,635.0,5,22.0,1696.0,5,1,25642,3.34,5,3.7777777777777777,448.0244444444445,0.43514150943396224,0.3744103773584906,0.023879716981132077,1,False,True,False,False,False,False,False,False,False,False,False,True,False,False,True,False,False,False,True,False,False,False,False,False,False,False,False,False,False,False,False,False,False,False,False,False,False,True
EV6,2025,46513.0,99.0,349.0,87.7,4.41,182.0,443.0,412.0,5,75.1,2677.0,4,2,124966,3.94,4,3.525252525252525,133.27507163323781,0.1654837504669406,0.153903623459096,0.03698169592827792,1,True,False,False,False,False,True,False,False,False,True,False,False,False,True,False,False,False,False,False,False,False,False,True,False,False,False,False,False,False,False,False,False,False,False,True,False,False,False
Max,2022,72612.58,73.4,257.0,112.5,7.56,142.0,793.0,668.0,7,64.3,1500.0,4,1,232843,3.32,4,3.5013623978201633,282.5392217898833,0.5286666666666666,0.44533333333333336,0.048933333333333336,4,True,False,False,False,False,False,True,False,False,False,False,False,False,False,True,False,True,False,False,False,False,False,False,False,False,False,False,False,False,False,False,False,False,False,False,False,False,True
Niro EV,2022,34817.25,56.3,207.0,107.7,5.43,173.0,236.0,242.0,7,56.4,2426.0,4,1,109878,3.27,4,3.676731793960924,168.19927536231884,0.09727947238252267,0.09975267930750206,0.02320692497938994,4,False,True,False,False,False,True,False,False,False,True,False,False,False,False,False,False,False,False,False,False,False,False,True,False,False,False,False,False,False,False,False,False,False,False,False,False,False,False
Bolt EV,2025,34507.25,66.4,230.0,125.8,6.28,167.0,291.0,200.0,7,64.6,2166.0,5,1,18832,3.2,4,3.4638554216867465,150.03152173913043,0.13434903047091412,0.09233610341643583,0.030655586334256697,1,False,True,False,False,False,True,False,False,False,False,False,True,False,False,False,False,False,False,False,True,False,False,False,False,False,False,False,False,False,False,False,False,False,False,False,False,False,False
Qin,2023,27057.77,108.5,385.0,77.2,5.89,162.0,295.0,278.0,5,31.5,1500.0,4,1,176350,3.6,4,3.5483870967741935,70.27992207792208,0.19666666666666666,0.18533333333333332,0.07233333333333333,3,False,False,False,False,True,False,False,False,False,False,False,False,False,False,False,False,True,False,False,False,False,False,False,False,False,False,False,False,False,False,False,False,False,False,True,False,False,False
ID.4,2020,48608.56,41.4,163.0,71.1,5.45,175.0,443.0,450.0,5,57.3,2188.0,5,1,221203,3.43,4,3.9371980676328504,298.2120245398773,0.20246800731261427,0.2056672760511883,0.018921389396709322,6,False,False,False,False,False,True,False,True,False,False,False,False,False,True,False,False,False,False,False,False,False,False,False,False,False,False,False,False,False,False,False,True,False,False,False,False,True,False
Model X,2025,30686.17,65.2,245.0,343.2,7.58,138.0,162.0,200.0,5,24.8,1533.0,5,2,248383,3.55,4,3.7576687116564416,125.24967346938774,0.10567514677103718,0.1304631441617743,0.04253098499673842,1,False,False,False,False,True,False,False,False,False,False,False,True,False,False,False,False,False,False,False,False,False,False,False,False,False,False,False,False,False,True,False,False,False,False,False,False,False,False
Cybertruck,2023,56003.28,108.7,392.0,231.2,3.88,192.0,391.0,330.0,5,60.0,2669.0,4,3,102435,4.04,4,3.606255749770009,142.86551020408163,0.1464968152866242,0.1236418134132634,0.04072686399400525,3,False,False,False,False,False,True,False,False,False,False,False,True,False,True,False,False,False,False,False,False,False,False,False,False,False,False,False,False,False,True,False,False,False,False,False,True,False,False
i3,2025,75699.03,67.4,240.0,129.0,5.37,172.0,482.0,447.0,5,19.9,1537.0,5,1,23009,3.46,6,3.560830860534124,315.412625,0.313597918022121,0.29082628497072216,0.04385165907612232,1,True,False,False,False,True,False,False,True,False,False,False,False,False,False,True,True,False,False,False,False,False,False,False,False,False,False,False,False,False,False,False,False,False,False,False,False,False,True
Model S,2025,102510.62,40.8,150.0,229.2,7.08,140.0,755.0,692.0,5,25.9,1648.0,4,2,206373,3.59,6,3.6764705882352944,683.4041333333333,0.45813106796116504,0.4199029126213592,0.024757281553398056,1,False,False,False,False,False,False,False,False,False,False,False,True,True,False,False,False,False,False,False,False,False,False,False,False,False,False,False,False,False,True,False,False,False,False,False,False,True,False
Ioniq,2022,39241.19,62.3,205.0,97.7,5.35,173.0,416.0,406.0,5,51.8,1948.0,5,0,50222,3.32,4,3.290529695024077,191.42043902439025,0.2135523613963039,0.20841889117043122,0.031981519507186855,4,True,False,False,True,False,False,False,False,False,True,False,False,False,True,False,False,False,False,False,False,False,True,False,False,False,False,False,False,False,False,False,False,False,False,False,False,False,True
Bolt EUV,2025,74596.82,94.2,323.0,59.2,5.24,178.0,1000.0,902.0,7,74.1,2456.0,4,0,14842,3.62,5,3.4288747346072186,230.94990712074306,0.40716612377850164,0.36726384364820847,0.038355048859934855,1,False,False,False,False,False,True,False,False,False,False,False,True,False,False,True,False,False,False,False,True,False,False,False,False,False,False,False,False,False,False,False,False,False,False,True,False,False,False
Model S,2024,62920.59,91.0,352.0,239.9,4.04,184.0,443.0,372.0,5,71.7,1500.0,4,2,248485,4.42,4,3.868131868131868,178.7516761363636,0.29533333333333334,0.248,0.06066666666666667,2,False,True,False,False,False,False,True,False,False,False,False,True,False,True,False,False,False,False,False,False,False,False,False,False,False,False,False,False,False,True,False,False,False,False,False,True,False,False
EV9,2023,62846.87,96.2,339.0,123.1,4.69,186.0,698.0,598.0,7,47.0,1905.0,5,0,73090,3.76,4,3.5239085239085237,185.3889970501475,0.36640419947506564,0.31391076115485567,0.050498687664041995,3,True,False,False,True,False,False,False,False,False,True,False,False,False,True,False,False,False,False,False,False,False,False,True,False,False,False,False,False,False,False,False,False,False,False,True,False,False,False
Yuan Plus,2023,44973.03,70.2,272.0,98.7,6.41,156.0,493.0,472.0,5,36.3,2102.0,4,1,163237,3.63,4,3.8746438746438745,165.34202205882352,0.23453853472882968,0.22454804947668885,0.03339676498572788,3,False,True,True,False,False,False,False,False,False,False,False,False,False,True,False,False,True,False,False,False,False,False,False,False,False,False,False,False,False,False,False,False,False,False,False,False,True,False
bZ Compact SUV,2026,86892.09,84.1,298.0,115.8,4.23,186.0,1000.0,879.0,7,44.6,1924.0,4,1,27998,3.62,4,3.5434007134363856,291.58419463087245,0.5197505197505198,0.45686070686070684,0.043711018711018707,0,True,False,False,True,False,False,False,False,True,False,False,False,False,False,True,False,False,False,False,False,False,False,False,False,False,False,False,False,False,False,True,False,False,False,True,False,False,False
Ioniq 6,2022,56768.4,117.3,400.0,156.7,3.2,200.0,588.0,539.0,5,29.7,1611.0,5,1,141874,4.18,4,3.4100596760443307,141.921,0.3649906890130354,0.3345747982619491,0.0728119180633147,4,False,True,False,False,False,False,False,False,False,True,False,False,False,True,False,False,False,False,False,False,False,True,False,False,False,False,False,False,False,False,False,False,False,False,False,True,False,False
Explorer EV,2022,86649.72,78.8,301.0,125.0,5.18,175.0,1000.0,889.0,5,74.4,2525.0,5,2,45060,3.95,4,3.8197969543147208,287.8728239202658,0.39603960396039606,0.35207920792079206,0.031207920792079208,4,False,True,False,False,False,True,False,False,False,False,False,True,False,False,True,False,False,False,True,False,False,False,False,False,False,False,False,False,False,False,False,False,False,False,True,False,False,False
Picanto EV,2023,84710.91,95.4,364.0,187.7,4.06,192.0,1000.0,925.0,7,29.6,1715.0,4,0,109134,3.67,4,3.8155136268343814,232.72228021978023,0.5830903790087464,0.5393586005830904,0.055626822157434405,3,False,False,False,False,True,False,False,False,False,True,False,False,False,False,True,False,False,False,False,False,False,False,True,False,False,False,False,False,False,False,False,False,False,False,False,True,False,False
Model S,2025,93767.76,58.4,202.0,247.1,7.71,133.0,685.0,615.0,5,38.9,1585.0,4,2,129076,3.36,4,3.4589041095890414,464.1968316831683,0.43217665615141954,0.38801261829652994,0.036845425867507886,1,True,False,False,False,True,False,False,False,False,False,False,True,False,False,True,False,False,False,False,False,False,False,False,False,False,False,False,False,False,True,False,False,False,False,False,False,False,False
iX,2025,133858.15,74.7,287.0,88.7,5.3,169.0,1000.0,890.0,5,50.4,2012.0,5,1,27376,3.39,8,3.8420348058902274,466.4047038327526,0.4970178926441352,0.4423459244532803,0.0371272365805169,1,False,False,False,True,False,False,False,True,False,False,False,False,True,False,False,True,False,False,False,False,False,False,False,False,False,False,False,False,False,False,False,False,False,False,False,False,True,False
bZ4X,2026,73010.4,55.3,213.0,72.3,6.41,152.0,910.0,807.0,5,17.1,1595.0,4,0,9198,3.03,4,3.851717902350814,342.77183098591547,0.5705329153605015,0.5059561128526646,0.03467084639498432,0,False,False,False,False,True,False,False,False,True,False,False,False,False,False,True,False,False,False,False,False,False,False,False,False,False,False,False,False,False,False,True,False,False,False,False,False,True,False
Picanto EV,2026,53569.81,105.4,370.0,145.4,5.36,168.0,550.0,484.0,7,23.4,1883.0,5,1,112650,3.77,4,3.510436432637571,144.78327027027026,0.2920870950610728,0.257036643653744,0.055974508762612854,0,True,False,False,False,False,False,False,False,False,True,False,False,False,True,False,False,False,False,False,False,False,False,True,False,False,False,False,False,False,False,False,False,False,False,True,False,False,False
Mustang Mach-E,2023,61247.58,43.0,150.0,103.3,6.46,145.0,643.0,633.0,5,34.0,1664.0,4,0,76286,3.13,5,3.488372093023256,408.3172,0.3864182692307692,0.38040865384615385,0.025841346153846152,3,False,True,True,False,False,False,False,False,False,False,False,True,False,True,False,False,False,False,True,False,False,False,False,False,False,False,False,False,False,False,False,False,False,False,False,False,False,True
Q4 e-tron,2024,130055.6,60.1,232.0,124.6,5.56,169.0,1000.0,860.0,5,29.1,1715.0,4,1,44054,3.23,7,3.8602329450915143,560.5844827586208,0.5830903790087464,0.5014577259475219,0.03504373177842566,2,False,False,False,False,True,False,False,True,False,False,False,False,True,False,False,False,False,False,False,False,False,False,False,False,False,False,False,False,False,False,False,False,False,False,False,False,True,False
Qin,2022,39142.51,67.4,236.0,120.8,6.39,159.0,376.0,323.0,7,20.6,1500.0,3,0,143146,3.46,3,3.501483679525222,165.858093220339,0.25066666666666665,0.21533333333333332,0.04493333333333334,4,True,False,True,False,False,False,False,False,False,False,False,False,False,True,False,False,True,False,False,False,False,False,False,False,False,False,False,False,False,False,False,False,False,False,False,False,True,False
Max,2023,26581.17,76.3,257.0,72.0,7.24,143.0,211.0,200.0,5,35.9,1699.0,5,0,206659,3.36,4,3.3682830930537353,103.42867704280155,0.12419070041200707,0.11771630370806356,0.04490876986462625,3,False,True,False,True,False,False,False,False,False,False,False,False,False,False,False,False,True,False,False,False,False,False,False,False,False,False,False,False,False,False,False,False,False,False,False,False,False,True
Sportage EV,2023,92527.86,110.6,404.0,196.5,2.7,200.0,1000.0,936.0,7,54.6,2003.0,4,0,118664,3.6,4,3.6528028933092225,229.02935643564356,0.49925112331502747,0.4672990514228657,0.05521717423864204,3,False,True,False,True,False,False,False,False,False,True,False,False,False,False,True,False,False,False,False,False,False,False,True,False,False,False,False,False,False,False,False,False,False,False,False,True,False,False
ID. Aero,2022,73265.41,102.2,363.0,88.3,4.82,187.0,722.0,624.0,5,50.8,2433.0,3,1,255210,3.55,4,3.551859099804305,201.83308539944903,0.29675297986025484,0.2564734895191122,0.04200575421290588,4,True,False,False,False,False,True,False,True,False,False,False,False,False,False,True,False,False,False,False,False,False,False,False,False,False,False,False,False,False,False,False,True,False,False,True,False,False,False
EQS,2022,178840.11,102.1,380.0,97.5,4.62,182.0,1000.0,855.0,5,52.1,2548.0,5,1,49341,4.26,6,3.721841332027424,470.6318684210526,0.3924646781789639,0.33555729984301413,0.04007064364207221,4,False,False,False,False,False,True,False,True,False,False,False,False,True,False,False,False,False,False,False,False,False,False,False,False,True,False,False,False,False,False,False,False,False,False,True,False,False,False
Q6 e-tron,2024,55700.85,69.1,229.0,110.1,5.42,173.0,224.0,200.0,5,54.8,2094.0,4,1,52734,3.21,8,3.3140376266280756,243.23515283842795,0.1069723018147087,0.09551098376313276,0.032999044890162366,2,False,True,False,True,False,False,False,True,False,False,False,False,False,True,False,False,False,False,False,False,False,False,False,False,False,False,False,False,False,False,False,False,False,False,False,False,False,True
Dolphin,2024,75079.65,88.3,299.0,135.6,5.98,157.0,836.0,754.0,7,20.8,1791.0,3,2,149633,3.65,5,3.3861834654586636,251.102508361204,0.4667783361250698,0.42099385817978785,0.049302065884980456,2,True,False,False,False,True,False,False,False,False,False,False,False,False,False,True,False,True,False,False,False,False,False,False,False,False,False,False,False,False,False,False,False,False,False,True,False,False,False
Qin,2022,46766.53,44.5,150.0,53.5,6.3,162.0,484.0,431.0,5,24.2,1500.0,3,1,150601,3.18,4,3.3707865168539324,311.77686666666665,0.32266666666666666,0.28733333333333333,0.029666666666666668,4,False,False,False,False,True,False,False,False,False,False,False,False,False,True,False,False,True,False,False,False,False,False,False,False,False,False,False,False,False,False,False,False,False,False,False,False,False,False
Mustang Mach-E,2026,43574.22,67.2,237.0,107.9,5.55,159.0,376.0,361.0,5,46.9,1834.0,5,2,55997,3.06,5,3.526785714285714,183.85746835443038,0.2050163576881134,0.19683751363140675,0.0366412213740458,0,False,True,False,True,False,False,False,False,False,False,False,True,False,True,False,False,False,False,True,False,False,False,False,False,False,False,False,False,False,False,False,False,False,False,False,False,False,False
Leaf 50X,2025,71227.02,54.5,216.0,96.7,5.05,174.0,851.0,788.0,5,18.6,1500.0,4,0,114165,3.2,3,3.963302752293578,329.75472222222226,0.5673333333333334,0.5253333333333333,0.036333333333333336,1,False,True,False,False,True,False,False,False,False,False,False,False,False,False,True,False,True,False,False,False,False,False,False,False,False,False,False,False,False,False,False,False,False,False,False,False,True,False
EQS,2024,126359.58,40.6,150.0,112.6,7.47,135.0,711.0,582.0,5,34.7,1760.0,5,1,31657,3.57,6,3.694581280788177,842.3972,0.40397727272727274,0.3306818181818182,0.023068181818181818,2,False,False,False,False,False,False,False,True,False,False,False,False,True,False,False,False,False,False,False,False,False,False,False,False,True,False,False,False,False,False,False,False,False,False,False,False,False,False
ID. Buzz,2021,35869.49,82.6,267.0,132.5,5.38,165.0,224.0,235.0,5,58.6,2542.0,3,0,202031,3.79,3,3.232445520581114,134.34265917602997,0.08811959087332809,0.0924468922108576,0.03249409913453973,5,True,False,False,False,False,True,False,True,False,False,False,False,False,True,False,False,False,False,False,False,False,False,False,False,False,False,False,False,False,False,False,True,False,False,True,False,False,False
i4,2025,84568.67,83.7,285.0,96.2,6.92,143.0,627.0,638.0,7,31.5,1500.0,4,1,62828,3.51,5,3.4050179211469533,296.73217543859647,0.418,0.42533333333333334,0.0558,1,False,True,False,False,True,False,False,True,False,False,False,False,False,False,True,True,False,False,False,False,False,False,False,False,False,False,False,False,False,False,False,False,False,False,False,False,False,True
Model Y,2023,106611.48,81.1,298.0,228.0,6.34,153.0,834.0,823.0,5,21.0,1582.0,5,2,481578,4.09,4,3.6744759556103577,357.756644295302,0.527180783817952,0.5202275600505689,0.05126422250316055,3,False,True,True,False,False,False,False,False,False,False,False,True,True,False,False,False,False,False,False,False,False,False,False,False,False,False,False,False,False,True,False,False,False,False,False,False,False,False
i4,2024,82827.92,98.2,348.0,182.7,4.06,195.0,550.0,495.0,5,35.2,1572.0,4,1,59167,3.9,6,3.5437881873727086,238.0112643678161,0.34987277353689566,0.3148854961832061,0.06246819338422392,2,False,False,True,False,False,False,False,True,False,False,False,False,False,False,True,True,False,False,False,False,False,False,False,False,False,False,False,False,False,False,False,False,False,False,False,True,False,False
ID.3,2024,38832.16,66.3,221.0,134.4,7.31,145.0,247.0,221.0,7,68.7,1808.0,5,2,256517,3.43,3,3.3333333333333335,175.71113122171948,0.13661504424778761,0.12223451327433628,0.03667035398230088,2,False,True,False,True,False,False,False,True,False,False,False,False,False,True,False,False,False,False,False,False,False,False,False,False,False,False,False,False,False,False,False,True,False,False,False,False,False,True
Niro EV,2025,52082.5,92.9,337.0,235.5,3.28,200.0,501.0,445.0,5,33.7,1630.0,5,0,99623,3.84,4,3.6275565123789018,154.5474777448071,0.30736196319018405,0.27300613496932513,0.05699386503067485,1,False,True,True,False,False,False,False,False,False,True,False,False,False,True,False,False,False,False,False,False,False,False,True,False,False,False,False,False,False,False,False,False,False,False,False,True,False,False
Cybertruck,2024,125176.94,68.4,258.0,217.3,6.57,154.0,910.0,830.0,7,56.6,2263.0,5,2,162760,3.82,5,3.7719298245614032,485.18193798449613,0.4021210782147592,0.3667697746354397,0.030225364560318164,2,False,False,False,False,False,True,False,False,False,False,False,True,True,False,False,False,False,False,False,False,False,False,False,False,False,False,False,False,False,True,False,False,False,False,False,False,False,True
Blazer EV,2024,46760.47,102.4,343.0,59.7,4.0,195.0,478.0,443.0,5,32.2,1592.0,4,0,22048,3.73,4,3.349609375,136.32790087463556,0.30025125628140703,0.27826633165829145,0.06432160804020101,2,False,False,False,False,False,False,False,False,False,False,False,True,False,True,False,False,False,False,False,True,False,False,False,False,False,False,False,False,False,False,False,False,False,False,True,False,False,False
GLE EV,2024,134953.72,64.8,248.0,76.7,5.51,167.0,801.0,766.0,7,61.4,1736.0,5,1,76804,3.93,6,3.8271604938271606,544.1682258064516,0.46140552995391704,0.4412442396313364,0.03732718894009216,2,False,True,False,False,False,False,True,True,False,False,False,False,True,False,False,False,False,False,False,False,False,False,False,False,True,False,False,False,False,False,False,False,False,False,False,False,True,False
Qin,2023,33832.39,82.8,276.0,148.1,7.96,128.0,343.0,302.0,7,67.7,1930.0,4,0,177176,3.68,4,3.3333333333333335,122.5811231884058,0.17772020725388601,0.15647668393782382,0.04290155440414507,3,False,False,False,True,False,False,False,False,False,False,False,False,False,False,False,False,True,False,False,False,False,False,False,False,False,False,False,False,False,False,False,False,False,False,False,False,True,False
Model S,2021,143043.08,60.0,222.0,229.1,6.27,153.0,1000.0,781.0,5,41.9,2265.0,5,2,139115,3.55,5,3.7,644.3381981981981,0.44150110375275936,0.3448123620309051,0.026490066225165563,5,True,False,False,True,False,False,False,False,False,False,False,True,True,False,False,False,False,False,False,False,False,False,False,False,False,False,False,False,False,True,False,False,False,False,False,False,True,False
Model X,2021,66814.08,57.8,194.0,347.5,7.17,136.0,493.0,397.0,7,79.2,2428.0,4,2,228985,3.76,6,3.3564013840830453,344.40247422680415,0.2030477759472817,0.16350906095551895,0.023805601317957167,5,False,False,False,False,False,True,False,False,False,False,False,True,False,False,True,False,False,False,False,False,False,False,False,False,False,False,False,False,False,True,False,False,False,False,False,False,False,False
iX,2025,135695.35,105.1,363.0,94.7,4.24,192.0,1000.0,868.0,5,33.8,1687.0,4,2,36974,3.78,6,3.453853472882969,373.81639118457304,0.5927682276229994,0.5145228215767634,0.06229994072317723,1,False,False,True,False,False,False,False,True,False,False,False,False,True,False,False,True,False,False,False,False,False,False,False,False,False,False,False,False,False,False,False,False,False,False,True,False,False,False
Niro EV,2025,65977.95,56.0,198.0,88.6,7.95,130.0,810.0,733.0,7,15.8,1625.0,4,0,91348,3.44,5,3.5357142857142856,333.22196969696967,0.49846153846153846,0.4510769230769231,0.03446153846153846,1,False,True,False,False,False,False,False,False,False,True,False,False,False,False,True,False,False,False,False,False,False,False,True,False,False,False,False,False,False,False,False,False,False,False,False,False,True,False
EV6,2026,95775.65,51.6,194.0,149.5,5.63,155.0,1000.0,870.0,7,77.7,1877.0,5,1,81075,3.4,4,3.75968992248062,493.68891752577315,0.5327650506126798,0.46350559403303143,0.02749067661161428,0,False,True,False,False,False,False,True,False,False,True,False,False,False,False,True,False,False,False,False,False,False,False,True,False,False,False,False,False,False,False,False,False,False,False,False,False,True,False
Qin,2026,79542.78,81.1,295.0,110.9,7.2,137.0,912.0,788.0,7,71.2,1565.0,5,1,153987,3.28,5,3.6374845869297165,269.63654237288137,0.5827476038338658,0.5035143769968051,0.05182108626198083,0,False,False,False,False,False,False,True,False,False,False,False,False,False,False,True,False,True,False,False,False,False,False,False,False,False,False,False,False,False,False,False,False,False,False,False,False,True,False
ID.3,2023,92433.28,70.1,250.0,74.9,5.51,162.0,1000.0,906.0,5,17.8,1765.0,4,2,212147,3.39,3,3.566333808844508,369.73312,0.56657223796034,0.513314447592068,0.03971671388101983,3,False,False,False,False,False,False,False,True,False,False,False,False,False,False,True,False,False,False,False,False,False,False,False,False,False,False,False,False,False,False,False,True,False,False,False,False,True,False
Niro EV,2024,56059.51,98.0,327.0,74.8,5.86,163.0,599.0,511.0,5,20.6,1542.0,5,1,117679,3.63,5,3.336734693877551,171.43581039755352,0.38845654993514916,0.33138780804150453,0.06355382619974059,2,False,True,False,False,False,False,False,False,False,True,False,False,False,True,False,False,False,False,False,False,False,False,True,False,False,False,False,False,False,False,False,False,False,False,True,False,False,False
Ioniq 5,2024,60016.36,71.0,273.0,53.0,5.77,164.0,706.0,655.0,5,31.0,1925.0,5,0,80671,3.31,3,3.8450704225352115,219.84014652014653,0.3667532467532468,0.34025974025974026,0.036883116883116886,2,False,False,False,False,False,False,False,False,False,True,False,False,False,True,False,False,False,False,False,False,False,True,False,False,False,False,False,False,False,False,False,False,False,False,False,False,False,True
Macan Electric,2024,184202.43,79.3,290.0,299.2,5.84,154.0,1000.0,849.0,7,20.4,1714.0,5,1,14726,3.66,6,3.656998738965952,635.1807931034482,0.5834305717619603,0.4953325554259043,0.046266044340723456,2,False,False,False,False,False,False,False,True,False,False,False,False,True,False,False,False,False,False,False,False,False,False,False,False,False,False,False,True,False,False,False,False,False,False,False,False,True,False
Cybertruck,2022,57537.68,103.2,386.0,238.5,3.15,199.0,393.0,380.0,5,55.4,2484.0,5,3,194936,4.06,6,3.74031007751938,149.06134715025908,0.15821256038647344,0.1529790660225443,0.04154589371980676,4,True,False,False,False,False,True,False,False,False,False,False,True,False,True,False,False,False,False,False,False,False,False,False,False,False,False,False,False,False,True,False,False,False,False,False,True,False,False
Bolt EV,2021,47454.86,102.7,354.0,232.6,2.76,200.0,521.0,455.0,5,77.5,1612.0,4,0,7468,3.83,3,3.4469328140214217,134.0532768361582,0.3232009925558313,0.28225806451612906,0.06370967741935483,5,True,False,False,False,False,False,True,False,False,False,False,True,False,True,False,False,False,False,False,True,False,False,False,False,False,False,False,False,False,False,False,False,False,False,False,True,False,False
ID.5,2024,52456.57,106.8,377.0,127.6,4.43,177.0,470.0,420.0,5,64.1,1885.0,4,0,214608,3.82,4,3.5299625468164795,139.14209549071617,0.2493368700265252,0.22281167108753316,0.056657824933687,2,False,True,False,True,False,False,False,True,False,False,False,False,False,True,False,False,False,False,False,False,False,False,False,False,False,False,False,False,False,False,False,True,False,False,True,False,False,False
ID.5,2022,27966.77,59.8,195.0,146.4,5.04,172.0,150.0,200.0,7,31.0,1750.0,5,1,258777,3.29,3,3.2608695652173916,143.41933333333333,0.08571428571428572,0.11428571428571428,0.03417142857142857,4,False,False,False,False,True,False,False,True,False,False,False,False,False,False,False,False,False,False,False,False,False,False,False,False,False,False,False,False,False,False,False,True,False,False,False,False,False,False
Equinox EV,2021,61755.21,79.1,270.0,148.6,5.83,165.0,846.0,793.0,5,47.3,2033.0,5,1,9557,3.66,3,3.413400758533502,228.72299999999998,0.4161337924249877,0.3900639449090015,0.03890801770782095,5,True,False,False,True,False,False,False,False,False,False,False,True,False,True,False,False,False,False,False,True,False,False,False,False,False,False,False,False,False,False,False,False,False,False,True,False,False,False
Bolt EUV,2025,36433.27,44.4,150.0,74.5,5.63,161.0,349.0,331.0,5,23.6,1500.0,5,0,27128,3.23,3,3.3783783783783785,242.88846666666666,0.23266666666666666,0.22066666666666668,0.029599999999999998,1,True,False,True,False,False,False,False,False,False,False,False,True,False,True,False,False,False,False,False,True,False,False,False,False,False,False,False,False,False,False,False,False,False,False,False,False,False,True
XC40 Recharge,2026,111533.26,116.5,422.0,153.5,2.98,200.0,1000.0,882.0,5,54.6,1917.0,4,1,29548,3.71,5,3.6223175965665235,264.29682464454976,0.5216484089723527,0.460093896713615,0.06077203964527908,0,False,False,False,True,False,False,False,False,False,False,True,False,True,False,False,False,False,False,False,False,False,False,False,False,False,False,False,False,False,False,False,False,True,False,False,True,False,False
Model S,2026,81673.28,69.3,252.0,299.0,6.12,153.0,595.0,529.0,5,69.8,2107.0,4,2,117880,3.75,6,3.6363636363636367,324.10031746031746,0.2823920265780731,0.2510678690080683,0.03289036544850498,0,False,False,False,True,False,False,False,False,False,False,False,True,False,False,True,False,False,False,False,False,False,False,False,False,False,False,False,False,False,True,False,False,False,False,False,False,False,True
Cybertruck,2026,55329.7,56.6,217.0,328.7,6.63,151.0,378.0,320.0,7,69.8,2635.0,4,2,211999,3.34,5,3.8339222614840986,254.97557603686636,0.14345351043643265,0.12144212523719165,0.021480075901328274,0,False,True,False,False,False,True,False,False,False,False,False,True,False,True,False,False,False,False,False,False,False,False,False,False,False,False,False,False,False,True,False,False,False,False,False,False,False,False
Equinox EV,2025,49790.46,91.9,322.0,83.7,4.58,180.0,538.0,549.0,5,67.4,2327.0,5,2,29595,3.76,4,3.503808487486398,154.62875776397516,0.23119896862913622,0.23592608508809626,0.03949290932531156,1,False,True,False,True,False,False,False,False,False,False,False,True,False,True,False,False,False,False,False,True,False,False,False,False,False,False,False,False,False,False,False,False,False,False,True,False,False,False
Niro EV,2024,82833.74,107.6,375.0,81.5,4.71,173.0,1000.0,897.0,5,70.0,2631.0,4,0,98307,3.67,5,3.485130111524164,220.88997333333336,0.38008361839604715,0.3409350057012543,0.04089699733941467,2,False,False,False,False,False,True,False,False,False,True,False,False,False,False,True,False,False,False,False,False,False,False,True,False,False,False,False,False,False,False,False,False,False,False,True,False,False,False
Dolphin,2024,104505.82,41.7,159.0,125.5,6.37,153.0,1000.0,919.0,5,19.9,1790.0,5,1,111020,3.1,4,3.8129496402877696,657.2693081761007,0.5586592178770949,0.5134078212290503,0.023296089385474863,2,True,False,True,False,False,False,False,False,False,False,False,False,True,False,False,False,True,False,False,False,False,False,False,False,False,False,False,False,False,False,False,False,False,False,False,False,True,False
Model Y,2022,45169.5,98.8,340.0,234.2,5.08,170.0,274.0,233.0,5,71.7,1563.0,4,2,416114,4.22,5,3.4412955465587047,132.8514705882353,0.17530390275111965,0.1490722968650032,0.06321177223288547,4,False,True,False,False,False,False,True,False,False,False,False,True,False,True,False,False,False,False,False,False,False,False,False,False,False,False,False,False,False,True,False,False,False,False,True,False,False,False
Model S,2025,135056.97,63.0,231.0,263.4,7.57,135.0,1000.0,916.0,7,36.8,2017.0,5,3,107596,3.88,5,3.6666666666666665,584.6622077922078,0.495785820525533,0.4541398116013882,0.031234506693108576,1,False,True,False,True,False,False,False,False,False,False,False,True,True,False,False,False,False,False,False,False,False,False,False,False,False,False,False,False,False,True,False,False,False,False,False,False,True,False
Q6 e-tron,2026,79000.66,102.5,355.0,167.1,2.94,200.0,441.0,398.0,7,34.9,1660.0,5,2,72672,4.03,7,3.4634146341463414,222.5370704225352,0.2656626506024096,0.2397590361445783,0.061746987951807226,0,False,False,False,False,False,False,False,True,False,False,False,False,False,False,True,False,False,False,False,False,False,False,False,False,False,False,False,False,False,False,False,False,False,False,False,True,False,False
Model 3,2025,50205.39,40.3,150.0,296.4,5.86,169.0,355.0,293.0,5,68.2,1641.0,3,3,169041,3.2,4,3.7220843672456576,334.7026,0.21633150517976843,0.1785496648385131,0.024558196221815966,1,True,False,False,False,False,False,True,False,False,False,False,True,False,True,False,False,False,False,False,False,False,False,False,False,False,False,False,False,False,True,False,False,False,False,False,False,False,False
Max,2025,24481.15,41.9,150.0,94.6,7.37,137.0,236.0,200.0,5,17.4,1500.0,3,1,176238,3.06,3,3.579952267303103,163.20766666666668,0.15733333333333333,0.13333333333333333,0.02793333333333333,1,False,False,False,False,True,False,False,False,False,False,False,False,False,False,False,False,True,False,False,False,False,False,False,False,False,False,False,False,False,False,False,False,False,False,False,False,False,False
Dolphin,2024,51538.03,99.3,365.0,74.4,4.53,175.0,546.0,469.0,7,55.2,1948.0,5,2,188274,3.73,4,3.675730110775428,141.2000821917808,0.2802874743326489,0.24075975359342916,0.05097535934291581,2,True,False,False,True,False,False,False,False,False,False,False,False,False,True,False,False,True,False,False,False,False,False,False,False,False,False,False,False,False,False,False,False,False,False,True,False,False,False
Atto 3,2024,19083.54,44.4,151.0,90.6,7.76,141.0,150.0,200.0,7,59.3,2431.0,4,0,216310,3.28,3,3.400900900900901,126.38105960264902,0.061703002879473466,0.08227067050596462,0.018264088852324147,2,False,False,False,False,False,True,False,False,False,False,False,False,False,False,False,False,True,False,False,False,False,False,False,False,False,False,False,False,False,False,False,False,False,False,False,False,False,False
Model Y,2024,37255.18,113.7,383.0,346.6,2.62,200.0,272.0,218.0,7,62.3,1904.0,5,2,451073,4.23,5,3.368513632365875,97.27201044386423,0.14285714285714285,0.11449579831932773,0.05971638655462185,2,False,True,False,True,False,False,False,False,False,False,False,True,False,True,False,False,False,False,False,False,False,False,False,False,False,False,False,False,False,True,False,False,False,False,False,True,False,False
Ioniq,2022,28093.63,47.2,167.0,85.3,7.79,139.0,150.0,200.0,7,68.5,1572.0,3,0,119899,3.25,4,3.5381355932203387,168.22532934131738,0.09541984732824428,0.1272264631043257,0.030025445292620866,4,False,True,False,False,False,False,True,False,False,True,False,False,False,False,False,False,False,False,False,False,False,True,False,False,False,False,False,False,False,False,False,False,False,False,False,False,False,False
Cybertruck,2025,88007.74,64.2,223.0,282.7,5.25,171.0,578.0,464.0,5,56.1,2585.0,4,2,102752,3.5,6,3.473520249221184,394.6535426008969,0.22359767891682786,0.1794970986460348,0.02483558994197292,1,True,False,False,False,False,True,False,False,False,False,False,True,False,False,True,False,False,False,False,False,False,False,False,False,False,False,False,False,False,True,False,False,False,False,False,False,False,False
Explorer EV,2025,75193.9,76.1,227.0,192.0,3.26,193.0,849.0,764.0,5,38.2,1687.0,4,1,31804,3.45,3,2.982917214191853,331.2506607929515,0.5032602252519265,0.45287492590397155,0.045109662122110254,1,False,False,False,False,True,False,False,False,False,False,False,True,False,False,True,False,False,False,True,False,False,False,False,False,False,False,False,False,False,False,False,False,False,False,False,True,False,False
Yuan Plus,2026,90374.6,57.6,191.0,101.5,6.82,145.0,944.0,832.0,5,19.7,1540.0,5,0,232416,3.5,4,3.3159722222222223,473.165445026178,0.612987012987013,0.5402597402597402,0.0374025974025974,0,False,False,True,False,False,False,False,False,False,False,False,False,False,False,True,False,True,False,False,False,False,False,False,False,False,False,False,False,False,False,False,False,False,False,False,False,False,True
Niro EV,2025,111745.56,82.5,289.0,172.9,4.1,183.0,1000.0,855.0,7,72.1,2484.0,4,0,96875,3.43,3,3.503030303030303,386.6628373702422,0.4025764895330113,0.3442028985507246,0.03321256038647343,1,True,False,False,False,False,True,False,False,False,True,False,False,True,False,False,False,False,False,False,False,False,False,True,False,False,False,False,False,False,False,False,False,False,False,False,True,False,False
Q4 e-tron,2022,144615.75,49.5,161.0,72.5,6.0,152.0,1000.0,883.0,5,56.2,2232.0,5,2,57074,3.06,6,3.2525252525252526,898.2344720496894,0.44802867383512546,0.39560931899641577,0.02217741935483871,4,False,False,False,True,False,False,False,True,False,False,False,False,True,False,False,False,False,False,False,False,False,False,False,False,False,False,False,False,False,False,False,False,False,False,False,False,True,False
i5,2025,69328.91,57.6,225.0,75.8,7.24,142.0,351.0,366.0,5,39.0,2137.0,5,1,73975,3.26,8,3.90625,308.1284888888889,0.16424894712213384,0.171268132896584,0.02695367337388863,1,False,True,False,True,False,False,False,True,False,False,False,False,False,False,True,True,False,False,False,False,False,False,False,False,False,False,False,False,False,False,False,False,False,False,False,False,False,True
Ioniq 5,2022,39046.61,54.4,178.0,104.9,6.75,148.0,312.0,289.0,7,19.3,1718.0,4,1,57836,3.14,3,3.2720588235294117,219.36297752808989,0.18160651920838183,0.16821885913853318,0.03166472642607683,4,False,False,False,False,False,False,False,False,False,True,False,False,False,True,False,False,False,False,False,False,False,True,False,False,False,False,False,False,False,False,False,False,False,False,False,False,True,False
Seagull,2025,79832.09,92.0,328.0,103.3,5.19,171.0,875.0,790.0,7,70.0,2024.0,5,0,242291,3.55,4,3.5652173913043477,243.3905182926829,0.4323122529644269,0.39031620553359686,0.045454545454545456,1,True,False,False,True,False,False,False,False,False,False,False,False,False,False,True,False,True,False,False,False,False,False,False,False,False,False,False,False,False,False,False,False,False,False,True,False,False,False
Seagull,2024,51226.67,79.6,271.0,64.5,5.31,167.0,544.0,486.0,7,38.7,1756.0,5,2,143773,3.5,4,3.404522613065327,189.02830258302583,0.3097949886104784,0.2767653758542141,0.04533029612756264,2,False,False,False,False,True,False,False,False,False,False,False,False,False,True,False,False,True,False,False,False,False,False,False,False,False,False,False,False,False,False,False,False,False,False,False,False,True,False
i5,2024,70389.46,59.8,217.0,138.4,6.79,142.0,464.0,410.0,5,19.9,1815.0,5,2,76685,3.38,5,3.62876254180602,324.37539170506915,0.2556473829201102,0.22589531680440772,0.03294765840220386,2,False,True,False,False,False,False,False,True,False,False,False,False,False,False,True,True,False,False,False,False,False,False,False,False,False,False,False,False,False,False,False,False,False,False,False,False,False,True
XC90 Recharge,2022,90661.21,108.4,396.0,234.5,2.53,200.0,807.0,735.0,5,56.2,2143.0,5,0,15699,3.68,5,3.6531365313653135,228.9424494949495,0.37657489500699953,0.34297713485767617,0.05058329444703687,4,False,False,False,True,False,False,False,False,False,False,True,False,False,False,True,False,False,False,False,False,False,False,False,False,False,False,False,False,False,False,False,False,True,False,False,True,False,False
i7,2022,154009.88,79.0,275.0,162.1,4.46,180.0,1000.0,888.0,5,33.0,1842.0,4,1,26663,3.51,7,3.481012658227848,560.0359272727272,0.5428881650380022,0.4820846905537459,0.04288816503800217,4,False,False,False,False,False,False,False,True,False,False,False,False,True,False,False,True,False,False,False,False,False,False,False,False,False,False,False,False,False,False,False,False,False,False,False,True,False,False
EV6,2025,61993.33,49.9,183.0,110.9,5.72,168.0,677.0,582.0,5,34.6,1566.0,4,2,65237,3.14,4,3.6673346693386772,338.7613661202186,0.4323116219667944,0.3716475095785441,0.03186462324393359,1,False,False,False,False,True,False,False,False,False,True,False,False,False,True,False,False,False,False,False,False,False,False,True,False,False,False,False,False,False,False,False,False,False,False,False,False,True,False
Blazer EV,2025,34424.61,103.6,370.0,71.7,5.72,163.0,285.0,250.0,5,27.9,1690.0,4,1,20827,3.59,4,3.5714285714285716,93.03948648648648,0.16863905325443787,0.14792899408284024,0.06130177514792899,1,False,True,False,False,True,False,False,False,False,False,False,True,False,False,False,False,False,False,False,True,False,False,False,False,False,False,False,False,False,False,False,False,False,False,True,False,False,False
Kona Electric,2025,53515.28,50.9,176.0,58.7,6.74,147.0,628.0,566.0,5,39.8,1607.0,5,1,93480,3.41,4,3.4577603143418467,304.0640909090909,0.39079029247044184,0.3522090852520224,0.031673926571250774,1,False,False,True,False,False,False,False,False,False,True,False,False,False,True,False,False,False,False,False,False,False,True,False,False,False,False,False,False,False,False,False,False,False,False,False,False,False,True
Model S,2026,127635.34,105.5,384.0,265.1,4.6,176.0,950.0,859.0,7,63.1,2140.0,5,2,158325,4.24,5,3.639810426540284,332.3836979166667,0.4439252336448598,0.4014018691588785,0.04929906542056075,0,True,False,False,True,False,False,False,False,False,False,False,True,True,False,False,False,False,False,False,False,False,False,False,False,False,False,False,False,False,True,False,False,False,False,True,False,False,False
EV6,2024,31230.72,71.7,250.0,103.9,5.73,164.0,204.0,200.0,5,25.8,1615.0,5,0,74025,3.37,4,3.486750348675035,124.92288,0.12631578947368421,0.1238390092879257,0.04439628482972136,2,False,True,False,False,True,False,False,False,False,True,False,False,False,False,False,False,False,False,False,False,False,False,True,False,False,False,False,False,False,False,False,False,False,False,False,False,False,True
bZ4X,2025,46568.71,69.2,216.0,84.7,5.33,165.0,417.0,358.0,5,58.3,2099.0,5,0,1982,3.52,4,3.121387283236994,215.59587962962962,0.19866603144354456,0.17055740828966173,0.03296808003811339,1,True,False,False,True,False,False,False,False,True,False,False,False,False,True,False,False,False,False,False,False,False,False,False,False,False,False,False,False,False,False,True,False,False,False,False,False,False,True
Model X,2025,95625.9,64.1,229.0,299.1,7.66,138.0,681.0,637.0,5,21.1,1896.0,5,2,233990,3.63,5,3.572542901716069,417.5803493449781,0.35917721518987344,0.3359704641350211,0.033808016877637126,1,False,True,False,False,False,False,False,False,False,False,False,True,False,False,True,False,False,False,False,False,False,False,False,False,False,False,False,False,False,True,False,False,False,False,False,False,False,False
i7,2022,116700.28,62.9,213.0,66.7,7.34,146.0,1000.0,869.0,5,65.0,1527.0,5,2,29505,3.78,5,3.386327503974563,547.8886384976526,0.6548788474132285,0.5690897184020957,0.04119187950229208,4,False,True,False,False,False,False,True,True,False,False,False,False,True,False,False,True,False,False,False,False,False,False,False,False,False,False,False,False,False,False,False,False,False,False,False,False,True,False
Cybertruck,2022,88720.74,92.2,341.0,247.8,4.93,175.0,616.0,532.0,5,55.6,2380.0,4,3,226922,4.02,5,3.698481561822126,260.17812316715543,0.25882352941176473,0.2235294117647059,0.038739495798319326,4,True,False,False,False,False,True,False,False,False,False,False,True,False,False,True,False,False,False,False,False,False,False,False,False,False,False,False,False,False,True,False,False,False,False,True,False,False,False
Ioniq 5,2026,59666.31,75.5,262.0,93.8,7.01,147.0,716.0,656.0,5,15.7,1500.0,4,1,130091,3.79,5,3.4701986754966887,227.73400763358777,0.47733333333333333,0.43733333333333335,0.050333333333333334,0,False,False,False,False,True,False,False,False,False,True,False,False,False,True,False,False,False,False,False,False,False,True,False,False,False,False,False,False,False,False,False,False,False,False,False,False,False,True
Cybertruck,2024,148667.6,71.3,250.0,253.6,7.89,135.0,1000.0,901.0,5,72.1,2309.0,5,2,117109,3.79,4,3.506311360448808,594.6704,0.43308791684711995,0.3902122130792551,0.03087916847119965,2,False,False,False,False,False,True,False,False,False,False,False,True,True,False,False,False,False,False,False,False,False,False,False,False,False,False,False,False,False,True,False,False,False,False,False,False,True,False
ID. Buzz,2025,48208.86,79.0,288.0,120.9,6.74,152.0,425.0,364.0,5,28.2,1783.0,5,1,272524,3.48,3,3.6455696202531644,167.391875,0.23836231071228267,0.2041503084688727,0.0443073471676949,1,True,False,False,False,True,False,False,True,False,False,False,False,False,True,False,False,False,False,False,False,False,False,False,False,False,False,False,False,False,False,False,True,False,False,False,False,False,True
Bolt EV,2021,57965.58,67.0,237.0,86.4,6.45,159.0,732.0,664.0,5,72.8,1500.0,4,1,3168,3.49,4,3.537313432835821,244.58050632911394,0.488,0.44266666666666665,0.04466666666666667,5,False,True,False,False,False,False,True,False,False,False,False,True,False,True,False,False,False,False,False,True,False,False,False,False,False,False,False,False,False,False,False,False,False,False,False,False,False,False
Yuan Plus,2026,92189.49,91.2,317.0,118.6,4.09,188.0,1000.0,956.0,7,30.8,1766.0,4,2,158795,3.92,3,3.475877192982456,290.8185804416404,0.5662514156285391,0.5413363533408834,0.051642129105322766,0,True,False,False,False,False,False,False,False,False,False,False,False,False,False,True,False,True,False,False,False,False,False,False,False,False,False,False,False,False,False,False,False,False,False,True,False,False,False
i5,2020,94185.6,41.2,150.0,123.8,5.94,159.0,691.0,651.0,7,38.9,1511.0,4,1,43577,3.37,8,3.640776699029126,627.904,0.457313037723362,0.4308405029781602,0.02726671078755791,6,False,False,False,False,False,False,False,True,False,False,False,False,False,False,True,True,False,False,False,False,False,False,False,False,False,False,False,False,False,False,False,False,False,False,False,False,False,True
Mustang Mach-E,2024,38196.95,78.2,261.0,60.0,5.44,160.0,270.0,204.0,5,15.1,1500.0,5,0,25281,3.55,4,3.337595907928389,146.34846743295017,0.18,0.136,0.05213333333333334,2,True,False,True,False,False,False,False,False,False,False,False,True,False,True,False,False,False,False,True,False,False,False,False,False,False,False,False,False,False,False,False,False,False,False,False,False,False,False
R2,2020,74902.51,63.7,219.0,64.2,7.08,142.0,335.0,333.0,5,29.5,1679.0,4,1,16890,3.32,5,3.4379905808477234,342.0205936073059,0.19952352590827874,0.1983323406789756,0.03793924955330554,6,False,True,False,False,False,False,False,False,False,False,False,True,False,False,True,False,False,False,False,False,False,False,False,False,False,False,False,False,True,False,False,False,False,False,False,False,False,True
Leaf 50X,2024,77872.95,95.8,343.0,83.8,5.67,164.0,907.0,801.0,5,46.6,2029.0,4,0,152424,3.65,3,3.5803757828810023,227.03483965014576,0.44701823558403153,0.39477575160177425,0.04721537703302119,2,False,True,False,True,False,False,False,False,False,False,False,False,False,False,True,False,True,False,False,False,False,False,False,False,False,False,False,False,False,False,False,False,False,False,True,False,False,False
ID.4,2025,76084.88,51.2,165.0,65.3,6.3,149.0,816.0,711.0,5,34.2,1500.0,4,1,264457,3.12,3,3.22265625,461.12048484848486,0.544,0.474,0.034133333333333335,1,True,False,True,False,False,False,False,True,False,False,False,False,False,False,True,False,False,False,False,False,False,False,False,False,False,False,False,False,False,False,False,True,False,False,False,False,False,True
Model X,2023,55932.63,59.8,209.0,224.1,5.74,155.0,364.0,340.0,5,46.3,2166.0,3,3,183636,3.65,5,3.4949832775919734,267.62023923444974,0.1680517082179132,0.1569713758079409,0.02760849492151431,3,False,True,False,True,False,False,False,False,False,False,False,True,False,True,False,False,False,False,False,False,False,False,False,False,False,False,False,False,False,True,False,False,False,False,False,False,False,False
C40 Recharge,2022,45992.59,83.4,291.0,142.4,5.51,175.0,167.0,200.0,7,17.8,1500.0,5,0,3048,3.39,4,3.489208633093525,158.05013745704466,0.11133333333333334,0.13333333333333333,0.055600000000000004,4,False,True,True,False,False,False,False,False,False,False,True,False,False,True,False,False,False,False,False,False,False,False,False,False,False,False,False,False,False,False,False,False,True,False,False,False,False,False
R1T,2020,64055.95,77.9,280.0,141.4,7.73,136.0,150.0,200.0,2,67.6,2714.0,5,0,12678,3.7,4,3.5943517329910137,228.77124999999998,0.0552689756816507,0.07369196757553427,0.0287030213706706,6,True,False,False,False,False,True,False,False,False,False,False,True,False,True,False,False,False,False,False,False,False,False,False,False,False,False,False,False,True,False,False,False,False,False,False,False,False,False
EV9,2025,39329.81,94.0,300.0,148.7,4.14,189.0,276.0,263.0,7,51.9,2029.0,5,0,139592,3.62,4,3.1914893617021276,131.09936666666667,0.13602759980285856,0.12962050271069492,0.046328240512567766,1,False,False,False,True,False,False,False,False,False,True,False,False,False,True,False,False,False,False,False,False,False,False,True,False,False,False,False,False,False,False,False,False,False,False,True,False,False,False
EQS,2024,200859.77,65.8,222.0,145.6,5.04,178.0,1000.0,880.0,5,39.6,1543.0,5,1,50870,3.8,7,3.3738601823708207,904.7737387387386,0.6480881399870383,0.5703175631885936,0.04264419961114711,2,False,True,True,False,False,False,False,True,False,False,False,False,True,False,False,False,False,False,False,False,False,False,False,False,True,False,False,False,False,False,False,False,False,False,False,False,True,False
Kona Electric,2025,83020.49,119.5,412.0,183.5,4.27,188.0,1000.0,914.0,5,39.7,1500.0,4,0,65013,3.72,4,3.4476987447698746,201.5060436893204,0.6666666666666666,0.6093333333333333,0.07966666666666666,1,False,True,False,False,True,False,False,False,False,True,False,False,False,False,True,False,False,False,False,False,False,True,False,False,False,False,False,False,False,False,False,False,False,False,False,True,False,False
i7,2023,131127.44,88.4,275.0,70.5,4.88,175.0,1000.0,893.0,7,68.7,1543.0,4,2,49932,3.32,7,3.110859728506787,476.82705454545453,0.6480881399870383,0.5787427090084252,0.057290991574854185,3,False,True,False,False,False,False,True,True,False,False,False,False,True,False,False,True,False,False,False,False,False,False,False,False,False,False,False,False,False,False,False,False,False,False,True,False,False,False
Model Y,2023,63692.69,107.7,357.0,240.9,4.17,188.0,446.0,387.0,7,75.1,1500.0,3,3,462962,4.05,4,3.3147632311977717,178.41089635854343,0.29733333333333334,0.258,0.0718,3,True,False,False,False,False,False,True,False,False,False,False,True,False,True,False,False,False,False,False,False,False,False,False,False,False,False,False,False,False,True,False,False,False,False,True,False,False,False
Bolt EV,2025,37683.39,98.3,363.0,60.9,5.89,166.0,410.0,390.0,7,71.9,2310.0,4,2,20559,3.37,4,3.6927772126144456,103.81099173553719,0.1774891774891775,0.16883116883116883,0.04255411255411255,1,False,False,False,False,False,True,False,False,False,False,False,True,False,True,False,False,False,False,False,True,False,False,False,False,False,False,False,False,False,False,False,False,False,False,True,False,False,False
Model Y,2025,40474.28,53.8,163.0,301.5,6.49,148.0,226.0,200.0,5,53.5,2239.0,4,2,484636,3.69,5,3.029739776951673,248.3084662576687,0.10093791871371148,0.08932559178204555,0.024028584189370254,1,False,True,False,True,False,False,False,False,False,False,False,True,False,True,False,False,False,False,False,False,False,False,False,False,False,False,False,False,False,True,False,False,False,False,False,False,True,False
EQS,2024,111876.0,48.8,150.0,52.4,6.45,153.0,558.0,450.0,7,38.7,1698.0,4,1,36359,3.55,8,3.0737704918032787,745.84,0.3286219081272085,0.26501766784452296,0.0287396937573616,2,False,False,False,False,True,False,False,True,False,False,False,False,True,False,False,False,False,False,False,False,False,False,False,False,True,False,False,False,False,False,False,False,False,False,False,False,False,False
F-150 Lightning,2024,106766.97,109.9,376.0,166.2,3.18,200.0,1000.0,895.0,2,77.4,2776.0,4,1,44309,3.77,3,3.4212920837124656,283.9547074468085,0.36023054755043227,0.3224063400576369,0.03958933717579251,2,False,False,False,False,False,True,False,False,False,False,False,True,True,False,False,False,False,False,True,False,False,False,False,False,False,False,False,False,False,False,False,False,False,False,False,True,False,False
Bolt EUV,2025,47998.86,60.9,202.0,96.1,5.42,159.0,551.0,486.0,7,70.8,1527.0,5,0,2175,3.23,4,3.316912972085386,237.6181188118812,0.3608382449246889,0.3182711198428291,0.039882121807465615,1,False,False,False,False,False,False,True,False,False,False,False,True,False,True,False,False,False,False,False,True,False,False,False,False,False,False,False,False,False,False,False,False,False,False,False,False,True,False
Model X,2024,78351.88,83.5,303.0,324.6,6.81,152.0,546.0,448.0,5,54.1,2584.0,5,2,135414,3.99,4,3.62874251497006,258.5870627062706,0.21130030959752322,0.17337461300309598,0.03231424148606811,2,True,False,False,False,False,True,False,False,False,False,False,True,False,False,True,False,False,False,False,False,False,False,False,False,False,False,False,False,False,True,False,False,False,False,False,False,False,False
Qin,2025,101756.01,70.7,259.0,71.7,7.72,139.0,1000.0,893.0,5,39.2,1710.0,5,0,207780,3.62,3,3.663366336633663,392.88034749034745,0.5847953216374269,0.5222222222222223,0.04134502923976608,1,False,True,False,False,False,False,False,False,False,False,False,False,True,False,False,False,True,False,False,False,False,False,False,False,False,False,False,False,False,False,False,False,False,False,False,False,True,False
Yuan Plus,2021,36438.81,91.3,319.0,202.3,3.74,192.0,418.0,410.0,5,29.8,1516.0,4,0,110969,3.76,4,3.4939759036144578,114.22824451410658,0.2757255936675462,0.2704485488126649,0.060224274406332455,5,False,False,False,False,False,False,False,False,False,False,False,False,False,True,False,False,True,False,False,False,False,False,False,False,False,False,False,False,False,False,False,False,False,False,False,True,False,False
ID.4,2024,45113.98,80.8,294.0,94.5,7.15,140.0,373.0,306.0,7,21.5,1516.0,4,0,248569,3.75,4,3.6386138613861387,153.44891156462586,0.24604221635883905,0.20184696569920843,0.05329815303430079,2,False,True,False,False,True,False,False,True,False,False,False,False,False,True,False,False,False,False,False,False,False,False,False,False,False,False,False,False,False,False,False,True,False,False,False,False,False,True
Model Y,2024,117810.94,78.1,253.0,210.7,5.7,162.0,847.0,781.0,5,25.0,1774.0,4,2,402141,4.01,5,3.23943661971831,465.65588932806327,0.4774520856820744,0.44024802705749716,0.04402480270574972,2,False,False,False,False,False,False,False,False,False,False,False,True,True,False,False,False,False,False,False,False,False,False,False,False,False,False,False,False,False,True,False,False,False,False,False,False,False,False
EC6,2022,64086.32,52.7,161.0,59.1,5.34,169.0,491.0,423.0,5,50.8,2057.0,5,2,19395,3.46,4,3.055028462998102,398.05167701863354,0.23869713174526008,0.20563928050559066,0.0256198347107438,4,False,False,False,True,False,False,False,False,False,False,False,False,False,True,False,False,False,False,False,False,False,False,False,False,False,True,False,False,False,False,False,False,False,False,False,False,False,True
Niro EV,2026,71757.16,96.0,336.0,236.2,4.45,181.0,816.0,742.0,5,67.5,2916.0,5,0,123775,3.66,3,3.5,213.5629761904762,0.27983539094650206,0.2544581618655693,0.03292181069958848,0,False,False,False,False,False,True,False,False,False,True,False,False,False,False,True,False,False,False,False,False,False,False,True,False,False,False,False,False,False,False,False,False,False,False,False,True,False,False
Max,2026,71385.39,109.6,380.0,150.6,4.08,193.0,830.0,743.0,5,20.6,1527.0,4,0,234079,3.75,4,3.467153284671533,187.8562894736842,0.5435494433529797,0.4865749836280288,0.07177472167648985,0,False,False,False,False,False,False,False,False,False,False,False,False,False,False,True,False,True,False,False,False,False,False,False,False,False,False,False,False,False,False,False,False,False,False,False,True,False,False
ID. Aero,2023,82345.29,78.4,276.0,162.1,2.61,200.0,961.0,853.0,7,27.1,1677.0,4,2,291745,3.72,4,3.520408163265306,298.35249999999996,0.5730471079308289,0.5086463923673226,0.046750149075730475,3,False,True,True,False,False,False,False,True,False,False,False,False,False,False,True,False,False,False,False,False,False,False,False,False,False,False,False,False,False,False,False,True,False,False,False,True,False,False
ID.4,2024,69646.08,82.9,303.0,106.8,5.02,175.0,708.0,650.0,5,25.2,1500.0,4,0,292447,3.87,3,3.655006031363088,229.8550495049505,0.472,0.43333333333333335,0.05526666666666667,2,False,True,False,False,False,False,False,True,False,False,False,False,False,False,True,False,False,False,False,False,False,False,False,False,False,False,False,False,False,False,False,True,False,False,True,False,False,False
Niro EV,2023,59632.87,90.3,325.0,160.4,3.84,196.0,682.0,638.0,5,20.8,1529.0,5,0,97616,3.74,4,3.5991140642303434,183.48575384615384,0.4460431654676259,0.4172661870503597,0.059058207979071284,3,False,False,False,False,False,False,False,False,False,True,False,False,False,True,False,False,False,False,False,False,False,False,True,False,False,False,False,False,False,False,False,False,False,False,False,True,False,False
Ioniq,2024,44796.76,104.6,359.0,167.5,2.56,200.0,395.0,380.0,5,39.3,1500.0,5,1,113793,4.03,4,3.4321223709369026,124.78206128133705,0.2633333333333333,0.25333333333333335,0.06973333333333333,2,False,False,False,False,True,False,False,False,False,True,False,False,False,True,False,False,False,False,False,False,False,True,False,False,False,False,False,False,False,False,False,False,False,False,False,True,False,False
R3,2025,79722.65,80.9,261.0,102.2,5.1,173.0,649.0,596.0,7,53.8,2018.0,5,2,28225,3.26,5,3.226205191594561,305.4507662835249,0.321605550049554,0.29534192269573833,0.040089197224975226,1,False,False,False,True,False,False,False,False,False,False,False,True,False,False,True,False,False,False,False,False,False,False,False,False,False,False,False,False,True,False,False,False,False,False,False,False,False,True
Ioniq 5,2025,65433.15,41.9,150.0,54.9,5.06,179.0,785.0,710.0,7,32.3,1506.0,5,2,78985,3.32,5,3.579952267303103,436.221,0.5212483399734396,0.4714475431606906,0.027822045152722442,1,False,False,False,False,True,False,False,False,False,True,False,False,False,False,True,False,False,False,False,False,False,True,False,False,False,False,False,False,False,False,False,False,False,False,False,False,True,False
XC90 Recharge,2024,75390.6,43.1,156.0,72.8,6.98,135.0,591.0,512.0,5,72.6,1623.0,5,2,16760,3.31,5,3.619489559164733,483.273076923077,0.36414048059149723,0.3154651879235983,0.026555760936537276,2,False,True,False,False,False,False,True,False,False,False,True,False,False,False,True,False,False,False,False,False,False,False,False,False,False,False,False,False,False,False,False,False,True,False,False,False,False,True
EQG,2024,95795.03,93.8,354.0,136.1,4.61,177.0,477.0,445.0,7,70.2,2380.0,3,1,37523,4.16,6,3.773987206823028,270.6074293785311,0.2004201680672269,0.1869747899159664,0.039411764705882354,2,False,False,False,False,False,True,False,True,False,False,False,False,False,False,True,False,False,False,False,False,False,False,False,False,True,False,False,False,False,False,False,False,False,False,True,False,False,False
Yuan Plus,2024,65610.36,86.2,270.0,67.6,5.11,176.0,724.0,637.0,5,18.9,1677.0,5,0,239905,3.59,4,3.1322505800464038,243.00133333333335,0.4317233154442457,0.3798449612403101,0.05140131186642815,2,True,False,True,False,False,False,False,False,False,False,False,False,False,False,True,False,True,False,False,False,False,False,False,False,False,False,False,False,False,False,False,False,False,False,True,False,False,False
R1S,2024,85223.91,55.2,206.0,65.2,7.32,146.0,972.0,858.0,7,30.1,1500.0,5,1,18207,3.15,4,3.731884057971014,413.7083009708738,0.648,0.572,0.0368,2,False,True,False,False,False,False,False,False,False,False,False,True,False,False,True,False,False,False,False,False,False,False,False,False,False,False,False,False,True,False,False,False,False,False,False,False,False,True
Model S,2026,173601.0,82.0,301.0,340.2,4.49,184.0,1000.0,901.0,7,65.9,2374.0,4,2,192234,3.86,4,3.6707317073170733,576.7475083056478,0.42122999157540014,0.37952822240943557,0.03454085930918281,0,False,True,False,False,False,True,False,False,False,False,False,True,True,False,False,False,False,False,False,False,False,False,False,False,False,False,False,False,False,True,False,False,False,False,False,True,False,False
Explorer EV,2024,93391.97,96.9,328.0,111.1,4.62,188.0,1000.0,877.0,5,79.7,1566.0,4,2,53055,3.46,4,3.3849329205366354,284.7316158536585,0.6385696040868455,0.5600255427841635,0.061877394636015326,2,False,True,False,False,False,False,True,False,False,False,False,True,False,False,True,False,False,False,True,False,False,False,False,False,False,False,False,False,False,False,False,False,False,False,True,False,False,False
ID.5,2025,60858.6,63.9,242.0,79.9,5.77,165.0,619.0,583.0,5,29.0,1783.0,4,0,280770,3.65,3,3.78716744913928,251.48181818181817,0.3471676948962423,0.32697700504767246,0.03583847448121144,1,False,False,False,False,True,False,False,True,False,False,False,False,False,True,False,False,False,False,False,False,False,False,False,False,False,False,False,False,False,False,False,True,False,False,False,False,False,True
Q6 e-tron,2024,68629.02,66.7,254.0,132.2,5.48,173.0,359.0,342.0,5,32.4,1555.0,5,1,32172,3.58,6,3.808095952023988,270.1929921259843,0.23086816720257236,0.21993569131832796,0.04289389067524116,2,False,True,False,False,True,False,False,True,False,False,False,False,False,False,True,False,False,False,False,False,False,False,False,False,False,False,False,False,False,False,False,False,False,False,False,False,False,False
EQG,2025,128362.44,46.9,168.0,115.3,7.18,141.0,668.0,576.0,5,25.4,1630.0,4,1,79528,3.66,8,3.582089552238806,764.0621428571428,0.4098159509202454,0.35337423312883437,0.028773006134969324,1,False,False,False,False,False,False,False,True,False,False,False,False,True,False,False,False,False,False,False,False,False,False,False,False,True,False,False,False,False,False,False,False,False,False,False,False,True,False
E-Transit,2024,115288.59,81.6,287.0,180.5,3.85,191.0,1000.0,926.0,7,16.7,1500.0,5,0,28651,3.57,3,3.5171568627450984,401.70240418118465,0.6666666666666666,0.6173333333333333,0.0544,2,False,False,True,False,False,False,False,False,False,False,False,True,True,False,False,False,False,False,True,False,False,False,False,False,False,False,False,False,False,False,False,False,False,False,False,True,False,False
Explorer EV,2021,97933.8,43.7,150.0,66.6,7.65,142.0,1000.0,911.0,5,54.5,1826.0,4,0,45842,3.05,4,3.432494279176201,652.892,0.547645125958379,0.49890470974808326,0.023932092004381164,5,False,True,False,True,False,False,False,False,False,False,False,True,False,False,True,False,False,False,True,False,False,False,False,False,False,False,False,False,False,False,False,False,False,False,False,False,True,False
Yuan Plus,2024,42922.38,65.7,235.0,137.2,6.4,155.0,444.0,426.0,7,64.8,1633.0,5,0,109861,3.54,5,3.576864535768645,182.64842553191488,0.2718922229026332,0.2608695652173913,0.040232700551132886,2,False,True,False,False,False,False,True,False,False,False,False,False,False,True,False,False,True,False,False,False,False,False,False,False,False,False,False,False,False,False,False,False,False,False,False,False,False,True
Model 3,2025,103423.57,67.2,226.0,261.9,6.82,149.0,760.0,704.0,7,21.0,1500.0,5,2,136780,3.7,4,3.363095238095238,457.6264159292036,0.5066666666666667,0.4693333333333333,0.0448,1,False,False,True,False,False,False,False,False,False,False,False,True,True,False,False,False,False,False,False,False,False,False,False,False,False,False,False,False,False,True,False,False,False,False,False,False,False,True
ID.3,2025,46681.91,83.1,285.0,117.4,5.0,181.0,391.0,288.0,5,16.8,1552.0,5,0,243592,3.37,5,3.429602888086643,163.7961754385965,0.25193298969072164,0.18556701030927836,0.05354381443298969,1,False,True,False,False,False,False,False,True,False,False,False,False,False,True,False,False,False,False,False,False,False,False,False,False,False,False,False,False,False,False,False,True,False,False,True,False,False,False
Model Y,2025,38868.67,48.0,150.0,335.5,5.15,171.0,305.0,320.0,7,33.1,1522.0,4,2,420151,3.64,4,3.125,259.12446666666665,0.20039421813403416,0.2102496714848883,0.03153745072273324,1,False,False,False,False,False,False,False,False,False,False,False,True,False,True,False,False,False,False,False,False,False,False,False,False,False,False,False,False,False,True,False,False,False,False,False,False,False,False
Bolt EV,2023,39441.22,70.4,238.0,153.9,3.84,192.0,376.0,363.0,5,25.0,1534.0,3,0,9783,3.17,5,3.380681818181818,165.71941176470588,0.24511082138200782,0.23663624511082137,0.04589308996088658,3,False,True,False,False,False,False,False,False,False,False,False,True,False,True,False,False,False,False,False,True,False,False,False,False,False,False,False,False,False,False,False,False,False,False,False,True,False,False
Seagull,2025,53845.68,43.7,161.0,140.0,7.79,125.0,606.0,573.0,7,18.1,1522.0,4,1,196975,3.39,4,3.6842105263157894,334.44521739130437,0.39816031537450725,0.3764783180026281,0.02871222076215506,1,False,False,True,False,False,False,False,False,False,False,False,False,False,True,False,False,True,False,False,False,False,False,False,False,False,False,False,False,False,False,False,False,False,False,False,False,False,True
Air,2024,156097.02,97.8,351.0,293.5,3.51,196.0,687.0,578.0,5,54.5,2233.0,4,1,13230,3.53,5,3.588957055214724,444.72085470085466,0.3076578593819973,0.25884460367218987,0.04379758172861621,2,False,True,False,True,False,False,False,False,False,False,False,True,True,False,False,False,False,False,False,False,False,False,False,True,False,False,False,False,False,False,False,False,False,False,False,True,False,False
i3,2024,130176.15,89.9,326.0,244.3,2.77,200.0,1000.0,942.0,7,75.6,1584.0,4,1,59392,3.8,5,3.626251390433815,399.3133435582822,0.6313131313131313,0.5946969696969697,0.05675505050505051,2,True,False,False,False,False,False,True,True,False,False,False,False,True,False,False,True,False,False,False,False,False,False,False,False,False,False,False,False,False,False,False,False,False,False,False,True,False,False
EQG,2025,153235.91,48.7,182.0,123.0,7.52,133.0,973.0,889.0,7,21.0,1585.0,5,2,44720,3.56,7,3.737166324435318,841.9555494505495,0.6138801261829653,0.5608832807570978,0.030725552050473188,1,False,True,False,False,True,False,False,True,False,False,False,False,True,False,False,False,False,False,False,False,False,False,False,False,True,False,False,False,False,False,False,False,False,False,False,False,True,False
Model X,2025,60275.05,61.4,220.0,267.6,7.92,143.0,423.0,399.0,7,69.8,1918.0,4,3,226355,3.72,6,3.5830618892508146,273.9775,0.2205422314911366,0.20802919708029197,0.03201251303441084,1,False,False,False,True,False,False,False,False,False,False,False,True,False,True,False,False,False,False,False,False,False,False,False,False,False,False,False,False,False,True,False,False,False,False,False,False,True,False
EQC,2025,202973.51,74.1,259.0,51.6,6.56,152.0,1000.0,877.0,7,16.9,1500.0,5,1,22987,3.81,8,3.4952766531713904,783.6815057915059,0.6666666666666666,0.5846666666666667,0.0494,1,False,False,False,False,True,False,False,True,False,False,False,False,True,False,False,False,False,False,False,False,False,False,False,False,True,False,False,False,False,False,False,False,False,False,False,False,True,False
R2,2021,113614.29,108.1,387.0,198.9,2.76,200.0,1000.0,887.0,5,17.5,1500.0,5,2,4505,3.89,5,3.5800185013876042,293.576976744186,0.6666666666666666,0.5913333333333334,0.07206666666666667,5,False,False,True,False,False,False,False,False,False,False,False,True,True,False,False,False,False,False,False,False,False,False,False,False,False,False,False,False,True,False,False,False,False,False,False,True,False,False
Ioniq 6,2024,77513.92,107.4,368.0,161.1,4.37,187.0,989.0,891.0,5,28.0,1500.0,4,1,71992,4.07,4,3.4264432029795158,210.63565217391303,0.6593333333333333,0.594,0.0716,2,False,False,True,False,False,False,False,False,False,True,False,False,False,False,True,False,False,False,False,False,False,True,False,False,False,False,False,False,False,False,False,False,False,False,False,True,False,False
Sportage EV,2023,47384.85,55.2,193.0,52.3,5.67,168.0,503.0,431.0,7,64.0,2270.0,4,2,57685,3.6,4,3.4963768115942027,245.51735751295337,0.22158590308370044,0.18986784140969162,0.02431718061674009,3,True,False,False,True,False,False,False,False,False,True,False,False,False,True,False,False,False,False,False,False,False,False,True,False,False,False,False,False,False,False,False,False,False,False,False,False,False,False
Explorer EV,2025,69671.76,106.4,373.0,81.6,5.59,161.0,749.0,594.0,5,16.5,1592.0,5,0,49288,3.95,4,3.5056390977443606,186.7875603217158,0.4704773869346734,0.3731155778894472,0.06683417085427136,1,False,False,False,False,False,False,False,False,False,False,False,True,False,False,True,False,False,False,True,False,False,False,False,False,False,False,False,False,False,False,False,False,False,False,True,False,False,False
Cybertruck,2024,110128.5,50.3,163.0,313.5,6.16,163.0,829.0,855.0,5,78.2,2528.0,5,2,212436,3.54,6,3.2405566600397617,675.6349693251534,0.32792721518987344,0.3382120253164557,0.019897151898734176,2,False,True,False,False,False,True,False,False,False,False,False,True,True,False,False,False,False,False,False,False,False,False,False,False,False,False,False,False,False,True,False,False,False,False,False,False,True,False
Ioniq 5,2025,63434.69,78.0,279.0,86.0,7.89,124.0,770.0,690.0,7,67.4,2434.0,5,0,133046,3.73,4,3.576923076923077,227.36448028673837,0.3163516844700082,0.28348397699260475,0.03204601479046836,1,False,True,False,False,False,True,False,False,False,True,False,False,False,True,False,False,False,False,False,False,False,True,False,False,False,False,False,False,False,False,False,False,False,False,False,False,False,True
ID. Aero,2022,60508.93,105.5,362.0,110.2,5.38,171.0,611.0,632.0,5,26.4,1710.0,5,0,222081,3.78,5,3.4312796208530805,167.1517403314917,0.35730994152046786,0.3695906432748538,0.06169590643274854,4,False,False,False,False,False,False,False,True,False,False,False,False,False,True,False,False,False,False,False,False,False,False,False,False,False,False,False,False,False,False,False,True,False,False,True,False,False,False
Model X,2023,111766.84,104.9,361.0,297.9,3.31,200.0,782.0,741.0,7,24.6,1774.0,4,2,176852,4.05,5,3.441372735938989,309.60343490304706,0.44081172491544535,0.4177001127395716,0.05913190529875987,3,False,False,True,False,False,False,False,False,False,False,False,True,True,False,False,False,False,False,False,False,False,False,False,False,False,False,False,False,False,True,False,False,False,False,False,True,False,False
ID.5,2025,101757.37,83.1,278.0,142.8,4.8,176.0,1000.0,893.0,5,39.7,1868.0,4,0,269645,3.59,5,3.345367027677497,366.0337050359712,0.5353319057815846,0.47805139186295503,0.044486081370449675,1,True,False,False,False,True,False,False,True,False,False,False,False,True,False,False,False,False,False,False,False,False,False,False,False,False,False,False,False,False,False,False,True,False,False,True,False,False,False
Model X,2021,118010.78,64.7,229.0,346.2,6.89,141.0,897.0,801.0,5,23.8,1554.0,4,3,177339,3.7,5,3.5394126738794434,515.3309170305677,0.5772200772200772,0.5154440154440154,0.041634491634491635,5,False,False,True,False,False,False,False,False,False,False,False,True,True,False,False,False,False,False,False,False,False,False,False,False,False,False,False,False,False,True,False,False,False,False,False,False,True,False
Model X,2024,80831.47,71.2,278.0,254.0,5.58,169.0,563.0,540.0,5,33.4,1546.0,4,3,202000,3.76,5,3.9044943820224716,290.7606834532374,0.3641655886157827,0.34928848641655885,0.04605433376455369,2,False,True,True,False,False,False,False,False,False,False,False,True,False,False,True,False,False,False,False,False,False,False,False,False,False,False,False,False,False,True,False,False,False,False,False,False,True,False
Model X,2021,118192.05,92.9,329.0,280.7,5.55,162.0,844.0,742.0,5,18.7,1733.0,5,2,123098,3.96,5,3.541442411194833,359.24635258358666,0.4870167339873053,0.4281592613964224,0.0536064627813041,5,False,False,False,False,False,False,False,False,False,False,False,True,True,False,False,False,False,False,False,False,False,False,False,False,False,False,False,False,False,True,False,False,False,False,True,False,False,False
bZ4X,2025,48846.72,75.4,274.0,136.8,6.03,159.0,399.0,387.0,7,20.1,1542.0,5,0,21759,3.51,5,3.6339522546419096,178.272700729927,0.2587548638132296,0.2509727626459144,0.04889753566796369,1,False,False,False,False,False,False,False,False,True,False,False,False,False,True,False,False,False,False,False,False,False,False,False,False,False,False,False,False,False,False,True,False,False,False,False,False,False,True
EV6,2023,82403.5,78.6,288.0,121.4,6.15,151.0,1000.0,942.0,7,76.2,1788.0,4,0,95064,3.74,4,3.6641221374045805,286.1232638888889,0.5592841163310962,0.5268456375838926,0.043959731543624155,3,True,False,False,False,False,False,True,False,False,True,False,False,False,False,True,False,False,False,False,False,False,False,True,False,False,False,False,False,False,False,False,False,False,False,False,False,True,False
Ronin,2024,85586.47,57.3,200.0,132.1,6.4,160.0,703.0,630.0,7,55.4,1923.0,4,1,25585,3.16,4,3.4904013961605584,427.93235,0.3655746229849194,0.32761310452418096,0.029797191887675507,2,True,False,False,True,False,False,False,False,False,False,False,True,False,False,True,False,False,True,False,False,False,False,False,False,False,False,False,False,False,False,False,False,False,False,False,False,False,False
ID.3,2024,53590.91,74.7,258.0,203.2,2.73,200.0,504.0,466.0,5,39.9,1653.0,3,1,209815,3.08,5,3.4538152610441766,207.7167054263566,0.30490018148820325,0.28191167574107684,0.04519056261343013,2,False,True,False,False,False,False,False,True,False,False,False,False,False,True,False,False,False,False,False,False,False,False,False,False,False,False,False,False,False,False,False,True,False,False,False,True,False,False
Qin,2022,70030.57,41.8,150.0,149.7,7.64,133.0,743.0,623.0,7,18.7,1558.0,3,1,187796,3.45,4,3.5885167464114835,466.8704666666667,0.47689345314505777,0.3998716302952503,0.026829268292682926,4,True,False,True,False,False,False,False,False,False,False,False,False,False,False,True,False,True,False,False,False,False,False,False,False,False,False,False,False,False,False,False,False,False,False,False,False,False,True
i30,2024,31256.77,68.1,218.0,145.7,7.74,136.0,233.0,200.0,5,72.8,2029.0,4,0,83425,3.35,4,3.2011747430249637,143.37967889908256,0.11483489403647117,0.09857072449482504,0.033563331690487926,2,False,True,False,False,False,True,False,False,False,True,False,False,False,False,False,False,False,False,False,False,False,True,False,False,False,False,False,False,False,False,False,False,False,False,False,False,False,True
ID. Aero,2022,77144.75,109.8,367.0,177.7,2.66,200.0,840.0,732.0,7,21.9,1500.0,5,1,280321,3.69,5,3.342440801457195,210.20367847411444,0.56,0.488,0.0732,4,False,True,False,False,False,False,False,True,False,False,False,False,False,False,True,False,False,False,False,False,False,False,False,False,False,False,False,False,False,False,False,True,False,False,False,True,False,False
Model 3,2025,133323.67,89.5,316.0,268.1,2.52,200.0,963.0,873.0,7,22.8,1570.0,4,2,119703,4.02,6,3.53072625698324,421.91034810126587,0.6133757961783439,0.5560509554140127,0.057006369426751594,1,False,False,True,False,False,False,False,False,False,False,False,True,True,False,False,False,False,False,False,False,False,False,False,False,False,False,False,False,False,True,False,False,False,False,False,True,False,False
i3,2025,61490.61,40.3,150.0,81.5,7.4,144.0,292.0,228.0,7,34.1,1500.0,4,1,75130,3.39,5,3.7220843672456576,409.9374,0.19466666666666665,0.152,0.026866666666666664,1,False,True,False,False,False,False,False,True,False,False,False,False,False,True,False,True,False,False,False,False,False,False,False,False,False,False,False,False,False,False,False,False,False,False,False,False,False,True
Leaf 50X,2024,56202.17,81.3,298.0,197.2,4.39,188.0,586.0,567.0,5,31.1,1500.0,5,1,225829,3.87,4,3.6654366543665438,188.59788590604026,0.39066666666666666,0.378,0.0542,2,False,True,False,False,False,False,False,False,False,False,False,False,False,True,False,False,True,False,False,False,False,False,False,False,False,False,False,False,False,False,False,False,False,False,False,True,False,False
i3,2025,113220.74,50.2,167.0,94.6,6.84,146.0,997.0,904.0,5,55.7,2431.0,3,1,36980,3.17,6,3.326693227091633,677.968502994012,0.41011929247223367,0.3718634306869601,0.02064993829699712,1,False,True,False,False,False,True,False,True,False,False,False,False,True,False,False,True,False,False,False,False,False,False,False,False,False,False,False,False,False,False,False,False,False,False,False,False,True,False
i5,2023,104739.58,54.5,189.0,91.0,6.88,151.0,884.0,789.0,5,22.4,1510.0,5,1,58894,3.16,8,3.467889908256881,554.1776719576719,0.5854304635761589,0.5225165562913907,0.03609271523178808,3,False,True,False,False,False,False,False,True,False,False,False,False,True,False,False,True,False,False,False,False,False,False,False,False,False,False,False,False,False,False,False,False,False,False,False,False,True,False
Model S,2026,120237.63,106.4,374.0,218.4,3.84,197.0,876.0,755.0,5,63.3,1725.0,3,2,139118,4.36,5,3.515037593984962,321.49098930481284,0.5078260869565218,0.43768115942028984,0.06168115942028986,0,False,False,False,False,False,False,True,False,False,False,False,True,True,False,False,False,False,False,False,False,False,False,False,False,False,False,False,False,False,True,False,False,False,False,False,True,False,False
Model X,2025,86049.94,67.9,210.0,237.4,6.77,146.0,542.0,467.0,5,36.0,1653.0,5,2,244820,3.64,6,3.092783505154639,409.76161904761904,0.3278886872353297,0.2825166364186328,0.04107683000604961,1,True,False,True,False,False,False,False,False,False,False,False,True,False,False,True,False,False,False,False,False,False,False,False,False,False,False,False,False,False,True,False,False,False,False,False,False,False,True
F-150 Lightning,2024,113010.15,74.7,251.0,188.0,4.25,189.0,1000.0,902.0,2,79.2,2490.0,5,0,26657,3.63,4,3.360107095046854,450.2396414342629,0.40160642570281124,0.36224899598393573,0.030000000000000002,2,True,False,False,False,False,True,False,False,False,False,False,True,True,False,False,False,False,False,True,False,False,False,False,False,False,False,False,False,False,False,False,False,False,False,False,True,False,False
Ioniq 5,2022,87757.22,77.5,262.0,248.7,4.12,194.0,1000.0,920.0,5,50.7,2567.0,5,1,73010,3.41,5,3.3806451612903228,334.9512213740458,0.38955979742890534,0.3583950136345929,0.030190884300740163,4,False,True,False,False,False,True,False,False,False,True,False,False,False,False,True,False,False,False,False,False,False,True,False,False,False,False,False,False,False,False,False,False,False,False,False,True,False,False
Model X,2022,77379.74,110.0,373.0,304.7,3.07,200.0,581.0,500.0,5,20.8,1602.0,3,2,238571,4.04,4,3.390909090909091,207.45238605898126,0.3626716604244694,0.3121098626716604,0.0686641697877653,4,False,False,False,False,True,False,False,False,False,False,False,True,False,False,True,False,False,False,False,False,False,False,False,False,False,False,False,False,False,True,False,False,False,False,False,True,False,False
C40 Recharge,2025,87551.42,42.1,150.0,86.1,5.87,156.0,745.0,643.0,5,58.8,2197.0,4,1,28712,3.0,3,3.5629453681710213,583.6761333333333,0.33909877105143377,0.29267182521620394,0.019162494310423304,1,False,False,False,False,False,True,False,False,False,False,True,False,False,False,True,False,False,False,False,False,False,False,False,False,False,False,False,False,False,False,False,False,True,False,False,False,False,False
Cybertruck,2023,40789.91,106.8,379.0,243.7,4.65,177.0,282.0,226.0,7,59.9,2247.0,5,2,187262,4.38,6,3.548689138576779,107.62509234828497,0.12550066755674233,0.10057854917668002,0.04753004005340454,3,False,True,False,False,False,True,False,False,False,False,False,True,False,True,False,False,False,False,False,False,False,False,False,False,False,False,False,False,False,True,False,False,False,False,True,False,False,False
Equinox EV,2022,32829.19,77.7,295.0,108.1,7.17,139.0,247.0,200.0,7,67.4,1866.0,5,0,26546,3.6,4,3.7966537966537963,111.28538983050848,0.13236870310825294,0.10718113612004287,0.04163987138263666,4,False,False,False,True,False,False,False,False,False,False,False,True,False,False,False,False,False,False,False,True,False,False,False,False,False,False,False,False,False,False,False,False,False,False,False,False,False,False
4,2023,90903.84,95.0,337.0,194.7,3.86,185.0,621.0,569.0,7,28.5,1500.0,5,2,18672,3.64,3,3.5473684210526315,269.74433234421366,0.414,0.37933333333333336,0.06333333333333334,3,False,False,False,False,False,False,False,False,False,False,True,False,False,False,True,False,False,False,False,False,False,False,False,False,False,False,True,False,False,False,False,False,False,False,False,True,False,False
Max,2023,98961.38,90.2,294.0,97.5,5.51,171.0,1000.0,899.0,5,64.7,1594.0,4,2,230275,3.52,5,3.259423503325942,336.60333333333335,0.6273525721455459,0.5639899623588457,0.05658720200752823,3,False,True,False,False,False,False,True,False,False,False,False,False,False,False,True,False,True,False,False,False,False,False,False,False,False,False,False,False,False,False,False,False,False,False,True,False,False,False
Model X,2025,108924.8,75.0,251.0,317.1,5.27,171.0,776.0,726.0,7,33.5,1665.0,5,2,104109,3.74,6,3.3466666666666667,433.9633466135458,0.46606606606606604,0.436036036036036,0.04504504504504504,1,True,False,True,False,False,False,False,False,False,False,False,True,True,False,False,False,False,False,False,False,False,False,False,False,False,False,False,False,False,True,False,False,False,False,False,False,False,True
Model S,2021,76847.7,116.8,418.0,242.7,3.9,197.0,454.0,476.0,7,20.0,1660.0,5,3,229674,4.0,5,3.578767123287671,183.8461722488038,0.27349397590361446,0.28674698795180725,0.07036144578313253,5,False,True,False,False,False,False,False,False,False,False,False,True,False,False,True,False,False,False,False,False,False,False,False,False,False,False,False,False,False,True,False,False,False,False,False,True,False,False
Qin,2023,52355.75,87.1,286.0,147.8,4.29,184.0,510.0,435.0,5,31.3,1582.0,5,1,146928,3.27,4,3.283582089552239,183.06206293706293,0.3223767383059418,0.274968394437421,0.055056890012642225,3,True,False,False,False,True,False,False,False,False,False,False,False,False,True,False,False,True,False,False,False,False,False,False,False,False,False,False,False,False,False,False,False,False,False,True,False,False,False
Model 3,2025,91015.05,61.8,227.0,258.4,7.27,141.0,616.0,518.0,7,63.7,1936.0,5,3,229357,3.56,5,3.6731391585760518,400.94735682819385,0.3181818181818182,0.2675619834710744,0.031921487603305786,1,False,True,False,True,False,False,False,False,False,False,False,True,False,False,True,False,False,False,False,False,False,False,False,False,False,False,False,False,False,True,False,False,False,False,False,False,False,False
Bolt EUV,2025,44784.34,93.2,321.0,217.0,4.45,182.0,436.0,366.0,5,37.8,1677.0,5,2,7434,3.72,4,3.444206008583691,139.51507788161993,0.2599880739415623,0.2182468694096601,0.05557543231961837,1,False,False,True,False,False,False,False,False,False,False,False,True,False,True,False,False,False,False,False,True,False,False,False,False,False,False,False,False,False,False,False,False,False,False,False,True,False,False
Model 3,2025,84994.49,96.6,315.0,253.0,5.61,161.0,617.0,558.0,5,15.4,1655.0,4,2,246722,3.99,5,3.2608695652173916,269.8237777777778,0.37280966767371604,0.33716012084592145,0.058368580060422955,1,False,True,False,False,True,False,False,False,False,False,False,True,False,False,True,False,False,False,False,False,False,False,False,False,False,False,False,False,False,True,False,False,False,False,True,False,False,False
i30,2026,95007.35,71.5,249.0,140.8,6.71,152.0,1000.0,893.0,5,18.3,1791.0,3,2,111030,3.22,3,3.4825174825174825,381.5556224899599,0.5583472920156337,0.49860413176996093,0.03992183137911781,0,True,False,True,False,False,False,False,False,False,True,False,False,False,False,True,False,False,False,False,False,False,True,False,False,False,False,False,False,False,False,False,False,False,False,False,False,True,False
SU7,2024,89310.64,64.2,208.0,70.5,5.61,173.0,1000.0,910.0,5,56.5,1829.0,4,0,29176,3.31,3,3.2398753894080996,429.37807692307695,0.5467468562055768,0.4975396391470749,0.03510114816839803,2,False,False,False,True,False,False,False,False,False,False,False,False,False,False,True,False,False,False,False,False,False,False,False,False,False,False,False,False,False,False,False,False,False,True,False,False,True,False
Mustang Mach-E,2024,67107.54,81.2,286.0,99.5,7.48,137.0,774.0,714.0,5,28.6,1516.0,5,1,58727,3.6,3,3.522167487684729,234.64174825174823,0.5105540897097626,0.470976253298153,0.053562005277044855,2,False,True,True,False,False,False,False,False,False,False,False,True,False,False,True,False,False,False,True,False,False,False,False,False,False,False,False,False,False,False,False,False,False,False,False,False,False,True
Niro EV,2024,56356.86,45.0,154.0,123.3,5.88,163.0,609.0,531.0,5,15.3,1503.0,5,0,107160,3.3,3,3.422222222222222,365.95363636363635,0.405189620758483,0.3532934131736527,0.029940119760479042,2,True,False,True,False,False,False,False,False,False,True,False,False,False,True,False,False,False,False,False,False,False,False,True,False,False,False,False,False,False,False,False,False,False,False,False,False,False,False
Leaf 50X,2024,21286.38,69.6,233.0,54.5,5.47,168.0,187.0,200.0,7,17.7,1613.0,5,1,116507,3.18,4,3.3477011494252875,91.35785407725322,0.11593304401735896,0.12399256044637322,0.04314941103533788,2,False,True,False,False,True,False,False,False,False,False,False,False,False,False,False,False,True,False,False,False,False,False,False,False,False,False,False,False,False,False,False,False,False,False,False,False,False,True
i4,2025,88308.2,95.5,308.0,89.7,5.09,174.0,690.0,695.0,5,15.7,1664.0,4,2,31503,3.49,6,3.225130890052356,286.71493506493505,0.41466346153846156,0.4176682692307692,0.05739182692307692,1,False,True,True,False,False,False,False,True,False,False,False,False,False,False,True,True,False,False,False,False,False,False,False,False,False,False,False,False,False,False,False,False,False,False,True,False,False,False
Ioniq,2024,103986.41,110.9,397.0,221.4,4.41,185.0,1000.0,904.0,7,34.5,1595.0,5,1,106892,4.01,5,3.579801623083859,261.93050377833754,0.6269592476489029,0.5667711598746081,0.06952978056426333,2,False,False,False,False,True,False,False,False,False,True,False,False,True,False,False,False,False,False,False,False,False,True,False,False,False,False,False,False,False,False,False,False,False,False,False,True,False,False
ID.4,2020,27139.23,78.9,261.0,95.0,7.55,130.0,150.0,200.0,5,39.4,1500.0,4,2,271891,3.57,4,3.3079847908745244,103.98172413793104,0.1,0.13333333333333333,0.0526,6,True,False,True,False,False,False,False,True,False,False,False,False,False,False,False,False,False,False,False,False,False,False,False,False,False,False,False,False,False,False,False,True,False,False,False,False,False,False
Model Y,2026,53435.31,80.3,259.0,339.8,5.59,162.0,390.0,389.0,7,33.0,1818.0,4,2,467122,3.87,4,3.2254047322540473,206.3139382239382,0.2145214521452145,0.21397139713971397,0.04416941694169417,0,False,True,True,False,False,False,False,False,False,False,False,True,False,True,False,False,False,False,False,False,False,False,False,False,False,False,False,False,False,True,False,False,False,False,False,False,False,True
e-tron GT,2023,88280.78,42.7,156.0,52.7,5.05,173.0,560.0,546.0,5,32.1,1737.0,4,1,66857,3.24,5,3.653395784543325,565.9024358974359,0.3223949337938975,0.3143350604490501,0.02458261370178469,3,False,False,False,False,False,False,False,True,False,False,False,False,False,False,True,False,False,False,False,False,False,False,False,False,False,False,False,False,False,False,False,False,False,False,False,False,True,False
ID.5,2025,76426.72,83.1,339.0,122.5,6.37,155.0,843.0,736.0,5,78.0,1585.0,4,2,248734,3.73,4,4.07942238267148,225.44755162241887,0.5318611987381704,0.4643533123028391,0.052429022082018925,1,False,True,False,False,False,False,True,True,False,False,False,False,False,False,True,False,False,False,False,False,False,False,False,False,False,False,False,False,False,False,False,True,False,False,False,False,False,False
Model S,2023,45116.56,45.3,169.0,236.3,6.1,158.0,276.0,281.0,5,20.6,1619.0,3,3,116884,3.58,5,3.730684326710817,266.9618934911243,0.1704756022235948,0.17356392835083384,0.027980234712785667,3,True,False,False,False,True,False,False,False,False,False,False,True,False,True,False,False,False,False,False,False,False,False,False,False,False,False,False,False,False,True,False,False,False,False,False,False,False,False
ID.5,2024,68348.69,94.0,323.0,233.3,2.58,200.0,734.0,637.0,7,19.9,1694.0,4,2,238867,3.7,5,3.4361702127659575,211.60585139318886,0.4332939787485242,0.3760330578512397,0.05548996458087367,2,False,True,True,False,False,False,False,True,False,False,False,False,False,False,True,False,False,False,False,False,False,False,False,False,False,False,False,False,False,False,False,True,False,False,False,True,False,False
ID.4,2023,49537.91,82.9,278.0,129.1,4.66,191.0,439.0,385.0,7,31.7,1650.0,5,1,250021,3.64,3,3.353437876960193,178.19392086330936,0.26606060606060605,0.23333333333333334,0.05024242424242425,3,False,True,False,False,False,False,False,True,False,False,False,False,False,True,False,False,False,False,False,False,False,False,False,False,False,False,False,False,False,False,False,True,False,False,True,False,False,False
EQG,2025,111628.51,84.7,274.0,137.8,5.58,166.0,601.0,537.0,5,47.3,1944.0,4,1,76984,3.74,6,3.2349468713105076,407.4033211678832,0.30915637860082307,0.2762345679012346,0.04356995884773663,1,False,False,False,True,False,False,False,True,False,False,False,False,True,False,False,False,False,False,False,False,False,False,False,False,True,False,False,False,False,False,False,False,False,False,True,False,False,False
Bolt EUV,2026,54836.04,109.7,385.0,129.7,4.0,183.0,636.0,600.0,5,16.7,1600.0,5,0,17331,3.77,5,3.5095715587967184,142.43127272727273,0.3975,0.375,0.0685625,0,False,False,True,False,False,False,False,False,False,False,False,True,False,True,False,False,False,False,False,True,False,False,False,False,False,False,False,False,False,False,False,False,False,False,True,False,False,False
F-150 Lightning,2025,34802.06,47.6,150.0,102.2,6.52,146.0,265.0,208.0,4,73.9,2056.0,4,1,51835,3.13,4,3.1512605042016806,232.0137333333333,0.12889105058365757,0.10116731517509728,0.023151750972762647,1,False,False,False,False,False,True,False,False,False,False,False,True,False,False,False,False,False,False,True,False,False,False,False,False,False,False,False,False,False,False,False,False,False,False,False,False,False,False
Model Y,2022,93506.44,60.2,206.0,272.3,7.47,137.0,695.0,611.0,5,72.0,1646.0,5,3,464918,3.52,6,3.4219269102990033,453.9147572815534,0.4222357229647631,0.3712029161603888,0.03657351154313487,4,False,True,False,False,False,False,True,False,False,False,False,True,False,False,True,False,False,False,False,False,False,False,False,False,False,False,False,False,False,True,False,False,False,False,False,False,False,True
ID.4,2024,79224.44,48.4,164.0,79.6,6.88,136.0,891.0,780.0,5,41.2,2091.0,5,2,219453,3.46,4,3.388429752066116,483.0758536585366,0.4261119081779053,0.37302725968436157,0.023146819703491153,2,True,False,False,True,False,False,False,True,False,False,False,False,False,False,True,False,False,False,False,False,False,False,False,False,False,False,False,False,False,False,False,True,False,False,False,False,False,True
Kona Electric,2025,43459.69,83.7,302.0,88.9,4.32,192.0,448.0,378.0,5,78.7,2699.0,5,2,114002,3.56,3,3.6081242532855433,143.9062582781457,0.16598740274175622,0.1400518710633568,0.03101148573545758,1,True,False,False,False,False,True,False,False,False,True,False,False,False,True,False,False,False,False,False,False,False,True,False,False,False,False,False,False,False,False,False,False,False,False,True,False,False,False
Model X,2021,100894.61,84.8,304.0,288.9,6.04,161.0,727.0,655.0,7,62.5,1686.0,5,2,201220,3.9,5,3.5849056603773586,331.8901644736842,0.43119810201660735,0.3884934756820878,0.050296559905100825,5,False,True,False,True,False,False,False,False,False,False,False,True,True,False,False,False,False,False,False,False,False,False,False,False,False,False,False,False,False,True,False,False,False,False,False,False,True,False
Dolphin,2026,31398.12,100.6,352.0,226.6,3.63,200.0,296.0,289.0,5,37.5,1500.0,5,1,240918,3.58,3,3.499005964214712,89.19920454545455,0.19733333333333333,0.19266666666666668,0.06706666666666666,0,False,False,True,False,False,False,False,False,False,False,False,False,False,False,False,False,True,False,False,False,False,False,False,False,False,False,False,False,False,False,False,False,False,False,False,True,False,False
Blazer EV,2024,85774.4,106.0,388.0,78.3,4.51,181.0,1000.0,904.0,5,78.7,1666.0,4,0,22091,3.72,4,3.660377358490566,221.0680412371134,0.6002400960384153,0.5426170468187275,0.06362545018007203,2,False,False,False,False,False,False,True,False,False,False,False,True,False,False,True,False,False,False,False,True,False,False,False,False,False,False,False,False,False,False,False,False,False,False,True,False,False,False
Model 3,2023,53096.09,113.8,404.0,309.6,3.8,200.0,298.0,243.0,7,62.1,1503.0,4,2,123687,4.34,5,3.5500878734622145,131.42596534653464,0.19827012641383898,0.16167664670658682,0.07571523619427811,3,False,True,False,False,False,False,True,False,False,False,False,True,False,True,False,False,False,False,False,False,False,False,False,False,False,False,False,False,False,True,False,False,False,False,False,True,False,False
Ioniq 5,2023,40063.52,83.0,298.0,123.0,7.7,134.0,373.0,388.0,5,60.2,1526.0,5,0,95016,3.55,4,3.5903614457831323,134.44134228187917,0.24442988204456095,0.254259501965924,0.05439056356487549,3,True,False,False,False,False,False,True,False,False,True,False,False,False,True,False,False,False,False,False,False,False,True,False,False,False,False,False,False,False,False,False,False,False,False,False,False,False,False
Seagull,2023,72565.72,43.8,153.0,127.4,5.45,175.0,799.0,748.0,7,22.8,1591.0,5,1,193019,3.17,4,3.493150684931507,474.28575163398693,0.5021998742928976,0.470144563167819,0.02752985543683218,3,False,True,True,False,False,False,False,False,False,False,False,False,False,False,True,False,True,False,False,False,False,False,False,False,False,False,False,False,False,False,False,False,False,False,False,False,False,False
Model S,2023,90489.19,66.8,227.0,270.6,7.25,144.0,650.0,559.0,5,64.7,1535.0,4,2,231411,3.84,4,3.3982035928143715,398.6307929515419,0.4234527687296417,0.36416938110749186,0.04351791530944625,3,False,False,False,False,False,False,True,False,False,False,False,True,False,False,True,False,False,False,False,False,False,False,False,False,False,False,False,False,False,True,False,False,False,False,False,False,True,False
Yuan Plus,2026,58741.09,43.2,166.0,146.8,5.12,171.0,609.0,553.0,5,27.7,1654.0,5,0,193352,3.21,4,3.8425925925925926,353.8619879518072,0.3681983071342201,0.3343409915356711,0.026118500604594922,0,False,True,False,False,True,False,False,False,False,False,False,False,False,True,False,False,True,False,False,False,False,False,False,False,False,False,False,False,False,False,False,False,False,False,False,False,True,False
Gravity,2025,166388.92,75.9,281.0,207.6,3.27,195.0,740.0,654.0,5,64.8,1555.0,5,0,27265,3.3,5,3.7022397891963106,592.1313879003559,0.4758842443729904,0.42057877813504824,0.04881028938906753,1,False,False,False,False,False,False,True,False,False,False,False,True,True,False,False,False,False,False,False,False,False,False,False,True,False,False,False,False,False,False,False,False,False,False,False,True,False,False
E-Transit,2022,72683.98,73.7,253.0,217.6,2.74,200.0,871.0,801.0,7,21.3,1539.0,4,1,25267,3.64,4,3.432835820895522,287.2884584980237,0.5659519168291098,0.52046783625731,0.047888239116309295,4,False,False,False,False,False,False,False,False,False,False,False,True,False,False,True,False,False,False,True,False,False,False,False,False,False,False,False,False,False,False,False,False,False,False,False,True,False,False
bZ4X,2021,93898.99,117.1,375.0,200.2,3.95,182.0,1000.0,920.0,7,31.0,1520.0,5,0,29112,3.93,3,3.2023911187019642,250.39730666666668,0.6578947368421053,0.6052631578947368,0.07703947368421052,5,False,False,False,False,False,False,False,False,True,False,False,False,False,False,True,False,False,False,False,False,False,False,False,False,False,False,False,False,False,False,True,False,False,False,False,True,False,False
Ioniq 6,2023,79421.07,79.2,250.0,81.2,5.56,164.0,981.0,917.0,7,75.8,1500.0,5,2,120050,3.41,3,3.1565656565656566,317.68428,0.654,0.6113333333333333,0.0528,3,True,False,False,False,False,False,True,False,False,True,False,False,False,False,True,False,False,False,False,False,False,True,False,False,False,False,False,False,False,False,False,False,False,False,True,False,False,False
Model 3,2022,78038.19,59.8,219.0,334.0,6.2,162.0,544.0,487.0,7,26.6,1704.0,3,3,156841,3.58,4,3.6622073578595318,356.3387671232877,0.3192488262910798,0.2857981220657277,0.03509389671361502,4,False,False,False,False,False,False,False,False,False,False,False,True,False,False,True,False,False,False,False,False,False,False,False,False,False,False,False,False,False,True,False,False,False,False,False,False,True,False
Niro EV,2026,89456.85,106.6,392.0,226.2,3.68,199.0,1000.0,879.0,7,67.6,1577.0,4,0,55244,3.99,4,3.677298311444653,228.20625,0.6341154090044389,0.5573874445149017,0.06759670259987317,0,False,True,False,False,False,False,True,False,False,True,False,False,False,False,True,False,False,False,False,False,False,False,True,False,False,False,False,False,False,False,False,False,False,False,False,True,False,False
ID.3,2020,81317.3,77.9,298.0,145.7,4.33,182.0,894.0,772.0,7,71.7,2388.0,4,2,205086,3.62,3,3.825417201540436,272.8768456375839,0.3743718592964824,0.3232830820770519,0.0326214405360134,6,False,True,False,False,False,True,False,True,False,False,False,False,False,False,True,False,False,False,False,False,False,False,False,False,False,False,False,False,False,False,False,True,False,False,True,False,False,False
GLE EV,2021,133886.35,108.5,379.0,137.9,5.63,159.0,810.0,741.0,5,61.9,1500.0,4,2,61011,4.0,7,3.493087557603687,353.2621372031662,0.54,0.494,0.07233333333333333,5,False,False,False,False,False,False,True,True,False,False,False,False,True,False,False,False,False,False,False,False,False,False,False,False,True,False,False,False,False,False,False,False,False,False,True,False,False,False
Model 3,2026,123396.13,65.5,201.0,235.6,7.67,135.0,904.0,801.0,5,37.2,1684.0,4,3,179193,3.78,5,3.068702290076336,613.9110945273632,0.5368171021377672,0.47565320665083133,0.03889548693586698,0,False,False,False,False,False,False,False,False,False,False,False,True,True,False,False,False,False,False,False,False,False,False,False,False,False,False,False,False,False,True,False,False,False,False,False,False,True,False
Kona Electric,2023,89541.12,95.4,330.0,131.0,4.83,179.0,1000.0,880.0,7,69.6,1987.0,5,1,122583,3.74,3,3.4591194968553456,271.3367272727273,0.5032712632108707,0.4428787116255662,0.048012078510317066,3,False,True,False,True,False,False,False,False,False,True,False,False,False,False,True,False,False,False,False,False,False,True,False,False,False,False,False,False,False,False,False,False,False,False,True,False,False,False
Model S,2025,30387.16,46.7,183.0,294.1,7.88,130.0,199.0,200.0,5,17.8,1500.0,5,3,225676,3.51,6,3.918629550321199,166.05005464480874,0.13266666666666665,0.13333333333333333,0.031133333333333336,1,True,False,True,False,False,False,False,False,False,False,False,True,False,False,False,False,False,False,False,False,False,False,False,False,False,False,False,False,False,True,False,False,False,False,False,False,False,False
Atto 3,2024,21707.92,56.8,176.0,141.1,7.77,135.0,199.0,213.0,5,34.7,1776.0,4,0,240735,3.31,4,3.098591549295775,123.34045454545453,0.11204954954954954,0.11993243243243243,0.03198198198198198,2,False,False,True,False,False,False,False,False,False,False,False,False,False,False,False,False,True,False,False,False,False,False,False,False,False,False,False,False,False,False,False,False,False,False,False,False,False,True
Bolt EV,2024,52232.74,42.0,150.0,134.4,5.26,171.0,623.0,597.0,5,76.8,1529.0,4,0,17461,3.32,3,3.5714285714285716,348.21826666666664,0.40745585349901897,0.39045127534336166,0.027468933943754086,2,False,True,False,False,False,False,True,False,False,False,False,True,False,True,False,False,False,False,False,True,False,False,False,False,False,False,False,False,False,False,False,False,False,False,False,False,True,False
Ioniq,2025,78178.94,79.4,290.0,53.7,5.34,169.0,1000.0,852.0,5,66.1,2435.0,5,1,93827,3.71,4,3.6523929471032743,269.58255172413794,0.4106776180698152,0.34989733059548256,0.03260780287474333,1,False,False,False,True,False,False,False,False,False,True,False,False,False,False,True,False,False,False,False,False,False,True,False,False,False,False,False,False,False,False,False,False,False,False,False,False,True,False
ID.5,2025,32608.87,54.0,178.0,63.1,5.66,169.0,218.0,243.0,5,68.4,2358.0,3,1,223686,3.31,3,3.2962962962962963,183.1958988764045,0.09245122985581,0.10305343511450382,0.022900763358778626,1,True,False,False,False,False,True,False,True,False,False,False,False,False,False,False,False,False,False,False,False,False,False,False,False,False,False,False,False,False,False,False,True,False,False,False,False,False,False
ID. Aero,2024,64646.52,70.7,219.0,52.4,7.72,140.0,656.0,529.0,5,17.5,1566.0,4,0,229331,3.6,4,3.0975954738330973,295.18958904109587,0.41890166028097064,0.33780332056194123,0.04514687100893998,2,True,False,True,False,False,False,False,True,False,False,False,False,False,True,False,False,False,False,False,False,False,False,False,False,False,False,False,False,False,False,False,True,False,False,False,False,False,True
Kona Electric,2026,40896.41,84.8,286.0,56.7,7.09,148.0,339.0,284.0,7,78.3,2639.0,4,0,60452,3.61,4,3.3726415094339623,142.99444055944056,0.12845774914740432,0.10761652140962485,0.032133383857521784,0,False,True,False,False,False,True,False,False,False,True,False,False,False,True,False,False,False,False,False,False,False,True,False,False,False,False,False,False,False,False,False,False,False,False,False,False,False,True
E-Transit,2024,99172.17,96.1,340.0,150.4,3.5,200.0,1000.0,919.0,5,58.0,2017.0,5,1,55818,3.69,4,3.5379812695109263,291.68285294117646,0.495785820525533,0.4556271690629648,0.04764501735250372,2,False,False,False,True,False,False,False,False,False,False,False,True,False,False,True,False,False,False,True,False,False,False,False,False,False,False,False,False,False,False,False,False,False,False,False,True,False,False
Q6 e-tron,2025,97077.65,52.8,197.0,133.8,7.59,132.0,714.0,605.0,7,33.6,1677.0,5,2,69050,3.19,6,3.7310606060606064,492.77994923857864,0.4257602862254025,0.36076326774001194,0.031484794275491945,1,False,False,True,False,False,False,False,True,False,False,False,False,False,False,True,False,False,False,False,False,False,False,False,False,False,False,False,False,False,False,False,False,False,False,False,False,False,True
bZ4X,2025,75339.45,86.8,325.0,141.0,4.49,184.0,939.0,924.0,5,26.0,1541.0,5,0,12682,3.5,3,3.7442396313364057,231.8136923076923,0.609344581440623,0.5996106424399741,0.0563270603504218,1,False,True,True,False,False,False,False,False,True,False,False,False,False,False,True,False,False,False,False,False,False,False,False,False,False,False,False,False,False,False,True,False,False,False,True,False,False,False
Mustang Mach-E,2025,72824.56,94.6,347.0,161.1,4.26,180.0,915.0,803.0,5,66.5,1939.0,3,2,45964,3.7,4,3.668076109936575,209.86904899135445,0.4718927282104177,0.4141309953584322,0.048788035069623516,1,False,True,False,False,False,False,True,False,False,False,False,True,False,False,True,False,False,False,True,False,False,False,False,False,False,False,False,False,False,False,False,False,False,False,False,True,False,False
Atto 3,2025,26097.55,99.0,367.0,56.9,4.77,176.0,270.0,217.0,5,71.7,2861.0,5,2,233286,3.51,5,3.707070707070707,71.11049046321526,0.09437259699405802,0.07584760573226144,0.03460328556448794,1,False,False,False,False,False,True,False,False,False,False,False,False,False,False,False,False,True,False,False,False,False,False,False,False,False,False,False,False,False,False,False,False,False,False,True,False,False,False
i3,2023,89086.86,79.5,279.0,115.5,5.03,179.0,643.0,655.0,7,57.6,2730.0,4,2,63501,3.78,5,3.509433962264151,319.3077419354839,0.23553113553113553,0.23992673992673993,0.02912087912087912,3,False,True,False,False,False,True,False,True,False,False,False,False,False,False,True,True,False,False,False,False,False,False,False,False,False,False,False,False,False,False,False,False,False,False,False,False,False,False
ID.5,2026,72231.36,115.0,387.0,230.9,3.15,200.0,746.0,695.0,5,16.2,1564.0,4,0,241869,4.05,4,3.365217391304348,186.64434108527132,0.47698209718670076,0.44437340153452687,0.07352941176470588,0,False,False,False,False,True,False,False,True,False,False,False,False,False,False,True,False,False,False,False,False,False,False,False,False,False,False,False,False,False,False,False,True,False,False,False,True,False,False
Leaf 50X,2022,80180.18,86.6,329.0,52.3,4.79,183.0,857.0,747.0,5,76.8,2565.0,5,1,170493,3.64,3,3.7990762124711317,243.70875379939207,0.3341130604288499,0.2912280701754386,0.033762183235867445,4,False,False,False,False,False,True,False,False,False,False,False,False,False,False,True,False,True,False,False,False,False,False,False,False,False,False,False,False,False,False,False,False,False,False,True,False,False,False
EQS,2023,111693.41,44.9,154.0,66.0,6.74,144.0,636.0,581.0,5,25.7,1500.0,4,1,72096,3.64,6,3.4298440979955456,725.2818831168831,0.424,0.3873333333333333,0.029933333333333333,3,False,False,True,False,False,False,False,True,False,False,False,False,True,False,False,False,False,False,False,False,False,False,False,False,True,False,False,False,False,False,False,False,False,False,False,False,True,False
Model S,2026,119620.48,41.3,150.0,231.4,5.76,162.0,850.0,762.0,5,64.2,1667.0,4,2,186324,3.52,5,3.6319612590799033,797.4698666666667,0.5098980203959208,0.45710857828434315,0.024775044991001798,0,True,False,False,False,False,False,True,False,False,False,False,True,True,False,False,False,False,False,False,False,False,False,False,False,False,False,False,False,False,True,False,False,False,False,False,False,False,False
Q4 e-tron,2025,63113.08,44.0,150.0,134.7,7.23,146.0,322.0,241.0,5,68.2,1501.0,4,2,79880,3.21,7,3.409090909090909,420.7538666666667,0.2145236508994004,0.16055962691538975,0.029313790806129246,1,False,True,False,False,False,False,True,True,False,False,False,False,False,True,False,False,False,False,False,False,False,False,False,False,False,False,False,False,False,False,False,False,False,False,False,False,False,True
i30,2026,83199.83,49.6,161.0,52.9,7.68,135.0,1000.0,924.0,5,33.1,1500.0,3,0,92496,3.22,3,3.245967741935484,516.7691304347826,0.6666666666666666,0.616,0.03306666666666667,0,False,False,False,False,True,False,False,False,False,True,False,False,False,False,True,False,False,False,False,False,False,True,False,False,False,False,False,False,False,False,False,False,False,False,False,False,True,False
iX,2023,130324.5,105.0,370.0,58.0,4.3,186.0,1000.0,885.0,5,25.0,1679.0,5,2,62481,3.82,6,3.5238095238095237,352.22837837837835,0.5955926146515783,0.5270994639666469,0.06253722453841572,3,False,False,False,False,True,False,False,True,False,False,False,False,True,False,False,True,False,False,False,False,False,False,False,False,False,False,False,False,False,False,False,False,False,False,True,False,False,False
i5,2024,92379.17,50.8,150.0,92.1,7.5,136.0,781.0,690.0,7,61.5,2455.0,5,1,64158,3.31,7,2.952755905511811,615.8611333333333,0.3181262729124236,0.28105906313645623,0.020692464358452137,2,False,False,False,False,False,True,False,True,False,False,False,False,False,False,True,True,False,False,False,False,False,False,False,False,False,False,False,False,False,False,False,False,False,False,False,False,True,False
Q4 e-tron,2025,154475.14,69.7,246.0,132.7,6.23,161.0,1000.0,879.0,5,22.6,1646.0,5,2,20728,3.43,5,3.5294117647058822,627.9477235772358,0.6075334143377886,0.5340218712029161,0.042345078979343864,1,False,False,False,False,True,False,False,True,False,False,False,False,True,False,False,False,False,False,False,False,False,False,False,False,False,False,False,False,False,False,False,False,False,False,False,False,True,False
i5,2024,78676.53,80.3,292.0,142.6,6.38,155.0,489.0,453.0,5,22.8,1501.0,5,1,28903,3.53,6,3.6363636363636367,269.4401712328767,0.3257828114590273,0.301798800799467,0.05349766822118587,2,False,True,True,False,False,False,False,True,False,False,False,False,False,False,True,True,False,False,False,False,False,False,False,False,False,False,False,False,False,False,False,False,False,False,False,False,False,True
EV9,2021,56383.76,77.6,294.0,107.4,5.95,162.0,689.0,647.0,5,46.4,1920.0,5,1,85632,3.6,3,3.7886597938144333,191.78149659863945,0.35885416666666664,0.33697916666666666,0.04041666666666666,5,True,False,False,True,False,False,False,False,False,True,False,False,False,True,False,False,False,False,False,False,False,False,True,False,False,False,False,False,False,False,False,False,False,False,True,False,False,False
Model Y,2025,51114.48,78.3,274.0,222.3,3.51,190.0,299.0,241.0,7,62.1,2000.0,5,2,484952,4.03,6,3.499361430395913,186.54919708029198,0.1495,0.1205,0.03915,1,False,True,False,True,False,False,False,False,False,False,False,True,False,True,False,False,False,False,False,False,False,False,False,False,False,False,False,False,False,True,False,False,False,False,False,True,False,False
Ioniq 6,2024,44088.19,81.5,270.0,231.5,4.01,188.0,402.0,391.0,5,25.5,1685.0,3,0,119102,3.6,4,3.312883435582822,163.2895925925926,0.23857566765578636,0.23204747774480713,0.048367952522255196,2,False,True,True,False,False,False,False,False,False,True,False,False,False,True,False,False,False,False,False,False,False,True,False,False,False,False,False,False,False,False,False,False,False,False,False,True,False,False
Model 3,2023,98229.28,82.6,290.0,268.4,7.42,142.0,730.0,668.0,7,33.9,1500.0,4,2,151125,4.05,4,3.51089588377724,338.72165517241376,0.4866666666666667,0.44533333333333336,0.05506666666666666,3,False,True,False,False,True,False,False,False,False,False,False,True,False,False,True,False,False,False,False,False,False,False,False,False,False,False,False,False,False,True,False,False,False,False,False,False,True,False
Equinox EV,2026,71801.02,84.4,304.0,228.3,2.8,200.0,950.0,836.0,7,50.0,1829.0,4,1,4745,3.45,4,3.6018957345971563,236.1875657894737,0.519409513395298,0.4570803717878622,0.046145434663750685,0,False,False,False,True,False,False,False,False,False,False,False,True,False,False,True,False,False,False,False,True,False,False,False,False,False,False,False,False,False,False,False,False,False,False,False,True,False,False
Ioniq 6,2024,63404.54,72.2,253.0,88.9,5.5,168.0,777.0,662.0,7,29.9,1532.0,5,0,79234,3.49,3,3.5041551246537397,250.6108300395257,0.5071801566579635,0.4321148825065274,0.047127937336814626,2,False,True,False,False,True,False,False,False,False,True,False,False,False,True,False,False,False,False,False,False,False,True,False,False,False,False,False,False,False,False,False,False,False,False,False,False,False,True
i3,2023,126296.04,69.4,238.0,100.7,5.91,158.0,1000.0,891.0,5,56.1,2766.0,4,1,27018,3.73,8,3.429394812680115,530.6556302521008,0.3615328994938539,0.32212581344902386,0.025090383224873464,3,False,True,False,False,False,True,False,True,False,False,False,False,True,False,False,True,False,False,False,False,False,False,False,False,False,False,False,False,False,False,False,False,False,False,False,False,True,False
Model S,2024,91117.32,101.0,364.0,271.1,4.86,172.0,639.0,640.0,7,16.2,1500.0,4,2,174122,4.0,5,3.603960396039604,250.3223076923077,0.426,0.4266666666666667,0.06733333333333333,2,False,True,True,False,False,False,False,False,False,False,False,True,False,False,True,False,False,False,False,False,False,False,False,False,False,False,False,False,False,True,False,False,False,False,True,False,False,False
Cybertruck,2026,39888.42,83.1,277.0,296.8,7.31,136.0,260.0,259.0,5,50.5,2479.0,4,2,224642,3.64,5,3.3333333333333335,144.00151624548735,0.10488100040338846,0.1044776119402985,0.03352158128277531,0,False,False,False,False,False,True,False,False,False,False,False,True,False,True,False,False,False,False,False,False,False,False,False,False,False,False,False,False,False,True,False,False,False,False,False,False,False,True
Bolt EUV,2024,75461.19,77.9,275.0,102.6,5.43,168.0,1000.0,966.0,5,54.4,2063.0,4,0,10961,3.51,5,3.530166880616174,274.4043272727273,0.4847309743092584,0.46825012118274356,0.03776054289869123,2,False,False,False,True,False,False,False,False,False,False,False,True,False,False,True,False,False,False,False,True,False,False,False,False,False,False,False,False,False,False,False,False,False,False,False,False,True,False
Cybertruck,2023,182463.57,109.2,389.0,312.3,2.97,200.0,1000.0,870.0,5,71.1,2927.0,5,3,202403,3.98,5,3.562271062271062,469.05802056555274,0.341646737273659,0.29723266142808336,0.037307823710283565,3,False,False,False,False,False,True,False,False,False,False,False,True,True,False,False,False,False,False,False,False,False,False,False,False,False,False,False,False,False,True,False,False,False,False,False,True,False,False
Model X,2023,43481.03,65.2,217.0,246.0,7.02,143.0,236.0,223.0,5,60.9,1871.0,5,2,134257,3.73,6,3.328220858895705,200.37341013824883,0.12613575628006413,0.11918760021378942,0.03484767504008552,3,False,True,False,True,False,False,False,False,False,False,False,True,False,True,False,False,False,False,False,False,False,False,False,False,False,False,False,False,False,True,False,False,False,False,False,False,True,False
Model 3,2025,70038.71,65.7,235.0,344.8,6.65,149.0,510.0,448.0,7,21.6,1837.0,5,3,164008,3.74,6,3.576864535768645,298.03706382978726,0.27762656505171474,0.24387588459444748,0.035764833968426786,1,False,True,False,False,True,False,False,False,False,False,False,True,False,False,True,False,False,False,False,False,False,False,False,False,False,False,False,False,False,True,False,False,False,False,False,False,False,False
bZ4X,2024,60316.9,48.0,165.0,127.7,7.53,138.0,659.0,620.0,7,22.2,1500.0,4,2,23683,3.15,5,3.4375,365.5569696969697,0.43933333333333335,0.41333333333333333,0.032,2,False,True,False,False,False,False,False,False,True,False,False,False,False,True,False,False,False,False,False,False,False,False,False,False,False,False,False,False,False,False,True,False,False,False,False,False,False,False
Bolt EV,2024,46964.58,62.4,204.0,57.8,7.81,140.0,566.0,525.0,7,21.6,1530.0,5,1,15168,3.46,4,3.269230769230769,230.2185294117647,0.36993464052287583,0.3431372549019608,0.0407843137254902,2,False,False,False,False,True,False,False,False,False,False,False,True,False,True,False,False,False,False,False,True,False,False,False,False,False,False,False,False,False,False,False,False,False,False,False,False,False,True
Dolphin,2021,107053.36,82.6,300.0,135.7,5.34,164.0,1000.0,856.0,7,37.6,2029.0,3,0,216609,3.76,4,3.6319612590799033,356.84453333333335,0.4928536224741252,0.4218827008378512,0.04070970921636274,5,False,False,False,False,False,False,False,False,False,False,False,False,True,False,False,False,True,False,False,False,False,False,False,False,False,False,False,False,False,False,False,False,False,False,False,False,True,False
Atto 3,2023,73542.57,52.6,178.0,76.5,6.84,142.0,795.0,760.0,5,26.5,1839.0,5,0,164917,3.0,4,3.3840304182509504,413.16050561797755,0.43230016313213704,0.4132680804785209,0.028602501359434478,3,False,False,True,False,False,False,False,False,False,False,False,False,False,False,True,False,True,False,False,False,False,False,False,False,False,False,False,False,False,False,False,False,False,False,False,False,False,False
Qin,2025,52251.33,63.4,238.0,134.0,5.93,161.0,547.0,460.0,7,63.6,1538.0,5,0,174435,3.19,3,3.7539432176656153,219.54340336134456,0.35565669700910274,0.29908972691807545,0.041222366710013,1,False,False,False,False,False,False,True,False,False,False,False,False,False,True,False,False,True,False,False,False,False,False,False,False,False,False,False,False,False,False,False,False,False,False,False,False,False,True
Explorer EV,2025,67752.89,58.7,237.0,62.3,5.47,162.0,734.0,686.0,5,65.4,2613.0,5,0,21665,3.61,5,4.03747870528109,285.8771729957806,0.2809031764255645,0.2625334864140834,0.022464600076540376,1,True,False,False,False,False,True,False,False,False,False,False,True,False,False,True,False,False,False,True,False,False,False,False,False,False,False,False,False,False,False,False,False,False,False,False,False,False,False
i5,2025,48714.2,45.4,161.0,90.9,7.71,136.0,178.0,200.0,5,74.7,1633.0,4,1,75073,3.18,6,3.5462555066079298,302.5726708074534,0.10900183710961421,0.1224739742804654,0.027801592161665646,1,True,False,False,False,False,False,True,True,False,False,False,False,False,True,False,True,False,False,False,False,False,False,False,False,False,False,False,False,False,False,False,False,False,False,False,False,False,False
Model X,2026,31180.54,72.3,241.0,338.0,6.7,142.0,208.0,200.0,5,65.2,1525.0,4,2,143060,3.87,4,3.3333333333333335,129.37983402489627,0.13639344262295083,0.13114754098360656,0.047409836065573766,0,True,False,False,False,False,False,True,False,False,False,False,True,False,False,False,False,False,False,False,False,False,False,False,False,False,False,False,False,False,True,False,False,False,False,False,False,False,False
Model Y,2025,68461.67,80.8,305.0,310.2,4.5,183.0,508.0,430.0,7,19.2,1614.0,4,2,443244,3.91,4,3.7747524752475248,224.4644918032787,0.31474597273853777,0.2664188351920694,0.050061957868649316,1,True,False,False,False,False,False,False,False,False,False,False,True,False,False,True,False,False,False,False,False,False,False,False,False,False,False,False,False,False,True,False,False,False,False,True,False,False,False
Model S,2023,51643.69,41.7,150.0,282.3,6.36,153.0,364.0,303.0,5,65.8,2333.0,5,2,247691,3.41,6,3.597122302158273,344.2912666666667,0.15602228889841405,0.12987569652807543,0.017873981997428207,3,False,False,False,False,False,True,False,False,False,False,False,True,False,True,False,False,False,False,False,False,False,False,False,False,False,False,False,False,False,True,False,False,False,False,False,False,True,False
iX,2025,66272.64,70.2,263.0,100.5,6.96,144.0,418.0,412.0,5,22.2,1554.0,4,1,66889,3.62,6,3.7464387464387463,251.98722433460077,0.26898326898326896,0.2651222651222651,0.04517374517374517,1,False,False,False,False,True,False,False,True,False,False,False,False,False,False,True,True,False,False,False,False,False,False,False,False,False,False,False,False,False,False,False,False,False,False,False,False,False,True
F-150 Lightning,2025,68957.58,70.1,262.0,65.6,7.66,142.0,719.0,687.0,4,78.3,2809.0,5,1,69276,3.36,5,3.7375178316690447,263.19687022900763,0.25596297614809543,0.24457102171591313,0.024955500177999287,1,False,False,False,False,False,True,False,False,False,False,False,True,False,False,True,False,False,False,True,False,False,False,False,False,False,False,False,False,False,False,False,False,False,False,False,False,False,True
Dolphin,2024,51238.4,51.6,185.0,122.5,6.52,153.0,593.0,509.0,5,24.2,1637.0,5,1,242985,3.46,3,3.585271317829457,276.9643243243243,0.3622480146609652,0.31093463653023823,0.03152107513744655,2,True,False,True,False,False,False,False,False,False,False,False,False,False,True,False,False,True,False,False,False,False,False,False,False,False,False,False,False,False,False,False,False,False,False,False,False,False,True
Model Y,2025,114587.9,67.3,242.0,324.4,7.79,120.0,860.0,798.0,5,34.6,1534.0,3,2,458139,3.77,5,3.5958395245170878,473.50371900826445,0.560625814863103,0.5202086049543677,0.0438722294654498,1,True,False,False,False,False,False,False,False,False,False,False,True,True,False,False,False,False,False,False,False,False,False,False,False,False,False,False,False,False,True,False,False,False,False,False,False,False,False
Cybertruck,2024,43048.0,78.2,305.0,284.8,5.32,167.0,283.0,238.0,7,69.0,2507.0,5,2,249983,3.24,5,3.9002557544757033,141.14098360655737,0.11288392500997207,0.09493418428400478,0.031192660550458717,2,True,False,False,False,False,True,False,False,False,False,False,True,False,True,False,False,False,False,False,False,False,False,False,False,False,False,False,False,False,True,False,False,False,False,False,False,False,True
Ocean,2025,54042.0,69.8,254.0,61.6,6.62,157.0,343.0,288.0,5,68.2,2045.0,4,2,17793,3.42,5,3.6389684813753584,212.76377952755905,0.16772616136919316,0.14083129584352078,0.0341320293398533,1,False,True,False,False,False,True,False,False,False,False,False,True,False,True,False,False,False,True,False,False,False,False,False,False,False,False,False,False,False,False,False,False,False,False,False,False,True,False
Atto 3,2025,34873.27,63.6,236.0,57.6,6.36,149.0,380.0,328.0,7,21.2,1500.0,4,0,145087,3.26,4,3.710691823899371,147.76809322033898,0.25333333333333335,0.21866666666666668,0.0424,1,False,False,False,False,False,False,False,False,False,False,False,False,False,False,False,False,True,False,False,False,False,False,False,False,False,False,False,False,False,False,False,False,False,False,False,False,True,False
Explorer EV,2025,47275.39,64.9,242.0,148.9,5.12,166.0,415.0,361.0,5,38.2,1509.0,3,1,20597,3.51,5,3.7288135593220337,195.3528512396694,0.27501656726308815,0.2392312789927104,0.04300861497680584,1,True,False,False,False,False,False,False,False,False,False,False,True,False,True,False,False,False,False,True,False,False,False,False,False,False,False,False,False,False,False,False,False,False,False,False,False,False,True
i4,2024,69815.81,81.1,291.0,69.8,5.43,172.0,444.0,391.0,7,41.1,2056.0,4,1,42961,3.63,5,3.588162762022195,239.91687285223367,0.21595330739299612,0.19017509727626458,0.03944552529182879,2,True,False,False,True,False,False,False,True,False,False,False,False,False,False,True,True,False,False,False,False,False,False,False,False,False,False,False,False,False,False,False,False,False,False,True,False,False,False
ID.5,2025,95115.92,83.0,275.0,136.0,5.38,170.0,1000.0,873.0,7,28.0,1693.0,3,1,223250,3.54,4,3.3132530120481927,345.87607272727274,0.5906674542232723,0.5156526875369167,0.0490253987005316,1,False,False,False,False,True,False,False,True,False,False,False,False,False,False,True,False,False,False,False,False,False,False,False,False,False,False,False,False,False,False,False,True,False,False,True,False,False,False
Qin,2025,33846.45,52.4,171.0,126.2,7.36,138.0,348.0,349.0,5,75.5,2279.0,5,2,220677,3.2,5,3.263358778625954,197.93245614035087,0.15269855199648968,0.15313734093900833,0.022992540587977183,1,True,False,False,False,False,True,False,False,False,False,False,False,False,False,False,False,True,False,False,False,False,False,False,False,False,False,False,False,False,False,False,False,False,False,False,False,True,False
Cybertruck,2025,98891.22,78.9,301.0,269.9,6.78,143.0,712.0,623.0,5,75.4,2642.0,4,2,113008,3.85,4,3.8149556400506968,328.54225913621264,0.26949280847842544,0.23580620741862227,0.029863739591218776,1,True,False,False,False,False,True,False,False,False,False,False,True,False,False,True,False,False,False,False,False,False,False,False,False,False,False,False,False,False,True,False,False,False,False,False,False,True,False
Picanto EV,2020,51182.15,115.1,444.0,158.4,3.23,200.0,509.0,422.0,7,78.2,1712.0,5,0,106543,3.82,4,3.8575152041702867,115.27511261261262,0.2973130841121495,0.24649532710280375,0.06723130841121495,6,True,False,False,False,False,False,True,False,False,True,False,False,False,True,False,False,False,False,False,False,False,False,True,False,False,False,False,False,False,False,False,False,False,False,False,True,False,False
E-Transit,2023,53190.35,62.2,200.0,78.1,7.05,148.0,511.0,461.0,7,39.0,1682.0,4,2,73417,3.13,4,3.215434083601286,265.95175,0.3038049940546968,0.2740784780023781,0.036979785969084425,3,True,False,True,False,False,False,False,False,False,False,False,True,False,True,False,False,False,False,True,False,False,False,False,False,False,False,False,False,False,False,False,False,False,False,False,False,False,True
i5,2024,73900.67,72.4,258.0,101.5,7.83,134.0,438.0,406.0,5,35.2,1522.0,5,2,78616,3.2,6,3.5635359116022096,286.4367054263566,0.28777923784494086,0.266754270696452,0.047568988173455985,2,True,False,False,False,False,False,False,True,False,False,False,False,False,False,True,True,False,False,False,False,False,False,False,False,False,False,False,False,False,False,False,False,False,False,False,False,False,False
Kona Electric,2023,49376.97,105.9,348.0,77.3,4.75,175.0,509.0,436.0,7,37.4,1766.0,5,1,113770,3.51,4,3.2861189801699715,141.8878448275862,0.2882219705549264,0.24688561721404303,0.05996602491506229,3,True,False,True,False,False,False,False,False,False,True,False,False,False,True,False,False,False,False,False,False,False,True,False,False,False,False,False,False,False,False,False,False,False,False,True,False,False,False
Model 3,2025,129475.2,46.6,150.0,264.8,6.99,144.0,897.0,779.0,7,54.9,1856.0,4,2,225901,3.6,5,3.2188841201716736,863.168,0.4832974137931034,0.4197198275862069,0.025107758620689657,1,False,False,False,True,False,False,False,False,False,False,False,True,True,False,False,False,False,False,False,False,False,False,False,False,False,False,False,False,False,True,False,False,False,False,False,False,True,False
Ocean,2023,81514.31,48.1,186.0,57.9,6.12,157.0,683.0,634.0,5,27.3,1690.0,4,1,16427,3.38,3,3.866943866943867,438.24897849462366,0.4041420118343195,0.37514792899408284,0.02846153846153846,3,True,False,True,False,False,False,False,False,False,False,False,True,False,False,True,False,False,True,False,False,False,False,False,False,False,False,False,False,False,False,False,False,False,False,False,False,False,False
F-150 Lightning,2024,33054.57,55.6,203.0,137.2,6.73,145.0,173.0,200.0,2,61.0,2425.0,5,1,77480,3.1,3,3.6510791366906474,162.83039408866995,0.07134020618556701,0.08247422680412371,0.022927835051546393,2,False,False,False,False,False,True,False,False,False,False,False,True,False,False,False,False,False,False,True,False,False,False,False,False,False,False,False,False,False,False,False,False,False,False,False,False,False,False
Dolphin,2024,38277.53,87.8,282.0,141.6,4.54,181.0,343.0,313.0,5,34.1,1685.0,5,1,237305,3.52,4,3.211845102505695,135.7359219858156,0.20356083086053411,0.18575667655786351,0.052106824925816024,2,False,True,False,False,False,False,False,False,False,False,False,False,False,True,False,False,True,False,False,False,False,False,False,False,False,False,False,False,False,False,False,False,False,False,True,False,False,False
3,2023,77182.19,88.8,337.0,77.9,5.68,160.0,442.0,379.0,5,21.3,1500.0,5,0,5412,3.55,3,3.795045045045045,229.0272700296736,0.2946666666666667,0.25266666666666665,0.059199999999999996,3,False,True,True,False,False,False,False,False,False,False,True,False,False,False,True,False,False,False,False,False,False,False,False,False,False,False,True,False,False,False,False,False,False,False,True,False,False,False
Picanto EV,2025,80721.44,72.9,256.0,58.9,6.67,144.0,912.0,808.0,5,21.1,1503.0,3,1,130227,3.54,4,3.511659807956104,315.318125,0.6067864271457086,0.5375914836992681,0.04850299401197605,1,False,True,True,False,False,False,False,False,False,True,False,False,False,False,True,False,False,False,False,False,False,False,True,False,False,False,False,False,False,False,False,False,False,False,False,False,True,False
EV6,2021,36092.98,41.6,150.0,105.9,5.2,170.0,254.0,233.0,5,45.9,2561.0,5,1,73706,3.0,3,3.605769230769231,240.6198666666667,0.09918000780944944,0.09098008590394377,0.016243654822335026,5,False,False,False,True,False,False,False,False,False,True,False,False,False,True,False,False,False,False,False,False,False,False,True,False,False,False,False,False,False,False,False,False,False,False,False,False,True,False
Equinox EV,2022,59493.52,71.9,270.0,162.1,3.04,200.0,761.0,683.0,5,48.3,1650.0,3,0,16751,3.44,4,3.755215577190542,220.34637037037035,0.4612121212121212,0.41393939393939394,0.04357575757575758,4,True,False,False,True,False,False,False,False,False,False,False,True,False,True,False,False,False,False,False,True,False,False,False,False,False,False,False,False,False,False,False,False,False,False,False,True,False,False
Explorer EV,2023,38433.81,45.5,152.0,93.2,7.84,137.0,247.0,257.0,5,76.1,2667.0,4,1,31451,3.08,3,3.340659340659341,252.8540131578947,0.09261342332208473,0.09636295463067117,0.01706036745406824,3,True,False,False,False,False,True,False,False,False,False,False,True,False,True,False,False,False,False,True,False,False,False,False,False,False,False,False,False,False,False,False,False,False,False,False,False,False,True
i3,2024,73301.49,109.7,367.0,196.4,3.4,200.0,489.0,443.0,7,31.1,1547.0,5,1,50214,3.67,6,3.3454876937101186,199.73158038147142,0.3160956690368455,0.286360698125404,0.07091144149967679,2,True,False,False,False,False,False,False,True,False,False,False,False,False,False,True,True,False,False,False,False,False,False,False,False,False,False,False,False,False,False,False,False,False,False,False,True,False,False
Model Y,2025,113868.37,86.6,301.0,250.9,4.84,185.0,826.0,761.0,7,24.3,1500.0,4,2,455459,3.98,5,3.4757505773672057,378.3002325581395,0.5506666666666666,0.5073333333333333,0.05773333333333333,1,False,False,False,False,True,False,False,False,False,False,False,True,True,False,False,False,False,False,False,False,False,False,False,False,False,False,False,False,False,True,False,False,False,False,True,False,False,False
Dolphin,2024,100526.02,84.9,300.0,124.8,6.95,147.0,1000.0,935.0,7,25.6,1569.0,4,0,178707,3.53,4,3.5335689045936394,335.08673333333337,0.6373486297004461,0.5959209687699172,0.05411089866156788,2,False,False,True,False,False,False,False,False,False,False,False,False,True,False,False,False,True,False,False,False,False,False,False,False,False,False,False,False,False,False,False,False,False,False,False,False,True,False
R3,2025,78088.2,42.4,150.0,144.6,5.92,161.0,622.0,542.0,5,28.6,1769.0,3,0,26875,3.25,5,3.5377358490566038,520.588,0.3516110797060486,0.30638778971170155,0.023968343697003958,1,False,False,True,False,False,False,False,False,False,False,False,True,False,False,True,False,False,False,False,False,False,False,False,False,False,False,False,False,True,False,False,False,False,False,False,False,False,False
Qin,2025,101418.24,74.3,239.0,183.8,3.67,200.0,1000.0,942.0,5,17.6,1696.0,3,0,115025,3.58,4,3.2166890982503364,424.34410041841005,0.589622641509434,0.5554245283018868,0.043808962264150944,1,False,False,True,False,False,False,False,False,False,False,False,False,True,False,False,False,True,False,False,False,False,False,False,False,False,False,False,False,False,False,False,False,False,False,False,True,False,False
ID.3,2023,99609.58,83.8,287.0,55.7,7.43,141.0,1000.0,862.0,7,20.1,1973.0,4,0,245824,3.56,5,3.424821002386635,347.07170731707316,0.5068423720223011,0.43689812468322353,0.04247339077546883,3,False,False,False,False,False,False,False,True,False,False,False,False,False,False,True,False,False,False,False,False,False,False,False,False,False,False,False,False,False,False,False,True,False,False,False,False,True,False
ID.3,2025,66620.77,53.1,196.0,125.1,7.65,132.0,710.0,644.0,5,31.4,1570.0,5,0,206717,3.56,4,3.6911487758945385,339.90188775510205,0.45222929936305734,0.4101910828025478,0.03382165605095541,1,False,False,False,False,False,False,False,True,False,False,False,False,False,False,True,False,False,False,False,False,False,False,False,False,False,False,False,False,False,False,False,True,False,False,False,False,False,False
ID.3,2021,70654.72,88.4,317.0,84.0,4.82,163.0,711.0,644.0,7,27.6,1724.0,4,0,211095,3.8,5,3.5859728506787327,222.8855520504732,0.4124129930394432,0.37354988399071926,0.051276102088167054,5,True,False,True,False,False,False,False,True,False,False,False,False,False,False,True,False,False,False,False,False,False,False,False,False,False,False,False,False,False,False,False,True,False,False,True,False,False,False
Niro EV,2025,110498.55,107.7,407.0,182.1,2.85,200.0,1000.0,893.0,5,53.4,1849.0,4,0,55383,3.92,4,3.7790157845868153,271.4952088452089,0.5408328826392644,0.48296376419686315,0.05824770146024878,1,False,True,False,True,False,False,False,False,False,True,False,False,True,False,False,False,False,False,False,False,False,False,True,False,False,False,False,False,False,False,False,False,False,False,False,True,False,False
EL8,2025,104953.65,69.0,237.0,102.5,7.78,132.0,1000.0,879.0,7,34.2,1974.0,5,2,26944,3.47,3,3.4347826086956523,442.8424050632911,0.5065856129685917,0.4452887537993921,0.034954407294832825,1,False,False,False,False,True,False,False,False,False,False,False,False,True,False,False,False,False,False,False,False,False,False,False,False,False,True,False,False,False,False,False,False,False,False,False,False,True,False
Leaf 50X,2024,42041.16,108.4,373.0,83.6,4.95,176.0,422.0,409.0,7,66.5,2360.0,3,0,120124,3.79,4,3.440959409594096,112.71088471849868,0.1788135593220339,0.1733050847457627,0.04593220338983051,2,True,False,False,False,False,True,False,False,False,False,False,False,False,True,False,False,True,False,False,False,False,False,False,False,False,False,False,False,False,False,False,False,False,False,True,False,False,False
Model S,2025,120338.19,101.1,324.0,304.9,5.12,178.0,857.0,741.0,7,66.5,2561.0,4,2,236717,4.06,5,3.2047477744807122,371.4141666666667,0.33463490823896913,0.2893401015228426,0.039476766887934396,1,False,True,False,False,False,True,False,False,False,False,False,True,True,False,False,False,False,False,False,False,False,False,False,False,False,False,False,False,False,True,False,False,False,False,True,False,False,False
Model Y,2025,147345.82,89.5,311.0,235.0,4.48,191.0,1000.0,893.0,5,72.0,1709.0,5,2,458246,3.66,5,3.474860335195531,473.7807717041801,0.5851375073142189,0.5225277940315974,0.05236980690462258,1,False,False,False,False,False,False,True,False,False,False,False,True,True,False,False,False,False,False,False,False,False,False,False,False,False,False,False,False,False,True,False,False,False,False,True,False,False,False
e-tron GT,2025,69716.21,72.8,250.0,73.8,7.04,145.0,400.0,342.0,5,36.4,1869.0,5,1,21802,3.43,5,3.4340659340659343,278.86484,0.21401819154628143,0.18298555377207062,0.03895131086142322,1,False,False,False,True,False,False,False,True,False,False,False,False,False,False,True,False,False,False,False,False,False,False,False,False,False,False,False,False,False,False,False,False,False,False,False,False,False,False
i7,2025,88626.17,42.7,150.0,121.0,7.91,129.0,638.0,538.0,7,28.6,1728.0,4,1,40644,3.5,7,3.51288056206089,590.8411333333333,0.36921296296296297,0.3113425925925926,0.024710648148148148,1,False,False,False,False,False,False,False,True,False,False,False,False,False,False,True,True,False,False,False,False,False,False,False,False,False,False,False,False,False,False,False,False,False,False,False,False,True,False
Max,2022,68088.93,51.8,170.0,149.8,5.24,173.0,757.0,731.0,5,30.7,1668.0,4,1,201225,3.25,5,3.281853281853282,400.52311764705877,0.4538369304556355,0.4382494004796163,0.031055155875299757,4,False,False,True,False,False,False,False,False,False,False,False,False,False,False,True,False,True,False,False,False,False,False,False,False,False,False,False,False,False,False,False,False,False,False,False,False,False,True
E-Transit,2024,97929.01,50.3,198.0,106.3,6.92,139.0,1000.0,928.0,7,50.1,2018.0,5,0,20102,3.3,5,3.9363817097415508,494.5909595959596,0.49554013875123887,0.45986124876114964,0.024925668979187313,2,False,True,False,True,False,False,False,False,False,False,False,True,False,False,True,False,False,False,True,False,False,False,False,False,False,False,False,False,False,False,False,False,False,False,False,False,True,False
EQE,2022,118966.22,83.4,306.0,122.6,4.73,187.0,634.0,605.0,5,38.1,1668.0,4,2,78467,3.86,8,3.6690647482014387,388.77849673202616,0.3800959232613909,0.3627098321342926,0.05,4,False,True,True,False,False,False,False,True,False,False,False,False,True,False,False,False,False,False,False,False,False,False,False,False,True,False,False,False,False,False,False,False,False,False,True,False,False,False
GLE EV,2021,167760.51,110.2,367.0,161.0,4.22,189.0,1000.0,912.0,7,38.9,1571.0,5,1,66576,3.8,8,3.3303085299455533,457.11310626703,0.6365372374283895,0.5805219605346913,0.07014640356460854,5,False,True,True,False,False,False,False,True,False,False,False,False,True,False,False,False,False,False,False,False,False,False,False,False,True,False,False,False,False,False,False,False,False,False,False,True,False,False
R3,2024,105996.52,77.2,274.0,218.4,3.13,196.0,1000.0,918.0,7,16.2,1630.0,5,0,1509,3.58,5,3.549222797927461,386.8486131386861,0.6134969325153374,0.5631901840490797,0.04736196319018405,2,False,True,True,False,False,False,False,False,False,False,False,True,True,False,False,False,False,False,False,False,False,False,False,False,False,False,False,False,True,False,False,False,False,False,False,True,False,False
Max,2023,94064.69,95.8,342.0,104.0,4.95,180.0,1000.0,918.0,5,37.9,1679.0,5,0,117049,3.64,5,3.569937369519833,275.04295321637426,0.5955926146515783,0.5467540202501489,0.0570577724836212,3,False,False,True,False,False,False,False,False,False,False,False,False,False,False,True,False,True,False,False,False,False,False,False,False,False,False,False,False,False,False,False,False,False,False,True,False,False,False
Equinox EV,2025,58372.94,95.2,341.0,119.0,5.77,159.0,790.0,762.0,5,61.6,2173.0,5,1,5246,3.78,5,3.5819327731092434,171.181642228739,0.3635526921306949,0.3506672802577082,0.043810400368154624,1,True,False,False,True,False,False,False,False,False,False,False,True,False,True,False,False,False,False,False,True,False,False,False,False,False,False,False,False,False,False,False,False,False,False,True,False,False,False
Ioniq 5,2025,64470.9,46.6,166.0,128.6,5.27,172.0,778.0,729.0,7,17.1,1574.0,4,0,90740,3.34,4,3.5622317596566524,388.3789156626506,0.49428208386277,0.46315120711562896,0.029606099110546378,1,False,False,False,False,True,False,False,False,False,True,False,False,False,True,False,False,False,False,False,False,False,True,False,False,False,False,False,False,False,False,False,False,False,False,False,False,True,False
EQG,2022,140186.97,89.7,340.0,103.8,5.28,162.0,842.0,758.0,5,24.7,1500.0,4,1,31832,4.04,8,3.79041248606466,412.3146176470588,0.5613333333333334,0.5053333333333333,0.0598,4,True,False,True,False,False,False,False,True,False,False,False,False,True,False,False,False,False,False,False,False,False,False,False,False,True,False,False,False,False,False,False,False,False,False,True,False,False,False
Silverado EV,2025,70759.08,83.3,278.0,111.1,6.63,157.0,1000.0,910.0,7,27.5,1500.0,4,0,11923,3.61,4,3.3373349339735894,254.52906474820145,0.6666666666666666,0.6066666666666667,0.05553333333333333,1,True,False,False,False,False,False,False,False,False,False,False,True,False,False,True,False,False,False,False,True,False,False,False,False,False,False,False,False,False,False,False,False,False,False,False,False,True,False
Explorer EV,2025,57566.92,54.3,184.0,70.1,7.12,140.0,608.0,572.0,5,48.4,1896.0,4,2,64630,3.23,5,3.388581952117864,312.86369565217393,0.3206751054852321,0.30168776371308015,0.028639240506329114,1,True,False,False,True,False,False,False,False,False,False,False,True,False,True,False,False,False,False,True,False,False,False,False,False,False,False,False,False,False,False,False,False,False,False,False,False,False,True
i5,2026,125686.6,91.1,335.0,93.0,5.83,160.0,1000.0,891.0,5,65.5,2713.0,5,1,50691,3.66,6,3.6772777167947313,375.18388059701493,0.36859565057132326,0.32841872465904903,0.03357906376704755,0,False,False,False,False,False,True,False,True,False,False,False,False,True,False,False,True,False,False,False,False,False,False,False,False,False,False,False,False,False,False,False,False,False,False,True,False,False,False
Model S,2024,64261.34,116.7,433.0,322.7,2.86,200.0,402.0,369.0,5,18.5,1894.0,3,2,145470,4.1,5,3.7103684661525276,148.40956120092378,0.2122492080253432,0.19482576557550157,0.06161562829989441,2,True,False,True,False,False,False,False,False,False,False,False,True,False,True,False,False,False,False,False,False,False,False,False,False,False,False,False,False,False,True,False,False,False,False,False,True,False,False
Sportage EV,2023,31014.43,43.7,167.0,135.5,6.68,149.0,200.0,200.0,5,45.5,2106.0,5,1,68930,3.05,4,3.8215102974828374,185.7151497005988,0.0949667616334283,0.0949667616334283,0.020750237416904085,3,False,False,False,True,False,False,False,False,False,True,False,False,False,False,False,False,False,False,False,False,False,False,True,False,False,False,False,False,False,False,False,False,False,False,False,False,False,False
3,2024,116528.23,75.6,282.0,77.2,7.01,144.0,886.0,811.0,5,76.9,2331.0,4,1,14704,3.58,4,3.7301587301587302,413.22067375886525,0.38009438009438007,0.3479193479193479,0.03243243243243243,2,False,False,False,False,False,True,False,False,False,False,True,False,True,False,False,False,False,False,False,False,False,False,False,False,False,False,True,False,False,False,False,False,False,False,False,False,False,True
EL6,2024,144156.68,92.7,331.0,163.8,2.82,200.0,1000.0,847.0,5,23.3,1500.0,5,0,28598,3.78,3,3.570658036677454,435.518670694864,0.6666666666666666,0.5646666666666667,0.0618,2,False,False,True,False,False,False,False,False,False,False,False,False,True,False,False,False,False,False,False,False,False,False,False,False,False,True,False,False,False,False,False,False,False,False,False,True,False,False
Model X,2024,97305.17,40.9,150.0,341.6,6.29,158.0,732.0,658.0,7,77.3,1545.0,3,3,135420,3.42,5,3.6674816625916873,648.7011333333334,0.47378640776699027,0.42588996763754045,0.026472491909385113,2,True,False,False,False,False,False,True,False,False,False,False,True,False,False,True,False,False,False,False,False,False,False,False,False,False,False,False,False,False,True,False,False,False,False,False,False,False,False
Cybertruck,2021,64613.56,49.8,175.0,218.9,7.79,130.0,429.0,370.0,5,57.4,2450.0,4,3,243316,3.49,5,3.5140562248995986,369.22034285714284,0.17510204081632652,0.1510204081632653,0.020326530612244896,5,False,True,False,False,False,True,False,False,False,False,False,True,False,True,False,False,False,False,False,False,False,False,False,False,False,False,False,False,False,True,False,False,False,False,False,False,False,False
Model Y,2024,142240.31,46.3,166.0,245.7,5.49,152.0,1000.0,929.0,5,60.1,2813.0,5,2,461025,3.45,6,3.5853131749460045,856.8693373493976,0.35549235691432635,0.3302523995734092,0.016459296125133308,2,False,True,False,False,False,True,False,False,False,False,False,True,True,False,False,False,False,False,False,False,False,False,False,False,False,False,False,False,False,True,False,False,False,False,False,False,True,False
Blazer EV,2023,45534.53,61.3,201.0,148.1,7.67,130.0,476.0,404.0,7,38.9,1500.0,5,2,7422,3.31,3,3.278955954323002,226.5399502487562,0.31733333333333336,0.2693333333333333,0.04086666666666666,3,False,False,False,False,True,False,False,False,False,False,False,True,False,True,False,False,False,False,False,True,False,False,False,False,False,False,False,False,False,False,False,False,False,False,False,False,False,True
F-150 Lightning,2024,88743.58,80.1,265.0,69.6,4.68,187.0,1000.0,902.0,2,78.0,2611.0,5,0,63330,3.64,4,3.3083645443196006,334.88143396226417,0.38299502106472616,0.34546150900038297,0.030677901187284563,2,True,False,False,False,False,True,False,False,False,False,False,True,False,False,True,False,False,False,True,False,False,False,False,False,False,False,False,False,False,False,False,False,False,False,True,False,False,False
Dolphin,2021,36671.61,51.7,195.0,147.1,5.93,166.0,378.0,358.0,7,51.5,2585.0,4,1,112221,3.41,4,3.771760154738878,188.05953846153847,0.14622823984526112,0.13849129593810444,0.02,5,True,False,False,False,False,True,False,False,False,False,False,False,False,True,False,False,True,False,False,False,False,False,False,False,False,False,False,False,False,False,False,False,False,False,False,False,False,True
Ioniq 5,2025,37110.33,75.5,266.0,79.4,7.93,130.0,269.0,275.0,7,31.6,1594.0,5,1,143597,3.54,4,3.5231788079470197,139.51251879699248,0.16875784190715182,0.1725219573400251,0.04736511919698871,1,False,False,True,False,False,False,False,False,False,True,False,False,False,True,False,False,False,False,False,False,False,True,False,False,False,False,False,False,False,False,False,False,False,False,False,False,False,True
EQE,2025,103655.43,79.6,307.0,201.7,3.25,197.0,574.0,523.0,7,62.1,1865.0,4,2,54248,3.94,8,3.8567839195979903,337.6398371335505,0.30777479892761395,0.2804289544235925,0.04268096514745308,1,False,True,False,False,False,False,True,True,False,False,False,False,True,False,False,False,False,False,False,False,False,False,False,False,True,False,False,False,False,False,False,False,False,False,False,True,False,False
Blazer EV,2024,41328.5,93.2,342.0,182.4,4.37,186.0,448.0,355.0,5,26.7,1818.0,5,2,18258,3.87,4,3.669527896995708,120.84356725146199,0.24642464246424642,0.19526952695269528,0.05126512651265127,2,False,True,True,False,False,False,False,False,False,False,False,True,False,True,False,False,False,False,False,True,False,False,False,False,False,False,False,False,False,False,False,False,False,False,False,True,False,False
Picanto EV,2025,28245.98,68.8,222.0,54.1,5.42,171.0,171.0,200.0,5,37.2,1730.0,4,0,75515,3.26,4,3.2267441860465116,127.23414414414414,0.09884393063583816,0.11560693641618497,0.03976878612716763,1,False,True,False,False,True,False,False,False,False,True,False,False,False,False,False,False,False,False,False,False,False,False,True,False,False,False,False,False,False,False,False,False,False,False,False,False,False,False
Niro EV,2025,55056.42,81.0,274.0,99.8,6.27,160.0,541.0,502.0,7,20.3,1500.0,4,0,118841,3.38,3,3.382716049382716,200.9358394160584,0.3606666666666667,0.33466666666666667,0.054,1,False,True,False,False,False,False,False,False,False,True,False,False,False,True,False,False,False,False,False,False,False,False,True,False,False,False,False,False,False,False,False,False,False,False,False,False,False,False
Kona Electric,2024,69523.19,77.9,274.0,115.1,6.78,145.0,852.0,751.0,7,18.4,1807.0,4,2,133082,3.52,4,3.5173299101412066,253.7342700729927,0.47149972329828443,0.4156059767570559,0.04311012728278916,2,False,True,True,False,False,False,False,False,False,True,False,False,False,False,True,False,False,False,False,False,False,True,False,False,False,False,False,False,False,False,False,False,False,False,False,False,True,False
Atto 3,2024,25253.73,99.1,355.0,139.7,5.45,167.0,197.0,200.0,7,73.4,1891.0,4,0,158999,3.61,4,3.582240161453078,71.1372676056338,0.1041776837652036,0.10576414595452142,0.05240613432046536,2,True,False,False,False,False,False,True,False,False,False,False,False,False,False,False,False,True,False,False,False,False,False,False,False,False,False,False,False,False,False,False,False,False,False,True,False,False,False
Sportage EV,2022,89447.77,97.2,328.0,73.1,4.03,187.0,1000.0,921.0,5,69.6,2041.0,5,0,135902,3.67,4,3.3744855967078187,272.70661585365855,0.4899559039686428,0.45124938755512006,0.047623713865752086,4,True,False,False,True,False,False,False,False,False,True,False,False,False,False,True,False,False,False,False,False,False,False,True,False,False,False,False,False,False,False,False,False,False,False,True,False,False,False
iX,2025,76098.9,67.8,221.0,149.8,6.59,150.0,535.0,453.0,5,40.4,1969.0,5,1,36766,3.35,8,3.2595870206489677,344.3389140271493,0.27171152869476894,0.23006602336211274,0.034433722701879124,1,True,False,False,True,False,False,False,True,False,False,False,False,False,False,True,True,False,False,False,False,False,False,False,False,False,False,False,False,False,False,False,False,False,False,False,False,False,False
Q4 e-tron,2024,103666.6,66.4,243.0,142.2,6.98,141.0,742.0,633.0,5,64.1,2348.0,4,2,59232,3.4,6,3.6596385542168672,426.61152263374487,0.31601362862010224,0.2695911413969336,0.028279386712095404,2,True,False,False,False,False,True,False,True,False,False,False,False,True,False,False,False,False,False,False,False,False,False,False,False,False,False,False,False,False,False,False,False,False,False,False,False,False,False
i4,2024,86675.29,62.4,204.0,145.8,5.1,172.0,640.0,578.0,5,67.2,2345.0,4,2,72572,3.35,8,3.269230769230769,424.8788725490196,0.27292110874200426,0.2464818763326226,0.026609808102345416,2,True,False,False,False,False,True,False,True,False,False,False,False,False,False,True,True,False,False,False,False,False,False,False,False,False,False,False,False,False,False,False,False,False,False,False,False,False,True
Bolt EUV,2021,64473.77,77.6,293.0,135.5,6.86,143.0,834.0,769.0,5,66.0,2241.0,4,0,9147,3.72,4,3.775773195876289,220.04699658703072,0.37215528781793844,0.3431503792949576,0.03462739848282017,5,True,False,False,False,False,True,False,False,False,False,False,True,False,True,False,False,False,False,False,True,False,False,False,False,False,False,False,False,False,False,False,False,False,False,False,False,False,True
Cybertruck,2025,55743.68,46.8,183.0,220.8,5.76,168.0,398.0,339.0,5,52.1,2748.0,4,2,237895,3.33,5,3.9102564102564106,304.61027322404374,0.14483260553129548,0.12336244541484716,0.01703056768558952,1,False,False,False,False,False,True,False,False,False,False,False,True,False,True,False,False,False,False,False,False,False,False,False,False,False,False,False,False,False,True,False,False,False,False,False,False,False,False
i30,2025,72352.97,86.6,289.0,157.1,3.15,200.0,921.0,811.0,5,63.6,1868.0,3,0,107166,3.51,4,3.337182448036952,250.35629757785466,0.4930406852248394,0.4341541755888651,0.04635974304068522,1,False,True,False,False,False,False,True,False,False,True,False,False,False,False,True,False,False,False,False,False,False,True,False,False,False,False,False,False,False,False,False,False,False,False,False,True,False,False
Model 3,2024,92846.92,75.3,265.0,226.2,4.28,180.0,653.0,618.0,5,21.8,1500.0,3,2,187727,3.9,4,3.5192563081009296,350.3657358490566,0.43533333333333335,0.412,0.0502,2,False,True,False,False,True,False,False,False,False,False,False,True,False,False,True,False,False,False,False,False,False,False,False,False,False,False,False,False,False,True,False,False,False,False,False,True,False,False
Dolphin,2025,64952.61,79.2,299.0,135.5,7.42,144.0,769.0,669.0,7,35.0,1563.0,5,2,246706,3.79,4,3.775252525252525,217.2328093645485,0.49200255918106206,0.42802303262955854,0.050671785028790786,1,False,False,False,False,False,False,False,False,False,False,False,False,False,True,False,False,True,False,False,False,False,False,False,False,False,False,False,False,False,False,False,False,False,False,False,False,False,False
Equinox EV,2024,32869.42,73.8,276.0,87.4,5.87,157.0,282.0,288.0,5,40.0,2125.0,3,0,10258,3.6,4,3.739837398373984,119.09210144927536,0.13270588235294117,0.13552941176470587,0.034729411764705884,2,True,False,False,True,False,False,False,False,False,False,False,True,False,False,False,False,False,False,False,True,False,False,False,False,False,False,False,False,False,False,False,False,False,False,False,False,False,False
C40 Recharge,2022,46215.01,45.9,150.0,127.8,5.43,165.0,215.0,200.0,5,20.7,1790.0,5,1,17974,3.32,3,3.2679738562091503,308.1000666666667,0.12011173184357542,0.11173184357541899,0.02564245810055866,4,True,False,True,False,False,False,False,False,False,False,True,False,False,True,False,False,False,False,False,False,False,False,False,False,False,False,False,False,False,False,False,False,True,False,False,False,False,False
Model 3,2025,109716.37,72.9,254.0,269.0,7.48,140.0,761.0,696.0,7,75.7,2588.0,5,2,176733,3.77,4,3.484224965706447,431.95421259842516,0.2940494590417311,0.2689335394126739,0.028168469860896446,1,False,False,False,False,False,True,False,False,False,False,False,True,True,False,False,False,False,False,False,False,False,False,False,False,False,False,False,False,False,True,False,False,False,False,False,False,True,False
ID.4,2022,82795.09,103.2,345.0,103.7,4.66,181.0,931.0,861.0,7,20.5,1581.0,4,0,263434,3.53,5,3.343023255813953,239.98576811594202,0.5888678051865908,0.5445920303605313,0.06527514231499051,4,False,False,False,False,False,False,False,True,False,False,False,False,False,False,True,False,False,False,False,False,False,False,False,False,False,False,False,False,False,False,False,True,False,False,True,False,False,False
Mustang Mach-E,2026,61924.92,108.2,354.0,77.3,5.13,168.0,651.0,587.0,7,68.3,1684.0,4,1,37462,3.75,5,3.2717190388170057,174.9291525423729,0.38657957244655583,0.3485748218527316,0.0642517814726841,0,True,False,False,False,False,False,True,False,False,False,False,True,False,True,False,False,False,False,True,False,False,False,False,False,False,False,False,False,False,False,False,False,False,False,True,False,False,False
Leaf 50X,2025,51480.21,84.7,320.0,50.9,5.99,158.0,596.0,507.0,5,21.7,1730.0,5,0,132415,3.44,5,3.778040141676505,160.87565625,0.3445086705202312,0.2930635838150289,0.04895953757225434,1,False,False,True,False,False,False,False,False,False,False,False,False,False,True,False,False,True,False,False,False,False,False,False,False,False,False,False,False,False,False,False,False,False,False,True,False,False,False
Sportage EV,2026,75695.59,58.1,208.0,85.2,6.28,151.0,904.0,810.0,5,56.3,1910.0,4,2,99994,3.36,4,3.580034423407917,363.92110576923073,0.4732984293193717,0.42408376963350786,0.03041884816753927,0,False,False,False,True,False,False,False,False,False,True,False,False,False,False,True,False,False,False,False,False,False,False,True,False,False,False,False,False,False,False,False,False,False,False,False,False,False,True
Blazer EV,2023,30572.73,55.2,208.0,113.6,7.82,134.0,222.0,209.0,7,34.1,1561.0,4,0,13459,3.31,4,3.7681159420289854,146.98427884615384,0.14221652786675207,0.133888532991672,0.03536194746957079,3,False,False,False,False,False,False,False,False,False,False,False,True,False,False,False,False,False,False,False,True,False,False,False,False,False,False,False,False,False,False,False,False,False,False,False,False,False,False
Sportage EV,2021,92296.55,118.8,403.0,218.8,3.5,197.0,1000.0,906.0,5,49.7,2329.0,5,0,79309,3.97,4,3.3922558922558923,229.02369727047147,0.42936882782310004,0.38900815800772864,0.051009016745384286,5,False,True,False,True,False,False,False,False,False,True,False,False,False,False,True,False,False,False,False,False,False,False,True,False,False,False,False,False,False,False,False,False,False,False,False,True,False,False
Model S,2023,41460.27,53.8,191.0,277.0,6.4,155.0,277.0,278.0,5,78.4,1500.0,4,2,119951,3.56,4,3.550185873605948,217.06947643979055,0.18466666666666667,0.18533333333333332,0.035866666666666665,3,False,True,False,False,False,False,True,False,False,False,False,True,False,True,False,False,False,False,False,False,False,False,False,False,False,False,False,False,False,True,False,False,False,False,False,False,False,False
ID.3,2025,53934.12,54.5,187.0,68.5,6.33,143.0,534.0,464.0,7,33.7,1763.0,5,1,220093,3.36,3,3.4311926605504586,288.4177540106952,0.3028927963698242,0.2631877481565513,0.030913216108905274,1,True,False,False,False,True,False,False,True,False,False,False,False,False,True,False,False,False,False,False,False,False,False,False,False,False,False,False,False,False,False,False,True,False,False,False,False,False,True
Explorer EV,2024,86809.78,64.0,201.0,144.5,7.58,126.0,1000.0,931.0,7,78.6,2676.0,4,2,40976,3.0,3,3.140625,431.8894527363184,0.37369207772795215,0.3479073243647235,0.02391629297458894,2,False,False,False,False,False,True,False,False,False,False,False,True,False,False,True,False,False,False,True,False,False,False,False,False,False,False,False,False,False,False,False,False,False,False,False,False,True,False
EV9,2024,107669.85,101.4,345.0,247.6,2.61,200.0,1000.0,905.0,7,42.4,1870.0,5,0,128063,4.17,4,3.4023668639053253,312.08652173913043,0.5347593582887701,0.4839572192513369,0.05422459893048129,2,False,False,False,True,False,False,False,False,False,True,False,False,True,False,False,False,False,False,False,False,False,False,True,False,False,False,False,False,False,False,False,False,False,False,False,True,False,False
Cybertruck,2025,113505.79,80.7,286.0,323.1,6.52,155.0,854.0,760.0,5,51.4,2737.0,4,3,162101,3.9,5,3.543990086741016,396.8733916083916,0.31202046035805625,0.2776762879064669,0.02948483741322616,1,False,True,False,False,False,True,False,False,False,False,False,True,True,False,False,False,False,False,False,False,False,False,False,False,False,False,False,False,False,True,False,False,False,False,False,False,True,False
Bolt EV,2024,37659.35,52.6,166.0,66.3,6.06,154.0,425.0,341.0,7,29.7,1500.0,5,0,14766,3.22,4,3.155893536121673,226.86355421686747,0.2833333333333333,0.22733333333333333,0.03506666666666667,2,False,False,False,False,True,False,False,False,False,False,False,True,False,True,False,False,False,False,False,True,False,False,False,False,False,False,False,False,False,False,False,False,False,False,False,False,False,True
Cybertruck,2025,118632.47,86.9,300.0,238.9,4.75,168.0,867.0,784.0,5,62.8,2731.0,5,2,209669,3.98,5,3.452243958573072,395.4415666666667,0.31746612962284876,0.28707433174661295,0.03181984621017942,1,True,False,False,False,False,True,False,False,False,False,False,True,True,False,False,False,False,False,False,False,False,False,False,False,False,False,False,False,False,True,False,False,False,False,True,False,False,False
Bolt EUV,2026,71451.17,77.0,267.0,102.3,7.57,130.0,979.0,856.0,7,71.5,1633.0,5,0,1367,3.49,3,3.4675324675324677,267.60737827715354,0.5995101041028781,0.524188609920392,0.04715248009797918,0,False,False,False,False,False,False,True,False,False,False,False,True,False,False,True,False,False,False,False,True,False,False,False,False,False,False,False,False,False,False,False,False,False,False,False,False,True,False
Model S,2025,66113.76,42.6,168.0,261.0,7.33,137.0,469.0,481.0,7,34.0,1665.0,4,2,185813,3.27,5,3.943661971830986,393.53428571428566,0.2816816816816817,0.28888888888888886,0.025585585585585588,1,False,True,False,False,True,False,False,False,False,False,False,True,False,False,True,False,False,False,False,False,False,False,False,False,False,False,False,False,False,True,False,False,False,False,False,False,False,False
bZ4X,2022,46862.78,63.4,215.0,101.5,6.6,151.0,390.0,345.0,7,26.9,1614.0,5,0,1920,3.39,4,3.3911671924290223,217.96641860465115,0.241635687732342,0.2137546468401487,0.03928128872366791,4,False,False,False,False,True,False,False,False,True,False,False,False,False,True,False,False,False,False,False,False,False,False,False,False,False,False,False,False,False,False,True,False,False,False,False,False,True,False
ID.3,2023,70444.74,90.5,338.0,176.8,4.38,185.0,775.0,702.0,7,67.1,2184.0,4,2,214221,3.69,4,3.734806629834254,208.4163905325444,0.35485347985347987,0.32142857142857145,0.041437728937728936,3,True,False,False,False,False,True,False,True,False,False,False,False,False,False,True,False,False,False,False,False,False,False,False,False,False,False,False,False,False,False,False,True,False,False,False,True,False,False
Qin,2022,77020.14,86.6,333.0,87.9,5.6,161.0,792.0,733.0,5,74.4,1500.0,5,1,167490,3.58,4,3.84526558891455,231.2917117117117,0.528,0.4886666666666667,0.05773333333333333,4,True,False,False,False,False,False,True,False,False,False,False,False,False,False,True,False,True,False,False,False,False,False,False,False,False,False,False,False,False,False,False,False,False,False,True,False,False,False
Model S,2025,169177.37,89.9,303.0,309.6,3.53,200.0,1000.0,898.0,7,66.8,2131.0,4,3,130032,3.68,6,3.3704115684093434,558.3411551155116,0.4692632566870014,0.42139840450492727,0.04218676677616143,1,False,True,False,True,False,False,False,False,False,False,False,True,True,False,False,False,False,False,False,False,False,False,False,False,False,False,False,False,False,True,False,False,False,False,False,True,False,False
Atto 3,2025,39603.87,75.1,266.0,100.7,5.93,158.0,525.0,432.0,5,76.7,1754.0,5,0,195375,3.46,4,3.541944074567244,148.8867293233083,0.2993158494868871,0.24629418472063855,0.04281641961231471,1,False,False,False,False,False,False,True,False,False,False,False,False,False,True,False,False,True,False,False,False,False,False,False,False,False,False,False,False,False,False,False,False,False,False,False,False,False,False
Q4 e-tron,2023,48523.32,82.6,283.0,91.7,7.19,137.0,157.0,200.0,5,55.9,2208.0,5,2,57366,3.57,6,3.4261501210653758,171.46049469964663,0.07110507246376811,0.09057971014492754,0.03740942028985507,3,False,False,False,True,False,False,False,True,False,False,False,False,False,True,False,False,False,False,False,False,False,False,False,False,False,False,False,False,False,False,False,False,False,False,False,False,False,False
SU7,2021,49221.78,80.4,266.0,104.9,4.65,176.0,353.0,314.0,5,28.7,1717.0,5,2,23659,3.6,3,3.3084577114427858,185.0442857142857,0.20559114735002912,0.18287711124053582,0.04682585905649389,5,False,False,True,False,False,False,False,False,False,False,False,False,False,True,False,False,False,False,False,False,False,False,False,False,False,False,False,False,False,False,False,False,False,True,True,False,False,False
ID.3,2023,57817.4,40.4,167.0,88.6,5.78,156.0,536.0,511.0,5,70.7,2281.0,5,1,227778,3.41,3,4.133663366336634,346.2119760479042,0.23498465585269618,0.2240245506356861,0.017711530030688295,3,False,False,False,False,False,True,False,True,False,False,False,False,False,True,False,False,False,False,False,False,False,False,False,False,False,False,False,False,False,False,False,True,False,False,False,False,True,False
ID. Buzz,2020,72240.69,59.6,178.0,99.9,6.94,143.0,750.0,689.0,5,34.8,1734.0,4,1,255858,3.29,3,2.9865771812080535,405.8465730337079,0.43252595155709345,0.3973471741637832,0.03437139561707036,6,True,False,False,False,True,False,False,True,False,False,False,False,False,False,True,False,False,False,False,False,False,False,False,False,False,False,False,False,False,False,False,True,False,False,False,False,False,True
Equinox EV,2022,82968.06,75.4,253.0,145.5,5.92,163.0,1000.0,913.0,7,36.1,2053.0,4,0,7825,3.4,4,3.355437665782493,327.9369960474308,0.4870920603994155,0.44471505114466636,0.03672674135411593,4,False,False,False,True,False,False,False,False,False,False,False,True,False,False,True,False,False,False,False,True,False,False,False,False,False,False,False,False,False,False,False,False,False,False,False,False,True,False
e-tron,2023,82135.99,78.3,272.0,70.7,4.67,170.0,456.0,415.0,5,35.8,1600.0,4,1,56851,3.65,6,3.4738186462324396,301.97055147058825,0.285,0.259375,0.048937499999999995,3,False,False,False,False,True,False,False,True,False,False,False,False,False,False,True,False,False,False,False,False,False,False,False,False,False,False,False,False,False,False,False,False,False,False,True,False,False,False
EV9,2020,33055.17,58.2,200.0,83.2,6.11,158.0,176.0,200.0,7,55.5,2035.0,4,0,139463,3.31,3,3.4364261168384878,165.27585,0.08648648648648649,0.09828009828009827,0.0285995085995086,6,False,False,False,True,False,False,False,False,False,True,False,False,False,False,False,False,False,False,False,False,False,False,True,False,False,False,False,False,False,False,False,False,False,False,False,False,False,False
ID.4,2022,97372.99,74.1,240.0,226.0,2.5,200.0,1000.0,878.0,5,26.0,1616.0,4,0,246097,3.31,4,3.238866396761134,405.7207916666667,0.6188118811881188,0.5433168316831684,0.0458539603960396,4,False,False,False,False,True,False,False,True,False,False,False,False,False,False,True,False,False,False,False,False,False,False,False,False,False,False,False,False,False,False,False,True,False,False,False,True,False,False
ID.3,2024,62606.34,101.2,370.0,104.7,4.37,186.0,640.0,593.0,5,27.3,1892.0,4,0,233529,3.84,3,3.6561264822134385,169.20632432432433,0.3382663847780127,0.3134249471458774,0.053488372093023255,2,False,True,False,False,False,False,False,True,False,False,False,False,False,True,False,False,False,False,False,False,False,False,False,False,False,False,False,False,False,False,False,True,False,False,True,False,False,False
Silverado EV,2024,80871.59,62.6,196.0,135.2,5.27,170.0,1000.0,911.0,5,15.1,1778.0,3,1,24840,3.52,3,3.130990415335463,412.6101530612245,0.562429696287964,0.5123734533183352,0.03520809898762655,2,False,False,True,False,False,False,False,False,False,False,False,True,False,False,True,False,False,False,False,True,False,False,False,False,False,False,False,False,False,False,False,False,False,False,False,False,True,False
Model 3,2025,27829.58,72.9,249.0,215.3,5.62,177.0,169.0,200.0,7,65.9,1500.0,4,2,110913,3.78,6,3.4156378600823043,111.76538152610442,0.11266666666666666,0.13333333333333333,0.048600000000000004,1,False,True,False,False,False,False,True,False,False,False,False,True,False,False,False,False,False,False,False,False,False,False,False,False,False,False,False,False,False,True,False,False,False,False,False,False,False,True
i3,2025,104401.84,73.3,250.0,133.4,5.28,178.0,879.0,791.0,5,38.9,1612.0,5,1,64517,3.56,5,3.4106412005457027,417.60735999999997,0.5452853598014888,0.49069478908188585,0.04547146401985112,1,False,True,False,False,False,False,False,True,False,False,False,False,True,False,False,True,False,False,False,False,False,False,False,False,False,False,False,False,False,False,False,False,False,False,False,False,False,True
ID.3,2026,77434.92,112.5,381.0,202.0,3.97,195.0,813.0,732.0,5,33.6,1972.0,5,1,250773,3.82,3,3.3866666666666667,203.24125984251967,0.41227180527383367,0.3711967545638945,0.05704868154158215,0,False,True,False,False,True,False,False,True,False,False,False,False,False,False,True,False,False,False,False,False,False,False,False,False,False,False,False,False,False,False,False,True,False,False,False,True,False,False
F-150 Lightning,2025,55789.82,103.1,355.0,158.0,2.55,200.0,526.0,443.0,2,57.8,2494.0,3,0,58686,4.0,4,3.4432589718719693,157.15442253521127,0.21090617481956697,0.17762630312750602,0.04133921411387329,1,False,False,False,False,False,True,False,False,False,False,False,True,False,True,False,False,False,False,True,False,False,False,False,False,False,False,False,False,False,False,False,False,False,False,False,True,False,False
Model Y,2026,43501.07,92.1,328.0,316.0,4.82,177.0,282.0,240.0,7,28.1,1575.0,4,2,417203,3.88,6,3.5613463626492945,132.62521341463415,0.17904761904761904,0.1523809523809524,0.05847619047619047,0,True,False,True,False,False,False,False,False,False,False,False,True,False,True,False,False,False,False,False,False,False,False,False,False,False,False,False,False,False,True,False,False,False,False,True,False,False,False
EV9,2024,73063.27,55.1,176.0,114.3,7.87,137.0,826.0,792.0,7,46.4,1899.0,5,0,143775,3.53,4,3.1941923774954626,415.1322159090909,0.43496577145866244,0.41706161137440756,0.029015271195365983,2,False,True,False,True,False,False,False,False,False,True,False,False,False,False,True,False,False,False,False,False,False,False,True,False,False,False,False,False,False,False,False,False,False,False,False,False,True,False
Ioniq 5,2022,34455.09,43.1,150.0,86.2,5.04,165.0,227.0,212.0,5,72.0,1606.0,5,1,120724,3.13,5,3.480278422273782,229.70059999999998,0.14134495641344957,0.1320049813200498,0.02683686176836862,4,False,False,False,False,False,False,True,False,False,True,False,False,False,False,False,False,False,False,False,False,False,True,False,False,False,False,False,False,False,False,False,False,False,False,False,False,False,True
i3,2024,123235.74,117.3,428.0,187.9,3.59,186.0,1000.0,922.0,7,54.0,2571.0,5,1,49531,3.97,6,3.648763853367434,287.93397196261685,0.38895371450797356,0.3586153247763516,0.0456242707117853,2,False,False,False,False,False,True,False,True,False,False,False,False,True,False,False,True,False,False,False,False,False,False,False,False,False,False,False,False,False,False,False,False,False,False,False,True,False,False
Cybertruck,2024,117988.5,65.2,250.0,315.7,5.38,160.0,846.0,761.0,5,57.5,2492.0,4,2,117423,3.81,5,3.8343558282208585,471.954,0.3394863563402889,0.3053772070626003,0.026163723916532905,2,True,False,False,False,False,True,False,False,False,False,False,True,True,False,False,False,False,False,False,False,False,False,False,False,False,False,False,False,False,True,False,False,False,False,False,False,True,False
Niro EV,2024,39013.49,67.3,235.0,97.3,5.22,171.0,263.0,250.0,7,60.9,1500.0,4,1,124150,3.57,4,3.4918276374442794,166.01485106382978,0.17533333333333334,0.16666666666666666,0.044866666666666666,2,False,True,False,False,False,False,True,False,False,True,False,False,False,True,False,False,False,False,False,False,False,False,True,False,False,False,False,False,False,False,False,False,False,False,False,False,False,True
Picanto EV,2024,50328.06,106.7,389.0,137.5,5.25,165.0,491.0,455.0,5,22.9,1655.0,4,0,79174,3.94,3,3.6457357075913777,129.37804627249358,0.29667673716012083,0.27492447129909364,0.06447129909365559,2,False,True,True,False,False,False,False,False,False,True,False,False,False,True,False,False,False,False,False,False,False,False,True,False,False,False,False,False,False,False,False,False,False,False,True,False,False,False
Picanto EV,2025,48934.98,67.0,228.0,121.3,6.09,154.0,439.0,379.0,7,17.9,1500.0,5,1,106640,3.38,4,3.4029850746268657,214.62710526315792,0.2926666666666667,0.25266666666666665,0.04466666666666667,1,True,False,False,False,False,False,False,False,False,True,False,False,False,True,False,False,False,False,False,False,False,False,True,False,False,False,False,False,False,False,False,False,False,False,False,False,False,False
Sportage EV,2025,89200.56,62.2,211.0,64.2,6.77,149.0,1000.0,893.0,7,37.1,2168.0,4,1,55676,3.0,5,3.3922829581993565,422.7514691943128,0.4612546125461255,0.41190036900369004,0.028690036900369004,1,False,False,False,True,False,False,False,False,False,True,False,False,False,False,True,False,False,False,False,False,False,False,True,False,False,False,False,False,False,False,False,False,False,False,False,False,True,False
iX,2025,133417.07,99.6,348.0,95.3,5.06,178.0,1000.0,946.0,7,73.3,1852.0,4,1,53580,3.85,8,3.493975903614458,383.3823850574713,0.5399568034557235,0.5107991360691144,0.05377969762419006,1,False,True,False,False,False,False,True,True,False,False,False,False,True,False,False,True,False,False,False,False,False,False,False,False,False,False,False,False,False,False,False,False,False,False,True,False,False,False
Explorer EV,2025,63490.76,108.0,370.0,240.1,3.78,196.0,712.0,688.0,5,32.3,1500.0,4,0,37708,3.81,4,3.425925925925926,171.59664864864865,0.4746666666666667,0.45866666666666667,0.072,1,False,True,False,False,True,False,False,False,False,False,False,True,False,True,False,False,False,False,True,False,False,False,False,False,False,False,False,False,False,False,False,False,False,False,False,True,False,False
Leaf 50X,2025,109495.59,62.3,209.0,109.9,6.81,147.0,1000.0,906.0,7,29.5,1641.0,4,0,180168,3.53,4,3.3547351524879616,523.9023444976076,0.6093845216331505,0.5521023765996343,0.03796465569774528,1,False,True,True,False,False,False,False,False,False,False,False,False,True,False,False,False,True,False,False,False,False,False,False,False,False,False,False,False,False,False,False,False,False,False,False,False,True,False
EQE,2023,112177.54,67.5,236.0,115.6,7.88,128.0,598.0,509.0,7,76.5,1500.0,4,1,38676,3.75,6,3.4962962962962965,475.32855932203387,0.39866666666666667,0.3393333333333333,0.045,3,False,True,False,False,False,False,True,True,False,False,False,False,True,False,False,False,False,False,False,False,False,False,False,False,True,False,False,False,False,False,False,False,False,False,False,False,False,True
Ioniq 6,2022,45588.01,53.8,175.0,86.1,5.73,159.0,446.0,421.0,5,75.2,2462.0,4,1,103603,3.49,4,3.2527881040892197,260.5029142857143,0.18115353371242893,0.1709991876523152,0.021852152721364742,4,False,False,False,False,False,True,False,False,False,True,False,False,False,True,False,False,False,False,False,False,False,True,False,False,False,False,False,False,False,False,False,False,False,False,False,False,True,False
Model Y,2022,79776.37,94.5,332.0,311.4,5.72,163.0,586.0,542.0,5,51.9,2482.0,3,2,488350,4.0,4,3.513227513227513,240.29027108433735,0.23609991941982272,0.21837228041901693,0.03807413376309428,4,True,False,False,False,False,True,False,False,False,False,False,True,False,False,True,False,False,False,False,False,False,False,False,False,False,False,False,False,False,True,False,False,False,False,True,False,False,False
Model X,2024,138879.13,102.3,358.0,284.2,3.61,197.0,1000.0,899.0,5,29.3,1500.0,4,2,187901,4.23,5,3.4995112414467253,387.930530726257,0.6666666666666666,0.5993333333333334,0.0682,2,False,False,False,False,True,False,False,False,False,False,False,True,True,False,False,False,False,False,False,False,False,False,False,False,False,False,False,False,False,True,False,False,False,False,False,True,False,False
Qin,2021,78313.97,76.1,270.0,72.1,7.6,135.0,953.0,926.0,5,25.7,1856.0,4,0,235914,3.5,4,3.5479632063074904,290.05174074074074,0.5134698275862069,0.4989224137931034,0.04100215517241379,5,False,False,False,False,True,False,False,False,False,False,False,False,False,False,True,False,True,False,False,False,False,False,False,False,False,False,False,False,False,False,False,False,False,False,False,False,True,False
E-Transit,2024,81564.12,82.3,294.0,77.8,6.96,151.0,942.0,877.0,5,70.0,1521.0,5,0,70445,3.48,3,3.572296476306197,277.4289795918367,0.6193293885601578,0.576594345825115,0.05410913872452334,2,False,False,False,False,False,False,True,False,False,False,False,True,False,False,True,False,False,False,True,False,False,False,False,False,False,False,False,False,False,False,False,False,False,False,False,False,False,True
Silverado EV,2025,62818.0,73.6,282.0,143.3,6.75,140.0,828.0,701.0,7,22.9,1500.0,5,0,4921,3.66,4,3.831521739130435,222.75886524822695,0.552,0.4673333333333333,0.04906666666666666,1,False,True,True,False,False,False,False,False,False,False,False,True,False,True,False,False,False,False,False,True,False,False,False,False,False,False,False,False,False,False,False,False,False,False,False,False,False,False
Explorer EV,2026,99667.98,62.4,220.0,125.5,5.05,163.0,1000.0,983.0,5,24.7,1528.0,5,0,21835,3.4,3,3.5256410256410255,453.0362727272727,0.6544502617801047,0.643324607329843,0.040837696335078534,0,False,True,False,False,True,False,False,False,False,False,False,True,False,False,True,False,False,False,True,False,False,False,False,False,False,False,False,False,False,False,False,False,False,False,False,False,True,False
i30,2023,33062.26,78.5,266.0,67.8,7.78,128.0,260.0,262.0,5,72.6,1627.0,5,0,88310,3.39,4,3.388535031847134,124.2942105263158,0.15980331899200984,0.16103257529194837,0.04824830977258759,3,False,False,False,False,False,False,True,False,False,True,False,False,False,False,False,False,False,False,False,False,False,True,False,False,False,False,False,False,False,False,False,False,False,False,False,False,False,True
ID.3,2025,46781.6,118.1,405.0,195.5,2.63,200.0,384.0,393.0,5,54.2,2545.0,5,2,268903,3.86,5,3.4292972057578326,115.51012345679013,0.15088408644400786,0.1544204322200393,0.046404715127701376,1,False,True,False,False,False,True,False,True,False,False,False,False,False,True,False,False,False,False,False,False,False,False,False,False,False,False,False,False,False,False,False,True,False,False,False,True,False,False
Model S,2022,127540.88,49.1,186.0,349.5,5.72,163.0,905.0,847.0,5,33.3,1500.0,3,2,136670,3.54,5,3.7881873727087574,685.7036559139785,0.6033333333333334,0.5646666666666667,0.032733333333333337,4,False,True,False,False,False,False,False,False,False,False,False,True,True,False,False,False,False,False,False,False,False,False,False,False,False,False,False,False,False,True,False,False,False,False,False,False,False,True
Seagull,2024,53792.67,73.2,287.0,103.2,7.36,136.0,515.0,469.0,5,58.7,1740.0,4,0,246202,3.6,5,3.920765027322404,187.43090592334494,0.2959770114942529,0.2695402298850575,0.04206896551724138,2,False,True,False,True,False,False,False,False,False,False,False,False,False,True,False,False,True,False,False,False,False,False,False,False,False,False,False,False,False,False,False,False,False,False,False,False,False,True
ID. Buzz,2023,110994.9,76.8,250.0,178.2,3.16,198.0,1000.0,854.0,5,64.6,2041.0,5,2,225518,3.24,4,3.2552083333333335,443.9796,0.4899559039686428,0.41842234198922096,0.03762861342479177,3,False,True,False,True,False,False,False,True,False,False,False,False,True,False,False,False,False,False,False,False,False,False,False,False,False,False,False,False,False,False,False,True,False,False,False,True,False,False
Model X,2022,85291.7,102.2,332.0,213.5,4.09,184.0,551.0,472.0,7,72.4,1585.0,5,3,146415,3.95,4,3.24853228962818,256.9027108433735,0.3476340694006309,0.29779179810725553,0.0644794952681388,4,True,False,False,False,False,False,True,False,False,False,False,True,False,False,True,False,False,False,False,False,False,False,False,False,False,False,False,False,False,True,False,False,False,False,True,False,False,False
Seagull,2024,83643.93,76.5,285.0,54.8,6.71,154.0,928.0,833.0,5,62.2,1686.0,5,0,218991,3.84,4,3.7254901960784315,293.4874736842105,0.5504151838671412,0.4940688018979834,0.045373665480427046,2,True,False,False,False,False,False,True,False,False,False,False,False,False,False,True,False,True,False,False,False,False,False,False,False,False,False,False,False,False,False,False,False,False,False,False,False,False,True
EV6,2025,117355.84,92.1,333.0,226.6,4.5,191.0,1000.0,877.0,5,17.9,1599.0,4,2,136386,3.73,4,3.6156351791530947,352.4199399399399,0.6253908692933083,0.5484677923702314,0.057598499061913694,1,False,False,False,False,False,False,False,False,False,True,False,False,True,False,False,False,False,False,False,False,False,False,True,False,False,False,False,False,False,False,False,False,False,False,False,True,False,False
Silverado EV,2023,95648.05,112.2,409.0,226.3,2.96,200.0,1000.0,920.0,5,61.7,2567.0,4,0,20948,3.66,5,3.6452762923351156,233.85831295843522,0.38955979742890534,0.3583950136345929,0.04370860927152318,3,False,True,False,False,False,True,False,False,False,False,False,True,False,False,True,False,False,False,False,True,False,False,False,False,False,False,False,False,False,False,False,False,False,False,False,True,False,False
SU7,2025,55836.28,53.9,182.0,113.5,7.22,137.0,481.0,404.0,5,64.3,2092.0,4,1,22178,3.55,5,3.376623376623377,306.79274725274723,0.22992351816443596,0.1931166347992352,0.025764818355640536,1,False,False,False,True,False,False,False,False,False,False,False,False,False,True,False,False,False,False,False,False,False,False,False,False,False,False,False,False,False,False,False,False,False,True,False,False,False,False
R2,2025,102186.85,81.0,292.0,92.6,4.5,180.0,1000.0,892.0,5,30.2,1603.0,5,0,2112,3.37,4,3.6049382716049383,349.9549657534247,0.6238303181534622,0.5564566437928883,0.050530255770430445,1,False,True,True,False,False,False,False,False,False,False,False,True,True,False,False,False,False,False,False,False,False,False,False,False,False,False,False,False,True,False,False,False,False,False,True,False,False,False
i4,2025,101731.56,98.6,360.0,120.9,5.12,183.0,853.0,812.0,5,55.2,2234.0,4,1,41594,3.71,7,3.6511156186612577,282.5876666666667,0.3818263205013429,0.36347358997314233,0.044136078782452993,1,True,False,False,False,False,True,False,True,False,False,False,False,True,False,False,True,False,False,False,False,False,False,False,False,False,False,False,False,False,False,False,False,False,False,True,False,False,False
ID. Aero,2023,44658.67,73.2,219.0,131.4,7.67,140.0,326.0,304.0,5,27.4,1726.0,5,1,256210,3.39,5,2.9918032786885247,203.92086757990867,0.18887601390498263,0.1761297798377752,0.04241019698725377,3,True,False,False,False,True,False,False,True,False,False,False,False,False,True,False,False,False,False,False,False,False,False,False,False,False,False,False,False,False,False,False,True,False,False,False,False,False,False
i3,2024,104797.89,46.5,162.0,73.9,5.75,160.0,916.0,795.0,7,17.2,1658.0,5,2,26942,3.17,7,3.4838709677419355,646.9005555555556,0.5524728588661038,0.4794933655006031,0.02804583835946924,2,False,False,True,False,False,False,False,True,False,False,False,False,True,False,False,True,False,False,False,False,False,False,False,False,False,False,False,False,False,False,False,False,False,False,False,False,True,False
F-150 Lightning,2025,53246.45,42.9,171.0,69.9,8.0,137.0,543.0,481.0,2,66.6,2253.0,4,2,30016,3.29,3,3.9860139860139863,311.3827485380117,0.24101198402130491,0.2134931202840657,0.019041278295605858,1,False,True,False,False,False,True,False,False,False,False,False,True,False,True,False,False,False,False,True,False,False,False,False,False,False,False,False,False,False,False,False,False,False,False,False,False,True,False
Model S,2025,176582.51,50.4,188.0,237.2,6.19,153.0,1000.0,901.0,5,49.2,1951.0,4,2,199834,3.74,4,3.7301587301587302,939.268670212766,0.5125576627370579,0.4618144541260892,0.025832906201947718,1,False,True,False,True,False,False,False,False,False,False,False,True,True,False,False,False,False,False,False,False,False,False,False,False,False,False,False,False,False,True,False,False,False,False,False,False,True,False
ID.4,2023,78653.83,94.4,350.0,75.5,4.49,189.0,818.0,716.0,7,25.0,1665.0,5,0,204287,3.97,4,3.7076271186440675,224.72522857142857,0.4912912912912913,0.43003003003003004,0.0566966966966967,3,True,False,False,False,False,False,False,True,False,False,False,False,False,False,True,False,False,False,False,False,False,False,False,False,False,False,False,False,False,False,False,True,False,False,True,False,False,False
EQC,2024,113687.69,81.5,274.0,139.1,7.69,128.0,650.0,556.0,7,60.8,1500.0,4,2,59376,3.82,8,3.361963190184049,414.9185766423358,0.43333333333333335,0.37066666666666664,0.05433333333333333,2,True,False,False,False,False,False,True,True,False,False,False,False,True,False,False,False,False,False,False,False,False,False,False,False,True,False,False,False,False,False,False,False,False,False,False,False,False,True
ID.4,2024,61036.31,77.7,243.0,248.0,3.41,193.0,616.0,531.0,5,36.0,1750.0,4,1,274419,3.18,4,3.1274131274131274,251.17823045267488,0.352,0.30342857142857144,0.0444,2,False,False,False,False,False,False,False,True,False,False,False,False,False,True,False,False,False,False,False,False,False,False,False,False,False,False,False,False,False,False,False,True,False,False,False,True,False,False
EV6,2026,46823.3,98.4,366.0,151.7,3.16,198.0,473.0,442.0,5,34.7,1581.0,3,0,141318,3.75,3,3.719512195121951,127.9325136612022,0.2991777356103732,0.27956989247311825,0.06223908918406072,0,False,True,False,False,True,False,False,False,False,True,False,False,False,True,False,False,False,False,False,False,False,False,True,False,False,False,False,False,False,False,False,False,False,False,False,True,False,False
Picanto EV,2022,73622.08,94.4,291.0,141.7,4.02,187.0,852.0,746.0,5,41.4,1901.0,5,2,128389,3.38,4,3.0826271186440675,252.99683848797252,0.44818516570226197,0.3924250394529195,0.04965807469752762,4,True,False,False,True,False,False,False,False,False,True,False,False,False,False,True,False,False,False,False,False,False,False,True,False,False,False,False,False,False,False,False,False,False,False,True,False,False,False
Cybertruck,2026,70200.56,85.0,286.0,209.3,3.65,189.0,498.0,438.0,5,73.4,2486.0,5,2,166507,3.89,4,3.364705882352941,245.4565034965035,0.2003218020917136,0.17618664521319388,0.03419147224456959,0,False,True,False,False,False,True,False,False,False,False,False,True,False,False,True,False,False,False,False,False,False,False,False,False,False,False,False,False,False,True,False,False,False,False,False,True,False,False
ID. Aero,2025,86735.2,77.5,296.0,203.5,4.31,188.0,975.0,841.0,7,72.5,1665.0,5,0,261533,3.15,3,3.8193548387096774,293.0243243243243,0.5855855855855856,0.5051051051051051,0.046546546546546545,1,False,False,False,False,False,False,True,True,False,False,False,False,False,False,True,False,False,False,False,False,False,False,False,False,False,False,False,False,False,False,False,True,False,False,False,True,False,False
Max,2024,105441.86,57.2,209.0,54.8,6.44,152.0,1000.0,896.0,7,53.1,2431.0,5,0,226549,3.32,5,3.6538461538461537,504.5065071770335,0.41135335252982314,0.3685726038667215,0.023529411764705882,2,False,False,False,False,False,True,False,False,False,False,False,False,True,False,False,False,True,False,False,False,False,False,False,False,False,False,False,False,False,False,False,False,False,False,False,False,True,False
Cybertruck,2025,98106.32,49.7,172.0,224.2,7.4,143.0,674.0,592.0,5,52.7,2705.0,4,2,221459,3.6,5,3.460764587525151,570.3855813953488,0.2491682070240296,0.2188539741219963,0.01837338262476895,1,False,False,False,False,False,True,False,False,False,False,False,True,False,False,True,False,False,False,False,False,False,False,False,False,False,False,False,False,False,True,False,False,False,False,False,False,False,False
Model 3,2024,128470.34,75.7,268.0,263.7,7.17,140.0,913.0,812.0,7,77.7,2712.0,3,2,244654,3.62,6,3.5402906208718625,479.3669402985075,0.3366519174041298,0.2994100294985251,0.02791297935103245,2,False,True,False,False,False,True,False,False,False,False,False,True,True,False,False,False,False,False,False,False,False,False,False,False,False,False,False,False,False,True,False,False,False,False,False,False,True,False
GLE EV,2025,92407.64,58.0,199.0,90.5,6.1,167.0,380.0,329.0,5,21.4,1500.0,4,1,22464,3.52,5,3.4310344827586206,464.36,0.25333333333333335,0.21933333333333332,0.03866666666666667,1,False,True,False,False,True,False,False,True,False,False,False,False,False,False,True,False,False,False,False,False,False,False,False,False,True,False,False,False,False,False,False,False,False,False,False,False,True,False
Dolphin,2022,71011.58,47.4,159.0,97.0,7.76,132.0,792.0,662.0,5,45.2,2283.0,4,0,210658,3.09,4,3.3544303797468356,446.6137106918239,0.3469119579500657,0.28996933858957513,0.02076215505913272,4,True,False,False,True,False,False,False,False,False,False,False,False,False,False,True,False,True,False,False,False,False,False,False,False,False,False,False,False,False,False,False,False,False,False,False,False,False,False
Kona Electric,2025,92989.48,91.0,315.0,115.3,5.49,166.0,1000.0,954.0,7,50.4,1766.0,5,2,132728,3.62,4,3.4615384615384617,295.2046984126984,0.5662514156285391,0.5402038505096263,0.051528878822197054,1,False,True,False,True,False,False,False,False,False,True,False,False,False,False,True,False,False,False,False,False,False,True,False,False,False,False,False,False,False,False,False,False,False,False,True,False,False,False
Leaf 50X,2023,74284.45,84.2,286.0,132.1,6.13,162.0,865.0,781.0,5,57.8,2198.0,5,1,128075,3.77,5,3.39667458432304,259.73583916083913,0.3935395814376706,0.35532302092811646,0.03830755232029118,3,True,False,False,False,False,True,False,False,False,False,False,False,False,False,True,False,True,False,False,False,False,False,False,False,False,False,False,False,False,False,False,False,False,False,False,False,False,True
ET6,2024,78059.06,66.6,252.0,118.3,6.02,157.0,657.0,597.0,7,36.6,2102.0,5,0,24158,3.33,5,3.783783783783784,309.7581746031746,0.31255946717411986,0.2840152235965747,0.031684110371075165,2,True,False,False,True,False,False,False,False,False,False,False,False,False,False,True,False,False,False,False,False,False,False,False,False,False,True,False,False,False,False,False,False,False,False,False,False,False,True
Seagull,2023,109450.6,64.2,232.0,67.3,7.02,143.0,1000.0,898.0,5,31.0,1504.0,5,2,128508,3.59,4,3.6137071651090342,471.76982758620693,0.6648936170212766,0.5970744680851063,0.04268617021276596,3,False,False,False,False,True,False,False,False,False,False,False,False,True,False,False,False,True,False,False,False,False,False,False,False,False,False,False,False,False,False,False,False,False,False,False,False,True,False
ID.3,2024,49550.91,41.8,150.0,143.1,6.85,153.0,490.0,386.0,7,32.0,1737.0,3,1,222078,3.54,4,3.5885167464114835,330.3394,0.2820955670696603,0.2222222222222222,0.02406447898675878,2,False,False,False,False,False,False,False,True,False,False,False,False,False,True,False,False,False,False,False,False,False,False,False,False,False,False,False,False,False,False,False,True,False,False,False,False,True,False
EQG,2025,102050.83,92.4,312.0,53.2,4.32,178.0,474.0,389.0,5,24.1,1700.0,5,1,26785,3.93,7,3.3766233766233764,327.0859935897436,0.2788235294117647,0.2288235294117647,0.05435294117647059,1,False,False,False,False,False,False,False,True,False,False,False,False,True,False,False,False,False,False,False,False,False,False,False,False,True,False,False,False,False,False,False,False,False,False,True,False,False,False
EQE,2026,93286.78,82.1,282.0,142.9,7.41,136.0,457.0,407.0,5,37.5,1500.0,3,1,49781,3.74,8,3.4348355663824606,330.8041843971631,0.30466666666666664,0.2713333333333333,0.05473333333333333,0,True,False,True,False,False,False,False,True,False,False,False,False,False,False,True,False,False,False,False,False,False,False,False,False,True,False,False,False,False,False,False,False,False,False,False,False,True,False
Model X,2023,164467.67,113.9,371.0,279.4,3.22,200.0,1000.0,848.0,5,66.0,1822.0,5,2,146842,3.92,4,3.257243195785777,443.3090835579515,0.5488474204171241,0.4654226125137212,0.06251372118551043,3,False,True,False,False,False,False,True,False,False,False,False,True,True,False,False,False,False,False,False,False,False,False,False,False,False,False,False,False,False,True,False,False,False,False,False,True,False,False
Mustang Mach-E,2025,62237.09,86.7,299.0,97.0,5.35,166.0,680.0,604.0,5,25.1,1557.0,5,1,34572,3.49,4,3.4486735870818914,208.15080267558528,0.43673731535003213,0.38792549775208734,0.0556840077071291,1,True,False,False,False,True,False,False,False,False,False,False,True,False,True,False,False,False,False,True,False,False,False,False,False,False,False,False,False,False,False,False,False,False,False,True,False,False,False
Ioniq 5,2023,55335.52,51.9,156.0,87.3,5.55,176.0,665.0,612.0,5,60.1,1644.0,3,0,84896,3.28,5,3.0057803468208095,354.7148717948718,0.40450121654501214,0.3722627737226277,0.03156934306569343,3,True,False,False,False,False,False,True,False,False,True,False,False,False,True,False,False,False,False,False,False,False,True,False,False,False,False,False,False,False,False,False,False,False,False,False,False,False,True
Ioniq,2026,37257.29,52.5,164.0,104.7,5.96,160.0,257.0,213.0,5,43.0,2264.0,3,1,64933,3.24,5,3.123809523809524,227.17859756097562,0.11351590106007067,0.09408127208480566,0.02318904593639576,0,False,False,False,True,False,False,False,False,False,True,False,False,False,True,False,False,False,False,False,False,False,True,False,False,False,False,False,False,False,False,False,False,False,False,False,False,False,True
Cybertruck,2025,45726.22,92.1,327.0,234.9,5.54,161.0,336.0,360.0,5,58.1,2592.0,5,2,240212,3.99,5,3.5504885993485344,139.83553516819572,0.12962962962962962,0.1388888888888889,0.03553240740740741,1,False,True,False,False,False,True,False,False,False,False,False,True,False,True,False,False,False,False,False,False,False,False,False,False,False,False,False,False,False,True,False,False,False,False,True,False,False,False
Model Y,2025,107944.96,81.0,289.0,219.3,5.45,162.0,773.0,713.0,7,37.4,1644.0,4,2,410789,3.91,5,3.567901234567901,373.51197231833913,0.4701946472019465,0.43369829683698297,0.04927007299270073,1,False,False,True,False,False,False,False,False,False,False,False,True,True,False,False,False,False,False,False,False,False,False,False,False,False,False,False,False,False,True,False,False,False,False,True,False,False,False
Silverado EV,2020,45327.78,86.2,305.0,77.6,4.96,174.0,493.0,447.0,5,35.5,1796.0,4,0,20824,3.63,3,3.5382830626450117,148.61567213114753,0.2744988864142539,0.24888641425389754,0.04799554565701559,6,False,False,False,False,False,False,False,False,False,False,False,True,False,True,False,False,False,False,False,True,False,False,False,False,False,False,False,False,False,False,False,False,False,False,True,False,False,False
Ioniq 5,2023,41738.1,88.1,330.0,140.9,5.47,167.0,392.0,339.0,7,36.5,1697.0,5,0,92151,3.69,4,3.7457434733257666,126.4790909090909,0.2309958750736594,0.19976428992339423,0.051915144372421916,3,False,True,True,False,False,False,False,False,False,True,False,False,False,True,False,False,False,False,False,False,False,True,False,False,False,False,False,False,False,False,False,False,False,False,True,False,False,False
ID. Aero,2026,69452.44,63.6,224.0,70.1,6.86,148.0,732.0,617.0,7,65.3,1614.0,4,0,260693,3.66,5,3.5220125786163523,310.0555357142857,0.45353159851301117,0.3822800495662949,0.03940520446096654,0,False,True,False,False,False,False,True,True,False,False,False,False,False,False,True,False,False,False,False,False,False,False,False,False,False,False,False,False,False,False,False,True,False,False,False,False,False,False
Equinox EV,2021,65656.76,86.5,340.0,170.0,4.06,190.0,876.0,788.0,5,59.1,2129.0,5,0,12802,3.96,5,3.930635838150289,193.1081176470588,0.4114607797087835,0.3701268201033349,0.04062940347581024,5,False,False,False,True,False,False,False,False,False,False,False,True,False,False,True,False,False,False,False,True,False,False,False,False,False,False,False,False,False,False,False,False,False,False,False,True,False,False
E-Transit,2025,61660.35,67.9,221.0,89.6,5.21,167.0,673.0,572.0,7,27.1,1660.0,4,2,27087,3.6,5,3.254786450662739,279.00610859728505,0.405421686746988,0.344578313253012,0.040903614457831326,1,False,True,False,False,False,False,False,False,False,False,False,True,False,True,False,False,False,False,True,False,False,False,False,False,False,False,False,False,False,False,False,False,False,False,False,False,False,False
Model 3,2025,72436.36,83.0,289.0,317.2,5.85,147.0,541.0,464.0,7,64.4,1777.0,3,3,139369,3.74,5,3.4819277108433737,250.64484429065743,0.3044456949915588,0.261114237478897,0.04670793472144063,1,False,False,False,False,False,False,True,False,False,False,False,True,False,False,True,False,False,False,False,False,False,False,False,False,False,False,False,False,False,True,False,False,False,False,False,False,False,True
EV9,2025,49012.19,102.8,368.0,149.2,4.48,185.0,484.0,432.0,5,52.7,1708.0,5,0,114969,3.93,4,3.5797665369649807,133.18529891304348,0.28337236533957844,0.2529274004683841,0.06018735362997658,1,False,False,False,True,False,False,False,False,False,True,False,False,False,True,False,False,False,False,False,False,False,False,True,False,False,False,False,False,False,False,False,False,False,False,True,False,False,False
Model S,2026,119417.95,65.3,248.0,212.2,7.14,145.0,885.0,775.0,7,24.6,1500.0,5,2,170811,3.7,4,3.7978560490045945,481.5239919354839,0.59,0.5166666666666667,0.043533333333333334,0,False,False,False,False,True,False,False,False,False,False,False,True,True,False,False,False,False,False,False,False,False,False,False,False,False,False,False,False,False,True,False,False,False,False,False,False,False,False
Equinox EV,2024,34301.37,70.0,218.0,59.2,5.68,163.0,333.0,310.0,7,39.4,2077.0,4,1,738,3.6,3,3.1142857142857143,157.34573394495413,0.16032739528165624,0.14925373134328357,0.033702455464612424,2,False,True,False,True,False,False,False,False,False,False,False,True,False,False,False,False,False,False,False,True,False,False,False,False,False,False,False,False,False,False,False,False,False,False,False,False,False,True
i3,2023,122665.71,102.1,360.0,92.0,4.21,190.0,1000.0,935.0,5,38.3,1500.0,5,2,66187,3.78,7,3.525954946131244,340.73808333333335,0.6666666666666666,0.6233333333333333,0.06806666666666666,3,True,False,True,False,False,False,False,True,False,False,False,False,True,False,False,True,False,False,False,False,False,False,False,False,False,False,False,False,False,False,False,False,False,False,True,False,False,False
bZ4X,2024,66816.55,110.6,367.0,236.3,4.25,181.0,783.0,733.0,5,23.1,1863.0,4,0,11062,3.79,4,3.3182640144665463,182.06144414168938,0.42028985507246375,0.3934514224369297,0.05936661298980139,2,False,False,True,False,False,False,False,False,True,False,False,False,False,False,True,False,False,False,False,False,False,False,False,False,False,False,False,False,False,False,True,False,False,False,False,True,False,False
Model 3,2025,49281.26,90.6,325.0,325.6,5.55,167.0,351.0,324.0,7,74.6,2920.0,3,3,224804,4.1,6,3.5871964679911703,151.63464615384615,0.1202054794520548,0.11095890410958904,0.03102739726027397,1,False,True,False,False,False,True,False,False,False,False,False,True,False,True,False,False,False,False,False,False,False,False,False,False,False,False,False,False,False,True,False,False,False,False,True,False,False,False
Model X,2026,139665.73,70.7,248.0,330.7,5.07,175.0,1000.0,875.0,5,34.8,1500.0,3,2,165373,3.66,4,3.5077793493635077,563.1682661290323,0.6666666666666666,0.5833333333333334,0.04713333333333333,0,False,True,False,False,False,False,False,False,False,False,False,True,True,False,False,False,False,False,False,False,False,False,False,False,False,False,False,False,False,True,False,False,False,False,False,False,True,False
Qin,2025,47547.88,67.4,246.0,67.2,6.76,156.0,522.0,494.0,5,28.5,1512.0,4,0,214113,3.41,4,3.6498516320474774,193.2840650406504,0.34523809523809523,0.32671957671957674,0.04457671957671958,1,False,True,False,False,False,False,False,False,False,False,False,False,False,True,False,False,True,False,False,False,False,False,False,False,False,False,False,False,False,False,False,False,False,False,False,False,True,False
