Name,Country,Sales,Profit,Assets,Market Value,Profit_Margin,Return on Assets,Asset_Turnover,MarketValue_to_Sales,MarketValue_to_Assets,Profit_per_Asset,Companies_in_Country,profitable_companies,loss_making_companies
JPMorganChase,United States,252.9,50.0,4090.7,588.1,19.770660340055358,1.2222846945510548,0.061823159850392356,2.325425069197311,0.14376512577309508,0.012222846945510549,621,948,56
Berkshire Hathaway,United States,369.0,73.4,1070.0,899.1,19.89159891598916,6.85981308411215,0.3448598130841122,2.4365853658536585,0.8402803738317757,0.0685981308411215,621,948,56
Saudi Arabian Oil Company (Saudi Aramco),Saudi Arabia,489.1,116.9,661.5,1919.3,23.901042731547744,17.67195767195767,0.7393801965230536,3.924146391331016,2.9014361300075584,0.17671957671957672,16,948,56
ICBC,China,223.8,50.4,6586.0,215.2,22.520107238605895,0.7652596416641361,0.033981172183419374,0.9615728328865057,0.032675372001214696,0.0076525964166413605,280,948,56
Bank of America,United States,183.3,25.0,3273.8,307.3,13.638843426077468,0.7636385851304295,0.05598998106176309,1.6764866339334423,0.09386645488423238,0.007636385851304294,621,948,56
Amazon,United States,590.7,37.7,531.0,1922.1,6.3822583375656,7.099811676082863,1.1124293785310735,3.253936008125952,3.6197740112994348,0.07099811676082864,621,948,56
China Construction Bank,China,199.8,47.0,5403.8,187.5,23.523523523523522,0.8697583182205114,0.036973981272437915,0.9384384384384384,0.0346978052481587,0.008697583182205114,280,948,56
Microsoft,United States,236.6,86.2,484.3,3123.1,36.43279797125951,17.798884988643405,0.48854016105719594,13.199915469146239,6.448688829238075,0.17798884988643404,621,948,56
Agricultural Bank of China,China,193.5,37.4,5832.9,170.9,19.328165374677,0.6411904884362839,0.03317389291775961,0.8832041343669251,0.02929931937801094,0.0064119048843628386,280,948,56
Alphabet,United States,317.9,82.4,407.4,2177.7,25.920100660585092,20.22582228767796,0.7803141875306824,6.850267379679145,5.345360824742268,0.2022582228767796,621,948,56
Toyota Motor,Japan,311.9,34.2,595.4,274.9,10.965052901571019,5.74403762176688,0.5238495129324824,0.881372234690606,0.4617064158548875,0.0574403762176688,181,948,56
Apple,United States,381.6,100.4,337.4,2911.5,26.310272536687627,29.756965026674575,1.131001778304683,7.629716981132075,8.629223473621815,0.29756965026674576,621,948,56
Bank of China,China,173.3,32.1,4657.1,145.7,18.52279284477784,0.6892701466577913,0.03721199888342531,0.840738603577611,0.03128556397758261,0.006892701466577913,280,948,56
ExxonMobil,United States,331.9,32.8,377.9,536.7,9.882494727327508,8.67954485313575,0.8782746758401694,1.6170533293160594,1.4202169886213285,0.0867954485313575,621,948,56
HSBC Holdings,United Kingdom,144.9,22.2,3000.5,166.4,15.320910973084887,0.7398766872187968,0.048291951341443096,1.1483781918564526,0.055457423762706216,0.007398766872187969,66,948,56
Wells Fargo,United States,120.1,18.8,1959.2,212.9,15.653621981681933,0.9595753368721929,0.06130053082890975,1.7726894254787677,0.10866680277664353,0.009595753368721928,621,948,56
Shell Plc,United Kingdom,289.7,17.9,402.0,228.5,6.17880566102865,4.45273631840796,0.7206467661691542,0.7887469796341042,0.568407960199005,0.0445273631840796,66,948,56
PetroChina,China,399.1,22.7,388.1,177.6,5.687797544475068,5.849007987632053,1.0283432105127543,0.44500125281884234,0.45761401700592624,0.05849007987632053,280,948,56
UnitedHealth Group,United States,379.5,15.4,284.2,482.9,4.057971014492754,5.41871921182266,1.3353272343420126,1.2724637681159419,1.6991555242786769,0.054187192118226604,621,948,56
Walmart,United States,657.3,18.9,254.1,521.1,2.8753993610223643,7.43801652892562,2.5867768595041323,0.7927886809675948,2.050767414403778,0.0743801652892562,621,948,56
Samsung Electronics,South Korea,202.4,14.9,349.8,388.0,7.361660079051384,4.259576901086335,0.5786163522012578,1.91699604743083,1.1092052601486564,0.04259576901086335,61,948,56
Chevron,United States,195.0,20.3,261.7,299.8,10.41025641025641,7.756973633931984,0.7451280091708063,1.5374358974358975,1.1455865494841422,0.07756973633931984,621,948,56
Goldman Sachs Group,United States,116.7,9.4,1698.4,150.8,8.05484147386461,0.5534620819594912,0.06871172868582195,1.2922022279348757,0.08878944889307584,0.005534620819594912,621,948,56
Meta Platforms,United States,142.7,45.8,222.8,1197.0,32.09530483531885,20.55655296229802,0.6404847396768402,8.38822704975473,5.372531418312388,0.20556552962298022,621,948,56
TotalEnergies,France,212.6,21.5,283.1,171.2,10.112888052681091,7.594489579653832,0.7509713882020487,0.8052681091251176,0.6047333097845283,0.07594489579653832,49,948,56
Morgan Stanley,United States,99.8,9.5,1228.5,162.9,9.519038076152304,0.7733007733007733,0.08123728123728123,1.6322645290581164,0.1326007326007326,0.007733007733007733,621,948,56
RBC,Canada,90.1,11.3,1477.8,150.4,12.541620421753608,0.7646501556367574,0.06096900798484233,1.6692563817980024,0.10177290567059143,0.007646501556367574,59,948,56
Citigroup,United States,163.9,7.8,2432.5,122.2,4.758999389871873,0.32065775950668035,0.06737923946557041,0.7455765710799268,0.05023638232271326,0.0032065775950668035,621,948,56
Ping An Insurance Group,China,136.1,11.8,1654.8,105.5,8.670095518001471,0.7130771090161954,0.08224558859076625,0.775165319617928,0.06375392796712594,0.007130771090161954,280,948,56
China Mobile,Hong Kong,142.7,18.7,281.0,204.1,13.104414856341975,6.654804270462633,0.5078291814946618,1.4302733006306938,0.7263345195729537,0.06654804270462633,44,948,56
Allianz,Germany,148.2,9.7,1056.8,113.8,6.545209176788125,0.9178652535957608,0.1402346707040121,0.7678812415654521,0.10768357305071916,0.009178652535957607,50,948,56
BNP Paribas,France,157.6,11.1,2862.7,88.9,7.043147208121828,0.387745834352185,0.0550529220665805,0.5640862944162437,0.03105459880532365,0.00387745834352185,49,948,56
Verizon Communications,United States,134.0,11.3,380.2,168.6,8.432835820895523,2.972119936875329,0.35244608100999475,1.2582089552238807,0.44345081536033665,0.029721199368753292,621,948,56
China Merchants Bank,China,70.6,20.3,1594.0,127.4,28.753541076487256,1.273525721455458,0.04429109159347553,1.804532577903683,0.07992471769134255,0.01273525721455458,280,948,56
UBS,Switzerland,81.3,28.9,1607.1,97.4,35.54735547355474,1.7982701760935846,0.050588015680418146,1.1980319803198034,0.060606060606060615,0.017982701760935846,46,948,56
Santander,Spain,142.8,12.3,1944.0,82.1,8.61344537815126,0.6327160493827161,0.0734567901234568,0.5749299719887955,0.04223251028806584,0.006327160493827161,21,948,56
AT&T,United States,122.3,13.6,399.4,124.8,11.120196238757154,3.4051076614922384,0.30620931397095646,1.0204415372035978,0.3124687030545819,0.03405107661492238,621,948,56
Tencent Holdings,China,86.2,18.3,227.8,472.3,21.229698375870072,8.033362598770852,0.3784021071115013,5.479118329466357,2.0733099209833186,0.08033362598770852,280,948,56
Mitsubishi UFJ Financial,Japan,74.0,10.3,2667.4,117.2,13.918918918918921,0.38614381045212565,0.027742370848016795,1.5837837837837838,0.04393791707280498,0.0038614381045212567,181,948,56
Comcast,United States,121.9,15.4,263.6,154.1,12.633305988515175,5.842185128983308,0.462443095599393,1.2641509433962264,0.584597875569044,0.05842185128983308,621,948,56
Alibaba Group,China,131.3,11.2,244.2,200.8,8.530083777608528,4.586404586404586,0.5376740376740378,1.5293221629855294,0.8222768222768224,0.04586404586404586,280,948,56
Sinopec,China,414.9,8.5,289.7,106.8,2.0486864304651724,2.9340697273041076,1.432171211598205,0.257411424439624,0.3686572316189161,0.029340697273041078,280,948,56
Volkswagen Group,Germany,348.6,16.3,672.0,65.6,4.675846242111302,2.425595238095238,0.51875,0.18818129661503152,0.0976190476190476,0.02425595238095238,50,948,56
TD Bank Group,Canada,80.2,8.9,1430.3,101.5,11.097256857855362,0.6222470810319514,0.05607215269523876,1.2655860349127181,0.07096413339858772,0.006222470810319514,59,948,56
Johnson & Johnson,United States,89.7,17.5,172.0,372.2,19.50947603121516,10.174418604651162,0.5215116279069768,4.149386845039019,2.163953488372093,0.10174418604651163,621,948,56
Taiwan Semiconductor,Taiwan,71.5,27.3,180.9,672.0,38.18181818181819,15.091210613598674,0.3952459922609176,9.398601398601398,3.714759535655058,0.15091210613598674,41,948,56
BP,United Kingdom,202.8,9.2,275.4,104.4,4.5364891518737664,3.340595497458242,0.7363834422657953,0.514792899408284,0.3790849673202615,0.03340595497458242,66,948,56
LVMH Moët Hennessy Louis Vuitton,France,93.1,16.4,158.7,423.9,17.615467239527387,10.33396345305608,0.5866414618777568,4.553168635875402,2.671077504725898,0.1033396345305608,49,948,56
Reliance Industries,India,108.8,8.4,210.5,233.1,7.720588235294118,3.9904988123515444,0.5168646080760095,2.1424632352941178,1.1073634204275533,0.03990498812351544,71,948,56
Nestlé,Switzerland,103.5,12.5,150.4,272.1,12.077294685990339,8.311170212765957,0.6881648936170213,2.628985507246377,1.8091755319148937,0.08311170212765957,46,948,56
AXA Group,France,109.4,7.6,684.0,81.6,6.946983546617916,1.111111111111111,0.15994152046783627,0.7458866544789762,0.11929824561403508,0.01111111111111111,49,948,56
Mercedes-Benz Group,Germany,164.3,14.4,288.5,77.1,8.764455264759585,4.991334488734835,0.5694974003466204,0.46926354230066947,0.2672443674176776,0.04991334488734835,50,948,56
American Express,United States,69.5,8.9,269.3,174.7,12.805755395683455,3.304864463423691,0.2580764946156702,2.513669064748201,0.648718900854066,0.03304864463423691,621,948,56
Petrobras,Brazil,99.4,22.3,213.2,92.6,22.43460764587525,10.459662288930582,0.4662288930581614,0.9315895372233399,0.4343339587242026,0.10459662288930582,26,948,56
State Bank of India,India,71.8,8.1,807.4,87.6,11.28133704735376,1.0032202130294774,0.08892742135248947,1.2200557103064067,0.10849640822392866,0.010032202130294774,71,948,56
Bank of Communications,China,78.8,13.1,1982.5,59.2,16.624365482233504,0.6607818411097099,0.03974779319041614,0.751269035532995,0.029861286254728878,0.0066078184110971,280,948,56
Postal Savings Bank Of China (PSBC),China,80.3,11.3,2259.7,58.1,14.072229140722293,0.5000663804929859,0.03553569057839536,0.7235367372353674,0.025711377616497767,0.005000663804929859,280,948,56
Tesla,United States,94.7,13.7,109.2,566.0,14.466737064413937,12.545787545787546,0.8672161172161172,5.976768743400211,5.183150183150183,0.12545787545787546,621,948,56
Procter & Gamble,United States,84.1,15.1,119.6,395.7,17.954815695600477,12.62541806020067,0.7031772575250836,4.705112960760999,3.3085284280936453,0.1262541806020067,621,948,56
Stellantis,Netherlands,204.9,20.1,223.3,65.0,9.809663250366032,9.001343484102104,0.9175996417375728,0.317227916056613,0.29108822212270485,0.09001343484102105,23,948,56
BMW Group,Germany,168.3,11.6,274.7,65.8,6.8924539512774805,4.222788496541682,0.6126683654896251,0.3909685086155674,0.23953403713141608,0.042227884965416816,50,948,56
Deutsche Telekom,Germany,121.5,4.8,318.8,119.1,3.950617283950617,1.5056461731493098,0.38111668757841904,0.9802469135802468,0.3735884567126725,0.015056461731493099,50,948,56
Sumitomo Mitsui Financial,Japan,61.3,6.7,1950.8,80.9,10.929853181076673,0.34344884150092275,0.03142300594627845,1.3197389885807507,0.04147016608570843,0.0034344884150092274,181,948,56
CVS Health,United States,361.3,7.3,249.7,72.4,2.0204815942430114,2.9235082098518226,1.4469363235883062,0.20038748962081374,0.28994793752503006,0.029235082098518224,621,948,56
HDFC Bank,India,49.3,7.7,483.2,133.6,15.618661257606492,1.5935430463576161,0.10202814569536424,2.709939148073022,0.27649006622516553,0.01593543046357616,71,948,56
BBVA-Banco Bilbao Vizcaya,Spain,75.2,9.0,865.8,63.5,11.968085106382977,1.0395010395010396,0.08685608685608687,0.8444148936170213,0.07334257334257335,0.010395010395010396,21,948,56
Sony,Japan,90.0,6.7,225.4,101.9,7.4444444444444455,2.9724933451641524,0.3992901508429459,1.1322222222222222,0.4520851818988465,0.029724933451641525,181,948,56
Siemens,Germany,84.4,8.0,156.3,148.2,9.47867298578199,5.1183621241202815,0.5399872040946897,1.7559241706161135,0.948176583493282,0.05118362124120281,50,948,56
Commonwealth Bank,Australia,39.0,6.5,870.7,135.4,16.666666666666664,0.746525783852073,0.04479154703112438,3.471794871794872,0.15550706328241645,0.00746525783852073,31,948,56
Life Insurance Corp. of India,India,98.0,4.9,561.4,73.6,5.0,0.8728179551122196,0.1745635910224439,0.7510204081632652,0.1311008193801211,0.008728179551122196,71,948,56
General Motors,United States,174.9,10.7,276.6,52.2,6.117781589479701,3.8684020245842365,0.6323210412147505,0.29845626072041165,0.18872017353579176,0.03868402024584237,621,948,56
Nippon Telegraph & Tel,Japan,92.5,8.8,195.6,82.1,9.513513513513514,4.4989775051124745,0.4729038854805726,0.8875675675675675,0.41973415132924335,0.044989775051124746,181,948,56
Credit Agricole,France,105.5,6.4,2418.5,48.3,6.066350710900474,0.264626834814968,0.04362207980152987,0.4578199052132701,0.01997105643994211,0.00264626834814968,49,948,56
Broadcom,United States,38.9,11.6,177.9,646.6,29.82005141388175,6.520517144463181,0.21866216975829117,16.62210796915167,3.6346261944912874,0.06520517144463181,621,948,56
PepsiCo,United States,91.9,9.2,100.0,250.5,10.01088139281828,9.2,0.919,2.725788900979325,2.505,0.092,621,948,56
The Home Depot,United States,151.8,14.9,79.2,341.1,9.81554677206851,18.81313131313131,1.9166666666666667,2.2470355731225298,4.306818181818182,0.18813131313131312,621,948,56
Oracle,United States,52.5,10.6,137.1,339.4,20.19047619047619,7.731582786287381,0.38293216630196936,6.464761904761905,2.4755652808169217,0.07731582786287382,621,948,56
Mitsubishi,Japan,135.3,6.7,155.0,88.9,4.951958610495195,4.322580645161291,0.8729032258064516,0.6570583887657059,0.5735483870967742,0.043225806451612905,181,948,56
Roche Holding,Switzerland,65.3,12.8,107.5,208.4,19.60183767228178,11.906976744186046,0.6074418604651163,3.191424196018377,1.9386046511627908,0.11906976744186047,46,948,56
Equinor,Norway,102.8,9.6,137.2,82.9,9.33852140077821,6.997084548104956,0.7492711370262392,0.8064202334630352,0.6042274052478135,0.06997084548104957,8,948,56
Elevance Health,United States,171.7,6.2,111.9,127.3,3.610949330227141,5.540661304736371,1.5344057193923144,0.7414094350611532,1.1376228775692583,0.05540661304736372,621,948,56
CNOOC,Hong Kong,57.4,17.5,141.8,118.1,30.48780487804878,12.34132581100141,0.40479548660084624,2.057491289198606,0.8328631875881523,0.12341325811001409,44,948,56
Industrial Bank ,China,58.9,10.6,1419.2,50.9,17.996604414261462,0.7468996617812852,0.04150225479143179,0.8641765704584041,0.03586527621195039,0.0074689966178128515,280,948,56
Intesa Sanpaolo Assicura,Italy,42.2,9.1,1006.1,74.8,21.563981042654028,0.9044826557996223,0.041944140741476996,1.772511848341232,0.07434648643276016,0.009044826557996223,28,948,56
IBM,United States,62.1,8.2,137.2,155.3,13.204508856682768,5.97667638483965,0.4526239067055394,2.500805152979066,1.131924198250729,0.0597667638483965,621,948,56
Chubb,Switzerland,51.7,9.3,212.2,111.4,17.988394584139268,4.382657869934025,0.24363807728557968,2.1547388781431334,0.52497643732328,0.04382657869934025,46,948,56
Itaú Unibanco Holding,Brazil,67.8,6.6,525.2,63.7,9.734513274336283,1.2566641279512565,0.12909367859862908,0.9395280235988202,0.12128712871287128,0.012566641279512564,26,948,56
Anheuser-Busch InBev,Belgium,59.4,5.3,221.0,138.1,8.922558922558922,2.3981900452488687,0.2687782805429864,2.324915824915825,0.6248868778280543,0.023981900452488686,9,948,56
AbbVie,United States,54.4,6.0,148.9,293.9,11.029411764705882,4.029550033579583,0.3653458697112156,5.4025735294117645,1.9738079247817324,0.040295500335795834,621,948,56
Cisco Systems,United States,55.4,12.1,101.2,195.1,21.841155234657037,11.956521739130434,0.5474308300395256,3.5216606498194944,1.9278656126482212,0.11956521739130434,621,948,56
Honda Motor,Japan,141.3,7.7,196.7,53.7,5.449398443029016,3.9145907473309616,0.7183528215556686,0.3800424628450106,0.27300457549567875,0.039145907473309614,181,948,56
Bank of Nova Scotia,Canada,53.6,5.8,1042.5,59.2,10.820895522388058,0.5563549160671463,0.05141486810551559,1.1044776119402986,0.056786570743405276,0.005563549160671462,59,948,56
Hyundai Motor,South Korea,125.4,9.0,219.8,47.3,7.177033492822966,4.094631483166515,0.5705186533212011,0.3771929824561403,0.2151956323930846,0.04094631483166515,61,948,56
Enel,Italy,96.0,4.7,209.8,75.1,4.895833333333333,2.2402287893231647,0.4575786463298379,0.7822916666666666,0.3579599618684461,0.022402287893231648,28,948,56
Cigna,United States,204.1,3.6,148.4,96.2,1.7638412542871142,2.4258760107816713,1.3753369272237197,0.4713375796178344,0.6482479784366577,0.02425876010781671,621,948,56
Costco Wholesale,United States,248.8,6.8,66.3,352.9,2.733118971061093,10.256410256410255,3.7526395173454,1.4184083601286173,5.322775263951734,0.10256410256410256,621,948,56
Munich Re,Germany,70.0,5.0,298.0,65.1,7.142857142857142,1.6778523489932886,0.2348993288590604,0.9299999999999999,0.21845637583892616,0.016778523489932886,50,948,56
Zurich Insurance Group,Switzerland,65.4,4.4,339.4,74.9,6.727828746177369,1.2964054213317622,0.192692987625221,1.1452599388379205,0.22068355922215677,0.012964054213317621,46,948,56
Novartis,Switzerland,48.7,15.2,94.3,201.4,31.21149897330595,16.118769883351007,0.5164369034994698,4.135523613963039,2.1357370095440085,0.16118769883351008,46,948,56
Coca-Cola,United States,46.1,10.8,99.4,271.5,23.427331887201735,10.865191146881289,0.46378269617706236,5.889370932754881,2.731388329979879,0.10865191146881288,621,948,56
GE Aerospace,United States,69.5,3.5,163.9,175.0,5.0359712230215825,2.135448444173276,0.424039048200122,2.5179856115107913,1.067724222086638,0.02135448444173276,621,948,56
Caterpillar,United States,67.0,11.2,83.7,174.2,16.71641791044776,13.381123058542412,0.8004778972520907,2.5999999999999996,2.081242532855436,0.13381123058542413,621,948,56
John Deere,United States,58.6,9.5,105.6,110.5,16.21160409556314,8.996212121212121,0.5549242424242424,1.8856655290102389,1.0464015151515151,0.08996212121212122,621,948,56
Bank of Montreal,Canada,53.9,4.0,991.6,69.1,7.421150278293136,0.40338846308995563,0.05435659540137152,1.2820037105751392,0.06968535699878983,0.004033884630899556,59,948,56
Mizuho Financial,Japan,55.1,4.7,1841.3,51.1,8.52994555353902,0.25525443979796886,0.029924509857166135,0.9274047186932849,0.02775213164611959,0.0025525443979796886,181,948,56
AIRBUS,France,72.1,4.2,132.6,136.7,5.825242718446603,3.1674208144796387,0.5437405731523378,1.8959778085991679,1.030920060331825,0.031674208144796386,49,948,56
Intel,United States,55.2,4.1,192.7,135.5,7.427536231884056,2.127659574468085,0.286455630513752,2.454710144927536,0.7031655422937209,0.02127659574468085,621,948,56
Mitsui,Japan,92.1,7.4,111.7,76.8,8.034744842562432,6.624888093106536,0.8245299910474484,0.8338762214983714,0.6875559534467323,0.06624888093106536,181,948,56
ConocoPhillips,United States,55.1,10.6,95.3,142.3,19.23774954627949,11.12277019937041,0.578174186778594,2.5825771324863886,1.4931794333683108,0.11122770199370409,621,948,56
China State Construction Engineering,China,317.4,7.6,410.4,33.3,2.394454946439824,1.8518518518518516,0.7733918128654971,0.10491493383742911,0.08114035087719298,0.018518518518518517,280,948,56
NVIDIA,United States,60.9,29.8,65.7,2312.0,48.93267651888342,45.35768645357686,0.9269406392694063,37.96387520525452,35.19025875190258,0.4535768645357686,621,948,56
Rio Tinto,United Kingdom,54.0,10.1,103.5,119.2,18.703703703703702,9.758454106280192,0.5217391304347826,2.2074074074074073,1.1516908212560386,0.09758454106280193,66,948,56
CITIC,Hong Kong,96.1,8.1,1597.7,31.9,8.428720083246619,0.5069787819991237,0.060148964135945414,0.331945889698231,0.01996620141453339,0.005069787819991237,44,948,56
RTX,United States,71.0,3.5,160.2,138.5,4.929577464788732,2.184769038701623,0.44319600499375783,1.9507042253521127,0.8645443196004995,0.02184769038701623,621,948,56
Glencore International,Switzerland,218.0,4.3,123.9,76.9,1.9724770642201832,3.4705407586763513,1.7594834543987086,0.35275229357798166,0.6206618240516546,0.03470540758676351,46,948,56
BHP Group,Australia,55.3,7.3,100.0,152.1,13.200723327305605,7.3,0.5529999999999999,2.7504520795660037,1.521,0.073,31,948,56
China Life Insurance,China,51.6,6.6,818.1,47.1,12.790697674418603,0.8067473414008066,0.06307297396406307,0.9127906976744186,0.05757242390905757,0.008067473414008066,280,948,56
US Bancorp,United States,41.2,5.0,683.6,64.7,12.135922330097086,0.7314218841427735,0.060269163253364545,1.570388349514563,0.0946459918080749,0.007314218841427736,621,948,56
Hon Hai Precision ,Taiwan,191.7,4.8,117.9,73.1,2.503912363067293,4.071246819338422,1.6259541984732824,0.38132498695878975,0.6200169635284138,0.04071246819338422,41,948,56
Iberdrola,Spain,50.5,6.6,164.1,83.6,13.06930693069307,4.021937842778793,0.30773918342474105,1.6554455445544554,0.5094454600853138,0.04021937842778793,21,948,56
AstraZeneca,United Kingdom,47.6,6.3,102.3,238.4,13.23529411764706,6.158357771260997,0.4652981427174976,5.008403361344538,2.3304007820136854,0.06158357771260997,66,948,56
Sanofi ,France,46.6,5.8,139.7,121.5,12.44635193133047,4.151753758052971,0.3335719398711525,2.6072961373390555,0.8697208303507517,0.04151753758052971,49,948,56
Unilever,United Kingdom,64.5,7.0,83.1,216.8,10.852713178294573,8.42358604091456,0.776173285198556,3.3612403100775197,2.6089049338146815,0.08423586040914562,66,948,56
Ford Motor,United States,177.5,3.9,274.3,49.0,2.1971830985915495,1.4218009478672986,0.6471017134524243,0.27605633802816903,0.17863652934742982,0.014218009478672985,621,948,56
Capital One,United States,51.0,5.1,481.7,54.2,10.0,1.0587502594976126,0.10587502594976127,1.0627450980392157,0.11251816483288354,0.010587502594976126,621,948,56
NAB - National Australia Bank,Australia,38.7,4.6,698.7,71.5,11.886304909560721,0.65836553599542,0.0553885787891799,1.8475452196382427,0.1023329039645055,0.0065836553599542,31,948,56
Apollo Global Management,United States,34.7,5.4,334.1,89.5,15.561959654178676,1.6162825501346905,0.10386111942532177,2.579250720461095,0.267883867105657,0.016162825501346904,621,948,56
Visa,United States,34.1,18.1,92.4,560.5,53.0791788856305,19.58874458874459,0.369047619047619,16.436950146627566,6.066017316017316,0.1958874458874459,621,948,56
UniCredit,Italy,26.5,10.8,875.4,66.4,40.75471698113208,1.2337217272104182,0.030271875713959333,2.505660377358491,0.07585103952478868,0.012337217272104182,28,948,56
Contemporary Amperex Technology,China,54.3,6.2,101.2,123.3,11.418047882136282,6.126482213438735,0.5365612648221344,2.270718232044199,1.2183794466403162,0.06126482213438735,280,948,56
American International Group,United States,49.0,4.8,475.6,53.5,9.795918367346939,1.009251471825063,0.10302775441547518,1.0918367346938775,0.11248948696383515,0.01009251471825063,621,948,56
ANZ Group Holdings,Australia,40.9,4.6,710.9,56.5,11.246943765281173,0.6470670980447321,0.05753270502180335,1.3814180929095354,0.07947671965114644,0.00647067098044732,31,948,56
VINCI,France,75.3,5.1,131.0,71.5,6.772908366533864,3.893129770992366,0.5748091603053435,0.949535192563081,0.5458015267175572,0.03893129770992366,49,948,56
China Citic Bank,China,54.1,9.4,1255.0,34.7,17.375231053604438,0.749003984063745,0.04310756972111554,0.6414048059149723,0.027649402390438248,0.007490039840637451,280,948,56
Thermo Fisher Scientific,United States,42.5,6.0,97.1,227.2,14.117647058823529,6.179196704428424,0.43769309989701344,5.345882352941176,2.339855818743563,0.061791967044284246,621,948,56
Charles Schwab,United States,25.6,4.8,468.8,140.0,18.749999999999996,1.023890784982935,0.05460750853242321,5.46875,0.2986348122866894,0.010238907849829351,621,948,56
Progressive,United States,65.0,5.8,88.9,122.5,8.923076923076923,6.524184476940381,0.7311586051743532,1.8846153846153846,1.3779527559055118,0.06524184476940381,621,948,56
DBS,Singapore,26.2,7.5,560.7,75.3,28.625954198473284,1.3376136971642587,0.04672730515427144,2.8740458015267176,0.1342964151952916,0.013376136971642588,10,948,56
Marathon Petroleum,United States,146.5,7.9,85.5,63.3,5.392491467576792,9.239766081871345,1.713450292397661,0.4320819112627986,0.7403508771929824,0.09239766081871345,621,948,56
PNC Financial Services,United States,32.4,5.2,566.2,63.8,16.049382716049383,0.9184033910279052,0.05722359590250794,1.9691358024691359,0.11268103143765452,0.009184033910279053,621,948,56
Generali Group,Italy,74.7,4.0,555.3,42.0,5.35475234270415,0.7203313524221142,0.13452188006482985,0.5622489959839357,0.075634792004322,0.0072033135242211424,28,948,56
ICICI Bank,India,28.5,5.3,283.5,95.3,18.596491228070175,1.869488536155203,0.10052910052910052,3.3438596491228068,0.3361552028218695,0.01869488536155203,71,948,56
Itochu,Japan,97.0,5.5,95.7,67.2,5.670103092783505,5.747126436781609,1.013584117032393,0.6927835051546392,0.7021943573667712,0.05747126436781609,181,948,56
Westpac Banking Group,Australia,35.3,4.3,686.8,62.1,12.181303116147308,0.6260920209668026,0.05139778683750728,1.7592067988668556,0.09041933605125219,0.006260920209668026,31,948,56
United Parcel Service,United States,89.6,5.9,67.6,127.7,6.584821428571429,8.727810650887575,1.3254437869822486,1.4252232142857144,1.88905325443787,0.08727810650887576,621,948,56
Deutsche Bank,Germany,68.0,4.9,1437.3,33.6,7.2058823529411775,0.34091699714742923,0.04731093021637793,0.49411764705882355,0.02337716551868086,0.0034091699714742926,50,948,56
Canadian Imperial Bank,Canada,42.9,4.7,727.3,46.3,10.955710955710957,0.6462257665337551,0.058985288051698066,1.0792540792540792,0.06366011274577203,0.006462257665337551,59,948,56
China Shenhua Energy,China,47.9,8.6,90.8,91.3,17.954070981210858,9.47136563876652,0.5275330396475771,1.9060542797494782,1.0055066079295154,0.0947136563876652,280,948,56
Tokio Marine Holdings,Japan,48.0,4.4,212.3,61.8,9.166666666666668,2.072538860103627,0.2260951483749411,1.2874999999999999,0.29109750353273667,0.02072538860103627,181,948,56
NextEra Energy,United States,24.0,7.5,179.9,156.3,31.25,4.1689827682045575,0.13340744858254586,6.5125,0.8688160088938299,0.04168982768204558,621,948,56
Eni,Italy,97.0,3.9,158.3,50.4,4.020618556701031,2.46367656348705,0.6127605811749841,0.5195876288659793,0.3183828174352495,0.024636765634870498,28,948,56
BYD,China,83.2,4.2,93.8,83.0,5.048076923076923,4.477611940298508,0.8869936034115139,0.9975961538461539,0.8848614072494669,0.04477611940298508,280,948,56
ING Group,Netherlands,24.5,7.9,1112.3,55.9,32.244897959183675,0.7102400431538255,0.022026431718061675,2.2816326530612243,0.050256225838352965,0.007102400431538255,23,948,56
Lloyds Banking Group,United Kingdom,33.1,5.8,1123.8,44.4,17.5226586102719,0.5161060686954975,0.029453639437622355,1.3413897280966767,0.039508809396689805,0.005161060686954974,66,948,56
Walt Disney,United States,88.9,1.7,195.1,189.4,1.9122609673790776,0.8713480266529985,0.45566376217324456,2.1304836895388077,0.9707842132239878,0.008713480266529985,621,948,56
Phillips 66,United States,148.9,5.8,76.4,62.4,3.8952316991269305,7.591623036649215,1.9489528795811517,0.41907320349227667,0.8167539267015707,0.07591623036649214,621,948,56
MetLife,United States,67.6,2.4,677.6,52.8,3.5502958579881656,0.3541912632821723,0.09976387249114521,0.7810650887573964,0.07792207792207792,0.0035419126328217233,621,948,56
Salesforce,United States,34.9,4.1,102.8,277.1,11.74785100286533,3.988326848249027,0.33949416342412453,7.939828080229227,2.695525291828794,0.03988326848249027,621,948,56
Shanghai Pudong Development,China,49.7,5.3,1252.6,33.2,10.663983903420522,0.4231199105859812,0.03967747086060994,0.6680080482897385,0.026504869870669013,0.004231199105859812,280,948,56
Banco do Brasil,Brazil,62.1,6.0,443.4,30.9,9.66183574879227,1.3531799729364005,0.14005412719891747,0.4975845410628019,0.06968876860622462,0.013531799729364006,26,948,56
AIA Group,Hong Kong,27.5,3.8,278.8,93.7,13.818181818181818,1.3629842180774747,0.09863701578192252,3.4072727272727272,0.3360832137733142,0.013629842180774747,44,948,56
Merck & Co.,United States,61.1,2.3,105.8,332.3,3.764320785597381,2.1739130434782608,0.5775047258979207,5.438625204582651,3.1408317580340266,0.021739130434782608,621,948,56
Abbott Laboratories,United States,40.3,5.6,72.5,181.1,13.895781637717123,7.724137931034482,0.5558620689655172,4.493796526054591,2.4979310344827583,0.07724137931034482,621,948,56
China Telecom,China,71.4,4.3,117.4,52.3,6.022408963585433,3.662691652470187,0.6081771720613288,0.7324929971988795,0.44548551959114135,0.03662691652470187,280,948,56
Dell Technologies,United States,88.5,3.2,82.1,106.7,3.615819209039548,3.8976857490864805,1.0779537149817298,1.2056497175141243,1.2996345919610233,0.038976857490864804,621,948,56
Barclays,United Kingdom,31.5,5.1,1992.3,41.2,16.19047619047619,0.25598554434573106,0.015810871856648097,1.307936507936508,0.020679616523615923,0.0025598554434573106,66,948,56
Linde,United Kingdom,32.8,6.3,80.3,207.9,19.20731707317073,7.84557907845579,0.4084682440846824,6.338414634146342,2.589041095890411,0.0784557907845579,66,948,56
FedEx,United States,87.5,4.4,86.1,63.3,5.0285714285714285,5.1103368176538915,1.016260162601626,0.7234285714285714,0.7351916376306621,0.05110336817653892,621,948,56
Hitachi,Japan,67.3,4.1,80.8,86.1,6.092124814264487,5.074257425742574,0.8329207920792079,1.2793462109955422,1.0655940594059405,0.05074257425742574,181,948,56
Accenture,Ireland,64.6,7.0,51.3,190.9,10.8359133126935,13.645224171539963,1.2592592592592593,2.9551083591331273,3.721247563352827,0.13645224171539963,23,948,56
Lockheed Martin,United States,69.6,6.8,55.0,111.9,9.770114942528735,12.363636363636363,1.2654545454545454,1.6077586206896555,2.0345454545454547,0.12363636363636363,621,948,56
L'Oréal,France,44.5,6.7,57.3,260.3,15.056179775280897,11.692844677137872,0.7766143106457243,5.849438202247192,4.542757417102967,0.11692844677137872,49,948,56
Nordea Bank,Finland,28.5,5.6,653.3,43.5,19.649122807017545,0.8571865911526099,0.04362467472830247,1.5263157894736843,0.06658502984846167,0.008571865911526099,9,948,56
Eli Lilly,United States,35.9,6.1,63.9,731.8,16.991643454038996,9.546165884194052,0.5618153364632238,20.384401114206128,11.45226917057903,0.09546165884194052,621,948,56
KKR,United States,22.7,4.1,339.8,92.9,18.06167400881057,1.2065921130076513,0.06680400235432607,4.0925110132158595,0.27339611536197767,0.012065921130076514,621,948,56
Philip Morris International,United States,35.7,7.9,65.3,155.2,22.128851540616246,12.09800918836141,0.546707503828484,4.347338935574229,2.3767228177641653,0.1209800918836141,621,948,56
NatWest Group,United Kingdom,33.7,5.1,881.1,35.5,15.133531157270028,0.5788219271365338,0.038247644989218024,1.0534124629080117,0.040290545908523434,0.005788219271365338,66,948,56
Valero Energy,United States,140.1,7.0,62.6,54.3,4.996431120628123,11.182108626198083,2.2380191693290734,0.3875802997858672,0.8674121405750798,0.11182108626198083,621,948,56
Enbridge,Canada,31.5,4.4,140.9,78.2,13.968253968253968,3.12278211497516,0.22356281050390348,2.4825396825396826,0.5550035486160397,0.0312278211497516,59,948,56
JD.com,China,153.7,3.5,83.3,55.7,2.277163305139883,4.201680672268908,1.8451380552220888,0.36239427456083284,0.6686674669867948,0.04201680672268908,280,948,56
Bank of New York Mellon,United States,36.2,3.4,434.7,44.5,9.392265193370166,0.7821486082355648,0.0832758224062572,1.229281767955801,0.10236945019553716,0.007821486082355647,621,948,56
Vale,Brazil,41.8,7.8,91.5,55.4,18.660287081339714,8.524590163934425,0.45683060109289614,1.3253588516746413,0.6054644808743169,0.08524590163934426,26,948,56
GSK,United Kingdom,38.6,5.6,73.9,91.9,14.507772020725387,7.577807848443842,0.5223274695534506,2.3808290155440415,1.243572395128552,0.07577807848443842,66,948,56
Prudential Financial,United States,58.9,2.1,725.8,43.5,3.5653650254668934,0.2893359052080463,0.08115183246073299,0.7385398981324278,0.05993386607880959,0.002893359052080463,621,948,56
Lowe's,United States,86.4,7.7,43.4,132.2,8.912037037037036,17.741935483870968,1.990783410138249,1.5300925925925923,3.046082949308756,0.1774193548387097,621,948,56
Charter Communications,United States,54.6,4.6,148.0,39.3,8.424908424908423,3.108108108108108,0.3689189189189189,0.7197802197802197,0.26554054054054055,0.03108108108108108,621,948,56
Honeywell International,United States,36.9,5.7,65.6,134.1,15.447154471544716,8.689024390243903,0.5625,3.6341463414634148,2.044207317073171,0.08689024390243903,621,948,56
McKesson,United States,309.0,3.0,67.4,73.4,0.9708737864077669,4.451038575667655,4.584569732937685,0.23754045307443367,1.089020771513353,0.044510385756676554,621,948,56
Duke Energy,United States,29.5,3.3,178.7,80.2,11.186440677966102,1.846670397313934,0.1650811415780638,2.7186440677966104,0.4487968662562955,0.01846670397313934,621,948,56
Qualcomm,United States,36.4,8.4,53.2,216.3,23.076923076923077,15.789473684210526,0.6842105263157894,5.9423076923076925,4.065789473684211,0.15789473684210525,621,948,56
HCA Healthcare,United States,66.7,5.5,57.0,84.6,8.245877061469265,9.649122807017543,1.1701754385964913,1.2683658170914542,1.4842105263157894,0.09649122807017543,621,948,56
Medtronic,Ireland,32.3,4.2,90.8,114.1,13.0030959752322,4.625550660792952,0.355726872246696,3.5325077399380804,1.2566079295154184,0.04625550660792952,23,948,56
Amgen,United States,29.4,3.8,93.0,167.6,12.925170068027212,4.086021505376344,0.3161290322580645,5.700680272108843,1.8021505376344085,0.040860215053763436,621,948,56
ENGIE ,France,89.3,2.4,215.0,41.5,2.6875699888017914,1.1162790697674418,0.4153488372093023,0.4647256438969765,0.1930232558139535,0.011162790697674419,49,948,56
Southern Company,United States,25.4,4.2,140.1,87.0,16.535433070866144,2.9978586723768736,0.1812990720913633,3.425196850393701,0.6209850107066381,0.029978586723768737,621,948,56
CaixaBank,Spain,25.2,5.2,670.7,39.2,20.634920634920636,0.7753093782615178,0.037572685254212014,1.5555555555555558,0.058446399284329806,0.0077530937826151775,21,948,56
Manulife,Canada,26.4,3.4,630.4,48.2,12.878787878787879,0.5393401015228426,0.04187817258883249,1.825757575757576,0.07645939086294418,0.005393401015228426,59,948,56
Danaher,United States,26.2,4.4,83.4,196.9,16.793893129770996,5.275779376498801,0.31414868105515587,7.51526717557252,2.3609112709832134,0.05275779376498801,621,948,56
Mondelez International,United States,36.1,4.3,77.6,95.5,11.91135734072022,5.541237113402063,0.4652061855670104,2.6454293628808863,1.2306701030927836,0.05541237113402062,621,948,56
Schneider Electric,France,38.8,4.3,65.1,139.1,11.082474226804125,6.605222734254992,0.5960061443932412,3.5850515463917527,2.1367127496159757,0.06605222734254992,49,948,56
Target,United States,107.4,4.1,55.4,74.1,3.8175046554934817,7.400722021660649,1.9386281588447656,0.6899441340782122,1.3375451263537905,0.0740072202166065,621,948,56
Deutsche Post,Germany,87.9,3.8,74.2,51.3,4.323094425483504,5.121293800539084,1.1846361185983827,0.583617747440273,0.6913746630727762,0.05121293800539083,50,948,56
KDDI,Japan,39.8,4.4,93.5,58.0,11.05527638190955,4.7058823529411775,0.42566844919786095,1.4572864321608041,0.6203208556149733,0.04705882352941177,181,948,56
National Grid,United Kingdom,25.4,9.4,115.0,53.7,37.00787401574803,8.17391304347826,0.2208695652173913,2.114173228346457,0.46695652173913044,0.0817391304347826,66,948,56
Midea Group,China,53.2,4.8,68.9,65.7,9.022556390977442,6.966618287373004,0.772133526850508,1.2349624060150375,0.95355587808418,0.06966618287373004,280,948,56
Novo Nordisk,Denmark,35.5,13.0,43.3,581.1,36.61971830985916,30.023094688221715,0.8198614318706698,16.369014084507043,13.420323325635106,0.30023094688221713,13,948,56
Oil & Natural Gas,India,77.5,5.1,80.6,41.9,6.580645161290322,6.327543424317618,0.9615384615384616,0.5406451612903226,0.5198511166253101,0.06327543424317618,71,948,56
América Móvil,Mexico,46.8,3.4,96.3,61.4,7.264957264957266,3.5306334371754935,0.48598130841121495,1.311965811965812,0.6375908618899273,0.035306334371754934,14,948,56
BlackRock,United States,19.1,5.9,124.0,120.7,30.89005235602094,4.758064516129033,0.15403225806451615,6.319371727748691,0.9733870967741935,0.047580645161290326,621,948,56
PDD Holdings,Ireland,34.7,8.4,49.1,194.2,24.207492795389047,17.10794297352342,0.7067209775967414,5.596541786743515,3.9551934826883905,0.1710794297352342,23,948,56
PICC,China,77.3,3.2,214.0,30.3,4.139715394566624,1.4953271028037385,0.36121495327102804,0.39197930142302717,0.14158878504672898,0.014953271028037384,280,948,56
Netflix,United States,34.9,6.4,48.8,267.7,18.338108882521492,13.114754098360656,0.7151639344262295,7.670487106017192,5.485655737704918,0.13114754098360656,621,948,56
Brookfield Corporation,Canada,101.9,1.1,491.9,73.0,1.0794896957801767,0.2236226875381175,0.2071559260012198,0.7163886162904808,0.14840414718438708,0.002236226875381175,59,948,56
Qatar National Bank,Qatar,32.0,4.0,339.6,35.5,12.5,1.1778563015312131,0.09422850412249704,1.109375,0.10453474676089516,0.01177856301531213,6,948,56
International Holding Company,United Arab Emirates,17.3,8.1,92.2,239.5,46.82080924855491,8.785249457700651,0.1876355748373102,13.84393063583815,2.5976138828633406,0.0878524945770065,12,948,56
Travelers,United States,42.9,3.1,117.8,50.3,7.226107226107227,2.6315789473684212,0.36417657045840407,1.1724941724941724,0.42699490662139217,0.026315789473684213,621,948,56
Volvo Group,Sweden,52.1,4.8,67.3,54.0,9.213051823416505,7.13224368499257,0.774145616641902,1.036468330134357,0.8023774145616642,0.0713224368499257,25,948,56
Union Pacific,United States,24.1,6.4,67.3,149.5,26.556016597510375,9.509658246656763,0.3580980683506687,6.203319502074688,2.221396731054978,0.09509658246656762,621,948,56
Oversea-Chinese Banking,Singapore,18.6,5.2,440.8,48.3,27.956989247311824,1.17967332123412,0.042196007259528136,2.5967741935483866,0.10957350272232304,0.011796733212341199,10,948,56
Swiss Re ,Switzerland,49.4,3.2,173.5,35.3,6.477732793522267,1.8443804034582134,0.28472622478386167,0.714574898785425,0.20345821325648414,0.018443804034582133,46,948,56
China Pacific Insurance,China,46.6,3.8,332.1,27.2,8.15450643776824,1.1442336645588678,0.14031918096958748,0.5836909871244634,0.08190304125263474,0.011442336645588677,280,948,56
McDonald's,United States,25.8,8.6,53.5,196.4,33.33333333333333,16.074766355140184,0.4822429906542056,7.612403100775194,3.6710280373831776,0.16074766355140185,621,948,56
Banco Bradesco,Brazil,61.2,2.6,390.8,27.9,4.248366013071895,0.6653019447287616,0.15660184237461616,0.4558823529411764,0.07139201637666324,0.006653019447287615,26,948,56
Centene,United States,155.5,2.7,82.6,41.7,1.7363344051446947,3.2687651331719128,1.8825665859564167,0.2681672025723473,0.5048426150121066,0.03268765133171913,621,948,56
PayPal,United States,30.4,4.3,83.3,67.4,14.144736842105262,5.162064825930372,0.36494597839135656,2.217105263157895,0.809123649459784,0.05162064825930372,621,948,56
Japan Post Holdings,Japan,81.5,1.9,1973.6,27.6,2.331288343558282,0.09627077421970004,0.04129509525739765,0.3386503067484663,0.013984596676124849,0.0009627077421970004,181,948,56
Standard Chartered,United Kingdom,40.1,3.3,812.5,25.3,8.229426433915211,0.4061538461538461,0.04935384615384616,0.6309226932668329,0.03113846153846154,0.004061538461538461,66,948,56
China Everbright Bank,China,40.5,5.7,954.4,19.7,14.074074074074074,0.5972338642078794,0.04243503772003353,0.4864197530864197,0.020641240569991618,0.0059723386420787936,280,948,56
Suncor Energy,Canada,36.7,5.8,65.9,51.6,15.803814713896456,8.801213960546281,0.5569044006069803,1.4059945504087192,0.7830045523520485,0.08801213960546281,59,948,56
SAP,Germany,34.5,2.1,78.8,224.7,6.086956521739131,2.6649746192893407,0.43781725888324874,6.513043478260869,2.8515228426395938,0.026649746192893405,50,948,56
Mastercard,United States,25.7,11.8,42.6,427.9,45.91439688715953,27.699530516431924,0.6032863849765258,16.64980544747082,10.044600938967136,0.27699530516431925,621,948,56
The Saudi National Bank,Saudi Arabia,16.3,5.3,285.9,56.4,32.51533742331288,1.8537950332284017,0.057012941587967825,3.4601226993865026,0.19727177334732424,0.018537950332284017,16,948,56
China Resources Land,Hong Kong,35.2,4.4,168.0,30.0,12.5,2.619047619047619,0.20952380952380953,0.8522727272727272,0.17857142857142858,0.02619047619047619,44,948,56
Delta Air Lines,United States,59.0,5.0,75.0,34.0,8.47457627118644,6.666666666666667,0.7866666666666666,0.576271186440678,0.4533333333333333,0.06666666666666667,621,948,56
KIA,South Korea,77.5,7.2,62.1,32.6,9.290322580645162,11.594202898550725,1.247987117552335,0.4206451612903226,0.5249597423510467,0.11594202898550725,61,948,56
ASML Holding,Netherlands,28.3,7.7,42.2,365.0,27.208480565371023,18.246445497630333,0.6706161137440758,12.897526501766784,8.649289099526065,0.18246445497630331,23,948,56
General Dynamics,United States,43.1,3.4,55.2,82.0,7.888631090487238,6.159420289855072,0.7807971014492754,1.902552204176334,1.4855072463768115,0.06159420289855072,621,948,56
Daimler Truck Holding,Germany,60.7,4.2,79.5,34.4,6.919275123558484,5.283018867924529,0.7635220125786164,0.5667215815485996,0.43270440251572323,0.052830188679245285,50,948,56
Nike,United States,51.6,5.2,37.4,139.1,10.077519379844961,13.903743315508022,1.379679144385027,2.695736434108527,3.7192513368983957,0.13903743315508021,621,948,56
United Overseas Bank,Singapore,20.2,4.3,396.9,37.6,21.287128712871286,1.0833963214915596,0.0508944318468128,1.8613861386138615,0.09473418997228522,0.010833963214915596,10,948,56
KBC Group,Belgium,29.8,3.2,388.2,30.0,10.738255033557047,0.8243173621844411,0.07676455435342608,1.006711409395973,0.07727975270479134,0.00824317362184441,9,948,56
First Abu Dhabi Bank,United Arab Emirates,20.8,4.3,336.3,36.6,20.673076923076923,1.27862027951234,0.06184953910199227,1.7596153846153846,0.10883140053523639,0.012786202795123401,12,948,56
PTT ,Thailand,90.0,3.2,99.8,26.6,3.5555555555555554,3.206412825651303,0.9018036072144289,0.29555555555555557,0.2665330661322646,0.03206412825651303,16,948,56
Canadian Natural Resources,Canada,26.4,5.5,56.1,82.6,20.833333333333336,9.803921568627452,0.4705882352941176,3.128787878787879,1.4723707664884134,0.09803921568627451,59,948,56
Aflac,United States,19.3,5.3,124.6,50.2,27.461139896373055,4.253611556982344,0.1548956661316212,2.6010362694300517,0.40288924558587486,0.04253611556982344,621,948,56
Dai-ichi Life Insurance,Japan,66.1,2.2,446.3,23.1,3.328290468986385,0.4929419672865786,0.14810665471655834,0.3494704992435704,0.051758906565090745,0.004929419672865786,181,948,56
Occidental Petroleum,United States,27.4,4.3,74.3,56.2,15.693430656934307,5.787348586810229,0.36877523553162855,2.051094890510949,0.756393001345895,0.05787348586810229,621,948,56
China Minsheng Bank,China,43.9,4.5,1069.2,17.2,10.250569476082006,0.42087542087542085,0.04105873550317994,0.3917995444191344,0.016086793864571642,0.004208754208754209,280,948,56
Société Générale,France,84.6,1.9,1716.7,20.9,2.2458628841607564,0.11067746257354225,0.04928059649327197,0.2470449172576832,0.012174520883089648,0.0011067746257354225,49,948,56
KB Financial Group,South Korea,36.8,3.0,543.9,22.6,8.152173913043478,0.5515719801434087,0.0676594962309248,0.6141304347826088,0.04155175583747013,0.005515719801434087,61,948,56
Inditex,Spain,38.9,5.8,35.6,146.1,14.910025706940875,16.29213483146067,1.092696629213483,3.7557840616966582,4.103932584269662,0.16292134831460672,21,948,56
Al Rajhi Bank,Saudi Arabia,14.0,4.3,222.9,85.5,30.71428571428571,1.9291161956034093,0.06280843427545985,6.107142857142857,0.3835800807537012,0.019291161956034093,16,948,56
MS&AD Insurance,Japan,43.0,2.5,183.3,28.4,5.813953488372093,1.3638843426077467,0.23458810692853244,0.6604651162790698,0.15493726132024002,0.013638843426077468,181,948,56
Air Liquide,France,29.8,3.3,53.4,105.6,11.073825503355703,6.179775280898876,0.5580524344569289,3.5436241610738253,1.9775280898876404,0.06179775280898876,49,948,56
Fiserv,United States,19.4,3.2,92.7,89.4,16.494845360824744,3.4519956850053943,0.20927723840345197,4.608247422680413,0.9644012944983819,0.03451995685005394,621,948,56
China Railway Group,China,178.2,4.5,257.9,14.5,2.5252525252525255,1.7448623497479645,0.6909654905001938,0.0813692480359147,0.056223342380767746,0.017448623497479644,280,948,56
Orange,France,47.7,2.4,125.6,31.2,5.031446540880503,1.910828025477707,0.3797770700636943,0.6540880503144654,0.2484076433121019,0.01910828025477707,49,948,56
Safran,France,25.6,3.7,55.7,93.8,14.453125,6.642728904847396,0.45960502692998206,3.6640624999999996,1.6840215439856372,0.06642728904847396,49,948,56
Indian Oil,India,93.8,5.0,57.8,27.8,5.3304904051172715,8.650519031141869,1.6228373702422145,0.2963752665245203,0.48096885813148793,0.08650519031141869,71,948,56
Emirates NBD,United Arab Emirates,20.2,5.7,234.9,28.6,28.21782178217822,2.4265644955300125,0.08599404001702851,1.415841584158416,0.12175393784589188,0.024265644955300127,12,948,56
EssilorLuxottica,France,27.5,2.5,66.9,102.6,9.090909090909092,3.736920777279521,0.41106128550074733,3.7309090909090905,1.5336322869955155,0.03736920777279521,49,948,56
Cencora,United States,276.5,1.9,63.9,44.3,0.6871609403254972,2.97339593114241,4.327073552425666,0.16021699819168173,0.6932707355242567,0.0297339593114241,621,948,56
SLB,United States,34.1,4.3,47.9,69.5,12.609970674486803,8.977035490605429,0.7118997912317329,2.038123167155425,1.4509394572025052,0.08977035490605428,621,948,56
Saint-Gobain,France,51.8,2.9,63.3,44.4,5.598455598455598,4.581358609794629,0.8183254344391785,0.8571428571428572,0.7014218009478673,0.045813586097946286,49,948,56
Danske Bank,Denmark,26.2,3.2,537.1,25.1,12.213740458015268,0.5957922174641593,0.048780487804878044,0.9580152671755726,0.046732452057345004,0.005957922174641594,13,948,56
Macquarie Group,Australia,19.6,2.2,264.0,46.6,11.224489795918368,0.8333333333333334,0.07424242424242425,2.377551020408163,0.1765151515151515,0.008333333333333333,31,948,56
Zijin Mining Group,China,40.2,3.1,49.2,63.2,7.711442786069651,6.300813008130081,0.8170731707317074,1.572139303482587,1.2845528455284552,0.06300813008130081,280,948,56
TJX Cos,United States,54.2,4.5,29.7,113.6,8.302583025830259,15.151515151515152,1.824915824915825,2.0959409594095937,3.824915824915825,0.15151515151515152,621,948,56
Banorte,Mexico,27.0,3.1,144.1,30.3,11.481481481481481,2.151283830673144,0.1873698820263706,1.1222222222222222,0.21027064538514922,0.021512838306731438,14,948,56
Kweichow Moutai,China,18.6,10.9,39.5,298.2,58.6021505376344,27.59493670886076,0.4708860759493671,16.032258064516128,7.549367088607594,0.2759493670886076,280,948,56
Fubon Financial,Taiwan,27.0,2.1,361.2,30.1,7.777777777777778,0.5813953488372093,0.07475083056478406,1.114814814814815,0.08333333333333334,0.005813953488372094,41,948,56
SAIC Motor,China,102.8,2.0,132.8,23.1,1.9455252918287937,1.506024096385542,0.7740963855421686,0.2247081712062257,0.17394578313253012,0.01506024096385542,280,948,56
Automatic Data Processing,United States,18.9,3.7,64.2,103.3,19.57671957671958,5.763239875389408,0.29439252336448596,5.465608465608466,1.6090342679127725,0.05763239875389408,621,948,56
Kraft Heinz Company,United States,26.6,2.8,90.3,43.7,10.526315789473683,3.10077519379845,0.29457364341085274,1.6428571428571428,0.48394241417497236,0.031007751937984496,621,948,56
Holcim,Switzerland,30.1,3.4,62.6,48.6,11.295681063122922,5.431309904153355,0.4808306709265176,1.6146179401993355,0.7763578274760383,0.054313099041533544,46,948,56
ABB,Switzerland,32.3,3.6,41.1,96.7,11.145510835913313,8.75912408759124,0.7858880778588807,2.993808049535604,2.3527980535279807,0.08759124087591241,46,948,56
EOG Resources,United States,23.5,7.4,44.8,74.7,31.48936170212766,16.517857142857146,0.5245535714285715,3.178723404255319,1.6674107142857144,0.16517857142857145,621,948,56
Applied Materials,United States,26.5,7.3,31.9,176.2,27.547169811320753,22.884012539184955,0.8307210031347962,6.649056603773585,5.523510971786834,0.22884012539184953,621,948,56
E.ON,Germany,89.8,1.3,123.1,36.1,1.447661469933185,1.0560519902518277,0.7294882209585702,0.40200445434298443,0.29325751421608454,0.010560519902518278,50,948,56
Denso,Japan,49.4,2.2,60.1,49.3,4.453441295546559,3.6605657237936775,0.821963394342762,0.9979757085020242,0.8202995008319467,0.036605657237936774,181,948,56
DNB Bank,Norway,18.5,3.5,359.2,29.4,18.91891891891892,0.9743875278396437,0.05150334075723831,1.5891891891891892,0.08184855233853007,0.009743875278396437,8,948,56
Archer Daniels Midland,United States,91.7,3.0,54.8,30.5,3.271537622682661,5.474452554744526,1.6733576642335768,0.3326063249727372,0.5565693430656935,0.05474452554744526,621,948,56
Marsh McLennan,United States,23.3,3.9,47.6,103.5,16.738197424892704,8.193277310924369,0.4894957983193277,4.44206008583691,2.1743697478991595,0.0819327731092437,621,948,56
Tata Motors,India,52.9,3.8,44.4,43.8,7.18336483931947,8.558558558558559,1.1914414414414414,0.8279773156899811,0.9864864864864864,0.08558558558558559,71,948,56
Sumitomo,Japan,47.8,2.7,72.9,32.3,5.648535564853558,3.7037037037037033,0.6556927297668037,0.6757322175732218,0.4430727023319615,0.037037037037037035,181,948,56
Paccar,United States,35.4,5.1,40.4,55.6,14.40677966101695,12.623762376237623,0.8762376237623762,1.5706214689265539,1.3762376237623763,0.12623762376237624,621,948,56
Fairfax Financial,Canada,37.9,3.9,81.1,27.0,10.290237467018471,4.808877928483354,0.467324290998767,0.712401055408971,0.33292231812577067,0.048088779284833544,59,948,56
PG&E,United States,24.1,2.4,127.6,39.8,9.95850622406639,1.8808777429467085,0.188871473354232,1.651452282157676,0.31191222570532917,0.018808777429467086,621,948,56
SEB AB,Sweden,17.6,3.6,386.2,29.2,20.454545454545453,0.9321595028482652,0.04557224236147075,1.659090909090909,0.07560849300880373,0.009321595028482652,25,948,56
Allstate,United States,58.6,1.4,96.5,44.7,2.3890784982935154,1.4507772020725387,0.6072538860103627,0.7627986348122867,0.46321243523316064,0.014507772020725387,621,948,56
Kroger,United States,150.0,2.1,50.5,39.1,1.4000000000000001,4.158415841584159,2.9702970297029703,0.26066666666666666,0.7742574257425743,0.041584158415841586,621,948,56
Erste Group Bank,Austria,26.1,3.3,370.1,20.6,12.643678160919539,0.8916509051607673,0.07052148068089706,0.789272030651341,0.055660632261550935,0.008916509051607673,9,948,56
Axis Bank,India,16.7,3.2,182.0,42.3,19.16167664670659,1.7582417582417582,0.09175824175824175,2.532934131736527,0.2324175824175824,0.017582417582417582,71,948,56
Humana,United States,109.2,2.0,50.1,42.9,1.8315018315018317,3.992015968063872,2.179640718562874,0.39285714285714285,0.8562874251497006,0.03992015968063872,621,948,56
Ameriprise Financial,United States,16.6,3.1,179.8,43.1,18.67469879518072,1.7241379310344827,0.09232480533926585,2.5963855421686746,0.2397107897664071,0.017241379310344827,621,948,56
Marubeni,Japan,50.1,3.3,59.0,32.2,6.586826347305388,5.593220338983051,0.8491525423728814,0.6427145708582834,0.5457627118644068,0.05593220338983051,181,948,56
Bank Of Jiangsu,China,20.6,4.1,507.8,21.3,19.90291262135922,0.8074044899566757,0.040567152422213475,1.0339805825242718,0.04194564789287121,0.008074044899566757,280,948,56
CRH,Ireland,34.9,3.1,46.3,56.6,8.882521489971348,6.695464362850973,0.7537796976241901,1.6217765042979944,1.2224622030237582,0.06695464362850972,23,948,56
China Unicom,Hong Kong,52.7,2.7,93.2,24.8,5.1233396584440225,2.8969957081545066,0.5654506437768241,0.47058823529411764,0.26609442060085836,0.028969957081545067,44,948,56
Sun Life Financial,Canada,23.3,2.4,247.4,30.2,10.300429184549357,0.9700889248181083,0.09417946645109135,1.296137339055794,0.12206952303961195,0.009700889248181082,59,948,56
American Electric,United States,19.6,2.8,97.7,48.8,14.285714285714285,2.8659160696008183,0.20061412487205732,2.4897959183673466,0.4994882292732855,0.028659160696008185,621,948,56
Banco Btg Pactual,Brazil,17.0,2.1,113.4,78.8,12.352941176470589,1.8518518518518516,0.14991181657848324,4.635294117647058,0.6948853615520282,0.018518518518518517,26,948,56
Northrop Grumman,United States,40.1,2.2,47.8,69.6,5.486284289276808,4.602510460251047,0.8389121338912134,1.735660847880299,1.4560669456066946,0.04602510460251047,621,948,56
Shinhan Financial Group,South Korea,28.6,3.1,527.2,18.5,10.839160839160838,0.5880121396054627,0.054248861911987856,0.6468531468531469,0.035091047040971164,0.005880121396054628,61,948,56
Couche Tard,Canada,68.0,2.9,36.2,53.4,4.264705882352941,8.011049723756905,1.878453038674033,0.7852941176470588,1.4751381215469612,0.08011049723756905,59,948,56
Xiaomi  ,China,38.2,2.5,45.7,63.8,6.544502617801047,5.470459518599562,0.8358862144420132,1.670157068062827,1.396061269146608,0.05470459518599562,280,948,56
CK Hutchison,Hong Kong,35.2,3.0,148.4,20.7,8.522727272727272,2.0215633423180592,0.2371967654986523,0.5880681818181818,0.13948787061994608,0.02021563342318059,44,948,56
Bank Rakyat Indonesia (BRI),Indonesia,14.9,3.9,125.5,46.5,26.174496644295303,3.1075697211155378,0.11872509960159362,3.120805369127517,0.3705179282868526,0.031075697211155377,9,948,56
Koç Holding,Turkey,67.4,3.0,96.8,19.3,4.451038575667655,3.0991735537190084,0.6962809917355373,0.28635014836795253,0.1993801652892562,0.030991735537190084,10,948,56
"Merck KGaA, Darmstadt, Germany and its affiliates",Germany,22.6,3.0,53.5,79.1,13.27433628318584,5.607476635514018,0.4224299065420561,3.4999999999999996,1.4785046728971962,0.056074766355140186,50,948,56
Commerzbank,Germany,25.7,2.6,596.1,19.9,10.116731517509727,0.43616842811608786,0.043113571548397914,0.7743190661478598,0.033383660459654414,0.004361684281160879,50,948,56
Meituan ,China,39.0,2.0,41.9,100.0,5.128205128205128,4.77326968973747,0.9307875894988067,2.5641025641025643,2.3866348448687353,0.0477326968973747,280,948,56
Seven & I Holdings,Japan,80.1,1.6,70.8,33.9,1.9975031210986272,2.259887005649718,1.1313559322033897,0.42322097378277157,0.4788135593220339,0.02259887005649718,181,948,56
Diageo,United Kingdom,20.4,4.0,46.8,79.0,19.607843137254903,8.547008547008547,0.4358974358974359,3.8725490196078436,1.688034188034188,0.08547008547008547,66,948,56
Eaton,Ireland,23.7,3.4,38.5,132.0,14.345991561181433,8.831168831168831,0.6155844155844156,5.569620253164557,3.4285714285714284,0.08831168831168831,23,948,56
Cathay Financial,Taiwan,29.0,1.6,417.0,25.7,5.517241379310345,0.38369304556354916,0.06954436450839328,0.8862068965517241,0.061630695443645085,0.0038369304556354917,41,948,56
Ecopetrol,Colombia,32.3,4.2,74.7,24.9,13.0030959752322,5.622489959839357,0.43239625167336004,0.7708978328173375,0.3333333333333333,0.05622489959839357,7,948,56
Talanx,Germany,54.0,1.9,179.7,20.1,3.518518518518518,1.05731775180857,0.3005008347245409,0.37222222222222223,0.11185308848080135,0.010573177518085699,50,948,56
Starbucks,United States,36.5,4.2,29.4,88.2,11.506849315068493,14.285714285714288,1.241496598639456,2.4164383561643836,3.0000000000000004,0.14285714285714288,621,948,56
Altria Group,United States,20.5,8.5,36.5,79.1,41.46341463414634,23.28767123287671,0.5616438356164384,3.8585365853658535,2.1671232876712327,0.2328767123287671,621,948,56
Exelon,United States,22.2,2.3,103.2,38.6,10.36036036036036,2.2286821705426356,0.21511627906976744,1.738738738738739,0.374031007751938,0.022286821705426355,621,948,56
D.R. Horton,United States,37.1,5.0,34.4,49.9,13.477088948787062,14.534883720930234,1.0784883720930234,1.3450134770889488,1.4505813953488371,0.14534883720930233,621,948,56
National Bank of Canada,Canada,18.2,2.5,324.8,28.8,13.736263736263737,0.7697044334975369,0.056034482758620684,1.5824175824175826,0.08866995073891626,0.00769704433497537,59,948,56
Discover Financial Services,United States,21.6,2.3,152.7,31.4,10.648148148148147,1.5062213490504257,0.1414538310412574,1.4537037037037035,0.20563195808775378,0.015062213490504257,621,948,56
Nippon Steel ,Japan,61.3,3.8,70.8,19.4,6.199021207177815,5.367231638418079,0.865819209039548,0.3164763458401305,0.2740112994350282,0.05367231638418079,181,948,56
Royal Ahold Delhaize N.V.,Netherlands,96.2,2.0,55.2,29.8,2.0790020790020787,3.6231884057971016,1.7427536231884058,0.3097713097713098,0.5398550724637681,0.036231884057971016,23,948,56
Lennar,United States,35.1,4.0,39.0,46.1,11.396011396011396,10.256410256410255,0.9,1.3133903133903133,1.182051282051282,0.10256410256410256,621,948,56
Stryker,United States,21.0,3.4,39.4,127.5,16.19047619047619,8.629441624365482,0.5329949238578681,6.071428571428571,3.236040609137056,0.08629441624365482,621,948,56
Richemont,Switzerland,22.4,2.6,46.1,94.4,11.60714285714286,5.639913232104121,0.48590021691973967,4.214285714285714,2.0477223427331888,0.05639913232104121,46,948,56
Huaxia Bank,China,25.3,3.7,606.0,15.3,14.624505928853756,0.6105610561056106,0.04174917491749175,0.6047430830039526,0.02524752475247525,0.006105610561056106,280,948,56
Power Corp of Canada,Canada,31.4,1.9,560.2,19.0,6.050955414012739,0.33916458407711525,0.05605141021063905,0.6050955414012739,0.03391645840771153,0.0033916458407711528,59,948,56
Repsol ,Spain,63.7,3.3,68.2,19.7,5.180533751962322,4.838709677419355,0.9340175953079178,0.3092621664050235,0.2888563049853372,0.04838709677419355,21,948,56
Bank of Ningbo,China,15.8,3.6,399.6,23.6,22.78481012658228,0.9009009009009009,0.03953953953953954,1.4936708860759493,0.05905905905905906,0.009009009009009009,280,948,56
Gree Electric Appliances,China,28.4,4.1,52.7,32.2,14.43661971830986,7.77988614800759,0.5388994307400379,1.1338028169014087,0.6110056925996206,0.07779886148007589,280,948,56
Cenovus Energy,Canada,39.5,3.4,40.6,37.9,8.60759493670886,8.374384236453201,0.9729064039408867,0.959493670886076,0.9334975369458127,0.08374384236453201,59,948,56
Texas Instruments,United States,16.8,5.9,34.9,177.6,35.11904761904762,16.9054441260745,0.48137535816618915,10.571428571428571,5.088825214899713,0.169054441260745,621,948,56
RWE Group,Germany,28.0,1.9,111.5,28.1,6.785714285714286,1.7040358744394617,0.25112107623318386,1.0035714285714286,0.252017937219731,0.017040358744394617,50,948,56
Constellation Energy,United States,22.0,2.4,52.0,67.2,10.909090909090908,4.615384615384615,0.4230769230769231,3.0545454545454547,1.2923076923076924,0.04615384615384615,621,948,56
Møller-Maersk,Denmark,49.2,1.7,81.6,26.3,3.455284552845528,2.0833333333333335,0.6029411764705883,0.5345528455284553,0.32230392156862747,0.020833333333333336,13,948,56
Renault,France,56.6,2.4,134.7,15.9,4.240282685512367,1.7817371937639197,0.4201930215293245,0.28091872791519434,0.1180400890868597,0.017817371937639197,49,948,56
Nissan Motor,Japan,87.7,3.0,131.2,12.9,3.4207525655644244,2.286585365853659,0.6684451219512196,0.14709236031927023,0.09832317073170734,0.02286585365853659,181,948,56
Panasonic,Japan,58.8,3.1,62.2,19.9,5.272108843537415,4.983922829581994,0.945337620578778,0.33843537414965985,0.31993569131832794,0.04983922829581994,181,948,56
Advanced Micro Devices,United States,22.8,1.1,67.9,265.8,4.824561403508772,1.6200294550810017,0.33578792341678937,11.657894736842106,3.914580265095729,0.016200294550810016,621,948,56
Hartford Financial Services,United States,25.0,2.7,70.6,30.5,10.8,3.8243626062322953,0.3541076487252125,1.22,0.43201133144475923,0.038243626062322955,621,948,56
Adobe,United States,19.9,4.8,28.8,216.6,24.12060301507538,16.666666666666664,0.6909722222222222,10.884422110552764,7.520833333333333,0.16666666666666666,621,948,56
Sompo,Japan,31.7,2.7,102.3,20.0,8.517350157728707,2.6392961876832843,0.3098729227761486,0.6309148264984227,0.19550342130987292,0.026392961876832845,181,948,56
Uber,United States,38.6,1.4,39.6,137.2,3.6269430051813467,3.535353535353535,0.9747474747474747,3.55440414507772,3.464646464646464,0.03535353535353535,621,948,56
Bank of Beijing,China,19.4,3.6,538.9,17.0,18.556701030927837,0.6680274633512712,0.03599925774726294,0.8762886597938145,0.031545741324921134,0.006680274633512712,280,948,56
Vodafone,United Kingdom,39.8,1.2,155.9,26.5,3.0150753768844223,0.7697241821680564,0.2552918537524054,0.6658291457286433,0.16998075689544578,0.0076972418216805635,66,948,56
China Railway Construction,China,158.2,3.7,236.5,10.2,2.3388116308470295,1.5644820295983088,0.6689217758985201,0.06447534766118837,0.04312896405919661,0.01564482029598309,280,948,56
Poly Developments & Holdings Group,China,48.2,1.6,197.1,18.5,3.319502074688797,0.8117706747843736,0.2445459157787925,0.3838174273858921,0.09386098427194318,0.008117706747843735,280,948,56
Japan Tobacco,Japan,20.2,3.4,47.3,50.4,16.831683168316832,7.18816067653277,0.427061310782241,2.495049504950495,1.06553911205074,0.0718816067653277,181,948,56
Freeport-McMoRan,United States,23.8,1.6,54.2,77.9,6.722689075630252,2.952029520295203,0.43911439114391143,3.2731092436974794,1.437269372693727,0.02952029520295203,621,948,56
Fannie Mae,United States,143.3,18.0,4323.8,1.8,12.56106071179344,0.41630047643276746,0.033142143484897545,0.012561060711793439,0.00041630047643276746,0.004163004764327675,621,948,56
Nucor,United States,34.1,4.2,33.9,41.3,12.316715542521994,12.389380530973453,1.0058997050147493,1.2111436950146626,1.2182890855457227,0.12389380530973453,621,948,56
Booking Holdings,United States,22.0,4.8,27.7,125.8,21.818181818181817,17.328519855595665,0.7942238267148015,5.718181818181818,4.541516245487364,0.17328519855595667,621,948,56
Canadian National Railway,Canada,13.5,4.4,53.5,81.0,32.592592592592595,8.224299065420562,0.2523364485981308,6.0,1.514018691588785,0.08224299065420561,59,948,56
Corebridge Financial,United States,20.8,2.4,357.9,19.1,11.538461538461538,0.6705783738474435,0.05811679240011177,0.9182692307692308,0.053366862252025714,0.006705783738474434,621,948,56
Tesco,United Kingdom,85.3,1.5,59.5,27.6,1.7584994138335288,2.5210084033613445,1.4336134453781513,0.3235638921453693,0.4638655462184874,0.025210084033613446,66,948,56
United Airlines Holdings,United States,54.8,2.7,71.9,18.1,4.927007299270074,3.7552155771905427,0.7621696801112655,0.3302919708029198,0.2517385257301808,0.037552155771905425,621,948,56
BAE Systems,United Kingdom,28.7,2.3,40.9,52.3,8.013937282229964,5.623471882640587,0.7017114914425427,1.8222996515679442,1.2787286063569683,0.05623471882640586,66,948,56
HP,United States,53.1,3.4,35.8,30.5,6.4030131826742,9.497206703910615,1.4832402234636872,0.5743879472693032,0.8519553072625698,0.09497206703910616,621,948,56
S&P Global,United States,12.8,2.8,60.5,138.3,21.874999999999996,4.628099173553719,0.21157024793388432,10.8046875,2.2859504132231407,0.04628099173553719,621,948,56
Cosco Shipping,China,24.8,3.4,65.2,25.9,13.709677419354838,5.214723926380368,0.38036809815950917,1.0443548387096773,0.39723926380368096,0.05214723926380368,280,948,56
Freddie Mac,United States,110.5,11.3,3287.4,,10.226244343891404,0.3437366916103912,0.033613189754821436,,,0.003437366916103912,621,948,56
Sempra,United States,13.6,2.9,89.6,49.5,21.323529411764707,3.2366071428571432,0.1517857142857143,3.639705882352941,0.5524553571428572,0.03236607142857143,621,948,56
China Communications Construction,China,106.6,3.3,239.2,10.1,3.095684803001876,1.3795986622073577,0.44565217391304346,0.09474671669793622,0.04222408026755853,0.013795986622073578,280,948,56
Kering,France,21.2,3.2,45.7,44.6,15.094339622641511,7.00218818380744,0.4638949671772428,2.1037735849056607,0.9759299781181618,0.0700218818380744,49,948,56
State Street,United States,18.7,1.9,338.0,23.5,10.16042780748663,0.5621301775147929,0.055325443786982245,1.2566844919786098,0.0695266272189349,0.005621301775147929,621,948,56
Saudi Telecom,Saudi Arabia,19.5,3.6,42.6,50.5,18.461538461538463,8.450704225352112,0.45774647887323944,2.58974358974359,1.1854460093896713,0.08450704225352113,16,948,56
China Yangtze Power,China,10.7,3.8,78.7,87.3,35.51401869158878,4.8284625158831,0.13595933926302411,8.158878504672897,1.1092757306226175,0.048284625158831,280,948,56
NTPC,India,21.2,2.4,54.7,42.5,11.320754716981133,4.387568555758683,0.3875685557586837,2.0047169811320757,0.7769652650822668,0.043875685557586835,71,948,56
Bank Mandiri,Indonesia,11.6,3.6,136.5,38.1,31.03448275862069,2.6373626373626373,0.08498168498168499,3.28448275862069,0.27912087912087913,0.026373626373626374,9,948,56
Aviva,United Kingdom,43.2,1.3,403.4,16.9,3.009259259259259,0.32226078334159647,0.10708973723351513,0.39120370370370366,0.04189390183440753,0.0032226078334159644,66,948,56
Swedbank,Sweden,13.9,3.3,288.0,23.0,23.741007194244602,1.1458333333333333,0.04826388888888889,1.6546762589928057,0.0798611111111111,0.011458333333333333,25,948,56
Baidu,China,18.8,2.7,57.4,40.7,14.361702127659576,4.70383275261324,0.3275261324041812,2.1648936170212765,0.7090592334494774,0.047038327526132406,280,948,56
First Citizens Bank (NC),United States,14.7,2.7,217.8,25.7,18.367346938775512,1.2396694214876034,0.06749311294765839,1.748299319727891,0.1179981634527089,0.012396694214876033,621,948,56
Svenska Handelsbanken,Sweden,17.6,2.7,351.3,18.3,15.340909090909092,0.7685738684884714,0.05009962994591517,1.0397727272727273,0.05209222886421862,0.007685738684884714,25,948,56
Orix,Japan,19.5,2.4,107.8,25.2,12.307692307692307,2.2263450834879404,0.1808905380333952,1.2923076923076924,0.23376623376623376,0.022263450834879406,181,948,56
Dow,United States,43.5,1.2,58.8,41.6,2.7586206896551726,2.0408163265306123,0.7397959183673469,0.9563218390804598,0.7074829931972789,0.020408163265306124,621,948,56
IntercontinentalExchange,United States,10.0,2.5,131.4,79.4,25.0,1.9025875190258752,0.076103500761035,7.94,0.604261796042618,0.01902587519025875,621,948,56
Power Construction Corporation of China,China,85.6,1.8,168.1,12.7,2.1028037383177574,1.0707911957168352,0.5092207019631172,0.1483644859813084,0.07555026769779893,0.010707911957168352,280,948,56
Toyota Tsusho,Japan,70.5,2.3,46.6,21.7,3.2624113475177303,4.935622317596566,1.5128755364806867,0.3078014184397163,0.4656652360515021,0.04935622317596566,181,948,56
Takeda Pharmaceutical,Japan,29.5,,99.8,41.7,,,0.2955911823647295,1.4135593220338984,0.4178356713426854,,181,948,56
Poste Italiane,Italy,22.2,2.0,293.2,17.4,9.00900900900901,0.6821282401091405,0.07571623465211459,0.7837837837837838,0.059345156889495224,0.0068212824010914054,28,948,56
Mitsubishi Electric,Japan,36.4,2.0,40.8,37.9,5.4945054945054945,4.901960784313726,0.8921568627450981,1.0412087912087913,0.928921568627451,0.04901960784313726,181,948,56
Citic Securities,China,13.4,2.7,216.9,26.2,20.149253731343283,1.2448132780082988,0.06177962194559705,1.9552238805970148,0.12079299216228676,0.012448132780082988,280,948,56
Haier Smart Home,China,36.9,2.4,35.7,37.8,6.504065040650407,6.722689075630252,1.0336134453781511,1.024390243902439,1.0588235294117645,0.06722689075630252,280,948,56
Kinder Morgan,United States,15.1,2.4,70.7,43.7,15.894039735099339,3.3946251768033946,0.21357850070721357,2.894039735099338,0.6181046676096181,0.033946251768033946,621,948,56
Toyota Industries,Japan,26.5,1.6,73.2,29.6,6.037735849056604,2.185792349726776,0.3620218579234973,1.1169811320754717,0.40437158469945356,0.02185792349726776,181,948,56
Rolls-Royce Holdings,United Kingdom,20.5,3.0,40.2,44.7,14.634146341463413,7.462686567164178,0.5099502487562189,2.180487804878049,1.1119402985074627,0.07462686567164178,66,948,56
Fortescue Metals Group,Australia,18.6,5.8,29.9,55.4,31.182795698924725,19.39799331103679,0.6220735785953178,2.9784946236559136,1.8528428093645486,0.1939799331103679,31,948,56
Waste Management,United States,20.7,2.5,32.7,84.4,12.077294685990339,7.64525993883792,0.6330275229357797,4.0772946859903385,2.5810397553516817,0.0764525993883792,621,948,56
Cheniere Energy,United States,17.2,4.9,42.9,36.7,28.488372093023255,11.421911421911425,0.40093240093240096,2.1337209302325584,0.8554778554778556,0.11421911421911424,621,948,56
TAQA,United Arab Emirates,14.2,2.0,58.0,88.8,14.084507042253522,3.4482758620689653,0.24482758620689654,6.253521126760564,1.5310344827586206,0.034482758620689655,12,948,56
CSX,United States,14.6,3.6,42.7,65.5,24.657534246575345,8.430913348946136,0.34192037470725994,4.486301369863014,1.5339578454332552,0.08430913348946135,621,948,56
Johnson Controls International,Ireland,26.8,1.7,43.5,46.5,6.343283582089552,3.9080459770114944,0.6160919540229886,1.7350746268656716,1.0689655172413792,0.03908045977011494,23,948,56
Larsen & Toubro,India,26.7,1.6,40.7,56.9,5.992509363295881,3.9312039312039313,0.656019656019656,2.1310861423220975,1.3980343980343979,0.03931203931203931,71,948,56
Femsa,Mexico,42.0,1.2,48.0,42.8,2.857142857142857,2.5,0.875,1.019047619047619,0.8916666666666666,0.024999999999999998,14,948,56
Dominion Energy,United States,14.4,1.7,102.0,44.8,11.805555555555555,1.6666666666666667,0.1411764705882353,3.1111111111111107,0.4392156862745098,0.016666666666666666,621,948,56
LyondellBasell Industries,United Kingdom,40.6,2.1,36.6,32.9,5.172413793103448,5.737704918032787,1.1092896174863387,0.8103448275862069,0.8989071038251365,0.05737704918032787,66,948,56
Shin-Etsu Chemical,Japan,16.7,3.6,34.0,75.0,21.55688622754491,10.588235294117647,0.49117647058823527,4.491017964071856,2.2058823529411766,0.10588235294117647,181,948,56
Investor AB,Sweden,7.4,15.2,84.8,79.1,205.4054054054054,17.92452830188679,0.08726415094339623,10.689189189189188,0.9327830188679245,0.1792452830188679,25,948,56
M&T Bank,United States,13.1,2.6,215.1,25.7,19.847328244274813,1.2087401208740123,0.06090190609019061,1.9618320610687023,0.1194793119479312,0.012087401208740122,621,948,56
ORLEN Spolka Akcyjna,Poland,85.4,5.8,71.2,10.5,6.791569086651053,8.146067415730336,1.199438202247191,0.12295081967213115,0.14747191011235955,0.08146067415730336,5,948,56
Arch Capital Group,Bermuda,14.1,4.8,52.5,37.9,34.04255319148936,9.142857142857142,0.26857142857142857,2.6879432624113475,0.7219047619047618,0.09142857142857143,8,948,56
Synchrony Financial,United States,19.4,2.9,121.2,17.6,14.948453608247423,2.3927392739273925,0.16006600660066006,0.9072164948453609,0.14521452145214522,0.023927392739273926,621,948,56
Fifth Third Bank,United States,13.2,2.3,214.5,26.4,17.424242424242422,1.0722610722610721,0.061538461538461535,2.0,0.12307692307692307,0.010722610722610722,621,948,56
Becton Dickinson,United States,19.7,1.3,54.2,68.3,6.598984771573605,2.3985239852398523,0.3634686346863468,3.467005076142132,1.2601476014760147,0.023985239852398525,621,948,56
ENEOS Holdings,Japan,95.8,2.0,67.0,14.4,2.0876826722338206,2.9850746268656714,1.4298507462686567,0.1503131524008351,0.21492537313432836,0.029850746268656716,181,948,56
Hana Financial Group,South Korea,21.5,2.4,452.3,13.3,11.162790697674419,0.5306212690692018,0.047534822020782665,0.6186046511627907,0.029405261994251603,0.005306212690692019,61,948,56
Posco,South Korea,57.4,1.1,76.7,22.3,1.9163763066202093,1.4341590612777055,0.7483702737940026,0.3885017421602788,0.2907431551499348,0.014341590612777054,61,948,56
Tata Consultancy Services,India,29.1,5.5,17.6,166.5,18.900343642611684,31.25,1.6534090909090908,5.721649484536083,9.460227272727272,0.3125,71,948,56
Schweizerische Nationalbank,Switzerland,38.7,32.4,942.2,,83.72093023255813,3.4387603481214177,0.041074081935894714,,,0.034387603481214175,46,948,56
Prologis,United States,8.2,3.2,93.3,104.1,39.024390243902445,3.429796355841372,0.08788853161843516,12.695121951219512,1.1157556270096463,0.03429796355841372,621,948,56
Wanhua Chemical Group,China,24.9,2.4,38.6,39.1,9.63855421686747,6.217616580310881,0.6450777202072538,1.5702811244979922,1.0129533678756477,0.06217616580310881,280,948,56
Oneok,United States,17.8,2.2,44.4,48.2,12.359550561797754,4.954954954954956,0.4009009009009009,2.707865168539326,1.0855855855855856,0.04954954954954956,621,948,56
Analog Devices,United States,11.6,2.8,48.4,106.2,24.137931034482758,5.785123966942148,0.2396694214876033,9.155172413793103,2.1942148760330578,0.05785123966942148,621,948,56
Parker-Hannifin,United States,19.8,2.8,29.6,70.1,14.14141414141414,9.459459459459458,0.6689189189189189,3.5404040404040398,2.368243243243243,0.09459459459459459,621,948,56
Baoshan Iron & Steel,China,48.5,1.7,53.7,21.2,3.5051546391752577,3.1657355679702044,0.9031657355679702,0.43711340206185567,0.39478584729981375,0.03165735567970204,280,948,56
ArcelorMittal,Luxembourg,68.3,,93.9,21.6,,,0.7273695420660277,0.3162518301610542,0.23003194888178913,,4,948,56
Nomura,Japan,28.8,1.1,364.4,17.5,3.8194444444444446,0.30186608122941827,0.07903402854006587,0.6076388888888888,0.048024149286498355,0.0030186608122941827,181,948,56
Bank Of Shanghai,China,15.0,3.2,436.5,15.3,21.333333333333336,0.7331042382588774,0.03436426116838488,1.02,0.03505154639175258,0.007331042382588774,280,948,56
American Tower,United States,11.2,2.1,66.7,90.8,18.750000000000004,3.1484257871064467,0.16791604197901047,8.107142857142858,1.361319340329835,0.031484257871064465,621,948,56
Hewlett Packard Enterprise,United States,28.1,1.9,58.6,23.2,6.7615658362989315,3.242320819112628,0.4795221843003413,0.8256227758007116,0.39590443686006827,0.032423208191126277,621,948,56
Marriott International,United States,24.1,2.9,25.8,67.9,12.033195020746886,11.240310077519378,0.9341085271317829,2.8174273858921164,2.6317829457364343,0.11240310077519379,621,948,56
Regeneron Pharmaceuticals,United States,13.1,3.9,34.4,108.2,29.770992366412212,11.337209302325583,0.3808139534883721,8.259541984732826,3.1453488372093026,0.11337209302325582,621,948,56
Intuit,United States,15.1,2.8,29.7,185.1,18.543046357615893,9.427609427609427,0.5084175084175084,12.258278145695364,6.232323232323233,0.09427609427609428,621,948,56
Sysco,United States,78.0,2.1,24.7,37.8,2.6923076923076925,8.502024291497976,3.1578947368421053,0.48461538461538456,1.5303643724696356,0.08502024291497977,621,948,56
Daikin Industries,Japan,30.4,1.8,32.2,47.3,5.921052631578948,5.590062111801242,0.9440993788819875,1.555921052631579,1.4689440993788818,0.05590062111801242,181,948,56
Veolia Environnement,France,49.0,1.0,80.2,23.8,2.0408163265306123,1.2468827930174562,0.6109725685785536,0.4857142857142857,0.2967581047381546,0.012468827930174562,49,948,56
Bridgestone,Japan,30.0,2.2,36.9,30.5,7.333333333333333,5.962059620596206,0.8130081300813008,1.0166666666666666,0.8265582655826559,0.059620596205962065,181,948,56
Cummins,United States,34.0,1.9,31.8,39.1,5.588235294117647,5.974842767295597,1.069182389937107,1.1500000000000001,1.229559748427673,0.05974842767295597,621,948,56
Michelin Group,France,30.6,2.1,38.9,29.0,6.862745098039216,5.398457583547558,0.7866323907455014,0.9477124183006536,0.7455012853470437,0.053984575835475584,49,948,56
Komatsu,Japan,26.8,2.7,37.2,28.0,10.074626865671641,7.258064516129033,0.7204301075268816,1.044776119402985,0.7526881720430108,0.07258064516129033,181,948,56
Pfizer,United States,55.1,,221.1,162.3,,,0.24920850293984623,2.9455535390199636,0.7340569877883312,,621,948,56
CSL,Australia,14.1,2.5,37.3,90.5,17.73049645390071,6.702412868632708,0.37801608579088475,6.418439716312057,2.4262734584450403,0.06702412868632708,31,948,56
Keurig Dr Pepper,United States,14.9,2.2,52.3,45.8,14.76510067114094,4.206500956022945,0.28489483747609945,3.0738255033557045,0.875717017208413,0.042065009560229454,621,948,56
Canadian Pacific Kansas City,Canada,10.2,2.9,60.3,76.6,28.431372549019606,4.809286898839138,0.1691542288557214,7.509803921568627,1.2703150912106136,0.04809286898839138,59,948,56
Bank of Baroda,India,17.1,2.3,198.4,16.2,13.450292397660816,1.159274193548387,0.08618951612903226,0.9473684210526314,0.08165322580645161,0.01159274193548387,71,948,56
CTBC Financial Holding,Taiwan,13.2,1.8,270.6,23.2,13.636363636363638,0.6651884700665188,0.048780487804878044,1.7575757575757576,0.08573540280857353,0.0066518847006651885,41,948,56
Kotak Mahindra Bank,India,11.4,2.2,92.0,40.5,19.29824561403509,2.391304347826087,0.12391304347826088,3.552631578947368,0.44021739130434784,0.02391304347826087,71,948,56
TC Energy,Canada,11.4,2.1,94.6,40.4,18.421052631578945,2.2198731501057085,0.12050739957716702,3.543859649122807,0.427061310782241,0.022198731501057084,59,948,56
Carrier Global,United States,23.0,1.2,40.8,58.8,5.217391304347826,2.941176470588235,0.5637254901960784,2.5565217391304347,1.4411764705882353,0.029411764705882353,621,948,56
Aon,Ireland,13.7,2.6,40.8,63.6,18.978102189781023,6.3725490196078445,0.3357843137254902,4.642335766423358,1.558823529411765,0.06372549019607844,23,948,56
Hermès International,France,14.5,4.7,22.6,261.4,32.41379310344828,20.79646017699115,0.6415929203539823,18.02758620689655,11.566371681415928,0.2079646017699115,49,948,56
Mitsubishi Heavy Industries,Japan,32.2,1.5,41.3,29.6,4.658385093167702,3.6319612590799037,0.7796610169491527,0.9192546583850931,0.7167070217917676,0.036319612590799036,181,948,56
Infineon Technologies,Germany,16.9,2.8,31.4,52.2,16.56804733727811,8.9171974522293,0.5382165605095541,3.0887573964497044,1.6624203821656052,0.08917197452229299,50,948,56
Heineken,Netherlands,32.8,1.3,61.9,23.4,3.9634146341463423,2.10016155088853,0.529886914378029,0.7134146341463414,0.3780290791599354,0.0210016155088853,23,948,56
Boeing,United States,76.4,-2.2,134.5,113.5,-2.8795811518324608,-1.6356877323420074,0.5680297397769517,1.4856020942408377,0.8438661710037175,-0.016356877323420074,621,948,56
Grupo Mexico,Mexico,14.3,3.2,35.8,52.6,22.377622377622377,8.93854748603352,0.39944134078212296,3.6783216783216783,1.46927374301676,0.08938547486033521,14,948,56
London Stock Exchange,United Kingdom,10.4,,1026.2,62.8,,,0.010134476710192944,6.038461538461538,0.06119664782693431,,66,948,56
Sherwin-Williams,United States,23.0,2.4,23.4,79.2,10.434782608695652,10.256410256410255,0.982905982905983,3.4434782608695653,3.384615384615385,0.10256410256410256,621,948,56
Dollar General,United States,38.7,1.7,33.7,31.2,4.3927648578811365,5.044510385756676,1.1483679525222552,0.8062015503875968,0.9258160237388723,0.05044510385756676,621,948,56
Baker Hughes Company,United States,26.2,1.8,37.1,33.4,6.870229007633588,4.8517520215633425,0.706199460916442,1.2748091603053435,0.9002695417789757,0.04851752021563342,621,948,56
CRRC,China,32.4,1.7,65.2,18.1,5.246913580246914,2.607361963190184,0.4969325153374233,0.558641975308642,0.2776073619631902,0.02607361963190184,280,948,56
Bank Central Asia,Indonesia,7.5,3.3,91.1,75.3,44.0,3.6223929747530184,0.08232711306256861,10.04,0.8265642151481888,0.036223929747530186,9,948,56
Boston Scientific,United States,14.7,1.8,36.7,109.7,12.244897959183675,4.9046321525885554,0.40054495912806537,7.462585034013606,2.989100817438692,0.049046321525885554,621,948,56
Naturgy Energy Group,Spain,24.5,2.1,41.9,26.1,8.571428571428571,5.011933174224344,0.5847255369928401,1.0653061224489797,0.6229116945107399,0.05011933174224344,21,948,56
Saudi Electricity,Saudi Arabia,20.7,1.3,133.5,19.6,6.280193236714976,0.9737827715355805,0.15505617977528088,0.9468599033816426,0.14681647940074907,0.009737827715355805,16,948,56
Softbank,Japan,46.7,-1.7,308.7,80.6,-3.640256959314775,-0.550696469063816,0.15127955944282476,1.7259100642398284,0.2610949141561386,-0.00550696469063816,181,948,56
Wilmar International,Singapore,67.2,1.5,61.8,14.7,2.232142857142857,2.4271844660194173,1.0873786407766992,0.21874999999999997,0.23786407766990292,0.024271844660194174,10,948,56
China Vanke,China,65.1,1.5,202.5,10.4,2.3041474654377883,0.7407407407407408,0.3214814814814815,0.15975422427035332,0.05135802469135803,0.007407407407407408,280,948,56
Maybank,Malaysia,11.1,2.0,223.7,25.5,18.01801801801802,0.894054537326777,0.04962002682163612,2.2972972972972974,0.11399195350916407,0.00894054537326777,9,948,56
Hyundai Mobis,South Korea,44.3,2.6,45.2,15.1,5.869074492099323,5.752212389380531,0.9800884955752212,0.3408577878103838,0.33407079646017696,0.05752212389380531,61,948,56
General Mills,United States,20.2,2.6,30.9,40.2,12.871287128712872,8.41423948220065,0.6537216828478964,1.9900990099009903,1.3009708737864079,0.08414239482200649,621,948,56
Canon,Japan,29.0,1.9,37.9,27.5,6.551724137931034,5.013192612137203,0.7651715039577837,0.9482758620689655,0.7255936675461742,0.05013192612137203,181,948,56
Consolidated Edison,United States,14.5,1.8,66.7,33.6,12.413793103448276,2.6986506746626686,0.21739130434782608,2.317241379310345,0.5037481259370314,0.026986506746626684,621,948,56
Kansai Electric Power,Japan,28.1,3.1,59.7,14.1,11.03202846975089,5.192629815745393,0.47068676716917923,0.5017793594306049,0.23618090452261306,0.051926298157453935,181,948,56
Danone,France,29.9,,49.1,41.8,,,0.6089613034623217,1.3979933110367893,0.8513238289205702,,49,948,56
BT Group,United Kingdom,25.4,2.3,65.2,16.6,9.05511811023622,3.52760736196319,0.38957055214723924,0.6535433070866142,0.25460122699386506,0.0352760736196319,66,948,56
Bharti Airtel,India,18.1,,53.3,91.5,,,0.33958724202626644,5.05524861878453,1.7166979362101313,,71,948,56
Etisalat,United Arab Emirates,15.0,2.8,40.2,38.1,18.666666666666664,6.965174129353232,0.3731343283582089,2.54,0.9477611940298507,0.06965174129353233,12,948,56
OMV Group,Austria,39.8,1.7,55.4,16.9,4.2713567839195985,3.068592057761733,0.7184115523465704,0.42462311557788945,0.30505415162454874,0.030685920577617327,9,948,56
Fast Retailing,Japan,20.2,2.4,23.4,80.9,11.881188118811881,10.256410256410255,0.8632478632478633,4.004950495049505,3.457264957264958,0.10256410256410256,181,948,56
Carrefour,France,91.8,1.8,62.0,12.1,1.9607843137254901,2.903225806451613,1.4806451612903226,0.1318082788671024,0.19516129032258064,0.02903225806451613,49,948,56
NetEase,China,14.6,4.2,26.2,65.0,28.767123287671236,16.03053435114504,0.5572519083969466,4.452054794520548,2.480916030534351,0.1603053435114504,280,948,56
Compass Group,United Kingdom,40.1,1.7,22.4,48.8,4.239401496259351,7.589285714285715,1.7901785714285716,1.2169576059850373,2.1785714285714284,0.07589285714285715,66,948,56
Principal Financial Group,United States,14.9,1.3,288.4,20.0,8.724832214765101,0.4507628294036062,0.05166435506241332,1.342281879194631,0.0693481276005548,0.004507628294036062,621,948,56
BCE,Canada,18.3,1.4,53.6,31.4,7.650273224043715,2.6119402985074625,0.3414179104477612,1.715846994535519,0.585820895522388,0.026119402985074626,59,948,56
Prudential,United Kingdom,10.9,1.7,171.6,28.5,15.596330275229356,0.9906759906759907,0.06351981351981352,2.614678899082569,0.1660839160839161,0.009906759906759906,66,948,56
Suzuki Motor,Japan,37.2,1.9,35.6,22.2,5.10752688172043,5.337078651685393,1.0449438202247192,0.596774193548387,0.6235955056179775,0.05337078651685393,181,948,56
FirstRand,South Africa,12.4,2.1,127.7,21.2,16.935483870967744,1.644479248238058,0.0971025841816758,1.7096774193548385,0.16601409553641347,0.01644479248238058,12,948,56
Sun Hung Kai Properties,Hong Kong,9.2,3.1,104.5,29.8,33.69565217391305,2.9665071770334928,0.08803827751196172,3.239130434782609,0.28516746411483257,0.02966507177033493,44,948,56
Recruit Holdings ,Japan,23.6,2.4,20.8,76.5,10.169491525423728,11.538461538461538,1.1346153846153846,3.2415254237288136,3.6778846153846154,0.11538461538461538,181,948,56
Williams,United States,10.2,2.9,52.7,50.3,28.431372549019606,5.502846299810246,0.19354838709677416,4.931372549019608,0.954459203036053,0.05502846299810246,621,948,56
Xcel Energy,United States,13.8,1.8,65.6,30.8,13.043478260869565,2.7439024390243905,0.2103658536585366,2.2318840579710146,0.46951219512195125,0.027439024390243906,621,948,56
Coal India,India,17.2,3.9,28.5,34.8,22.674418604651166,13.684210526315791,0.6035087719298246,2.0232558139534884,1.2210526315789472,0.1368421052631579,71,948,56
Kuwait Finance House,Kuwait,9.3,1.8,120.4,40.8,19.35483870967742,1.4950166112956809,0.07724252491694353,4.387096774193548,0.33887043189368765,0.01495016611295681,2,948,56
Raymond James Financial,United States,14.0,1.8,81.2,26.2,12.85714285714286,2.2167487684729066,0.17241379310344826,1.8714285714285714,0.3226600985221675,0.022167487684729065,621,948,56
Reckitt Benckiser Group,United Kingdom,18.2,2.0,34.6,41.1,10.989010989010989,5.780346820809249,0.5260115606936415,2.258241758241758,1.1878612716763006,0.057803468208092484,66,948,56
China Coal Energy,China,27.3,2.9,49.2,14.8,10.622710622710622,5.89430894308943,0.5548780487804877,0.5421245421245421,0.30081300813008127,0.058943089430894303,280,948,56
Samsung C&T,South Korea,32.2,1.7,51.5,17.5,5.279503105590062,3.300970873786407,0.625242718446602,0.5434782608695652,0.33980582524271846,0.033009708737864074,61,948,56
Longfor Group Holdings,China,25.4,1.8,98.8,13.0,7.086614173228346,1.8218623481781377,0.25708502024291496,0.5118110236220472,0.13157894736842105,0.01821862348178138,280,948,56
Blackstone,United States,10.3,2.2,39.7,151.9,21.359223300970875,5.541561712846348,0.2594458438287154,14.74757281553398,3.826196473551637,0.055415617128463476,621,948,56
Daiwa House Industry,Japan,36.0,2.1,43.2,16.9,5.833333333333333,4.861111111111112,0.8333333333333333,0.4694444444444444,0.39120370370370366,0.04861111111111111,181,948,56
Shaanxi Coal Industry,China,21.7,2.6,27.9,32.7,11.981566820276498,9.31899641577061,0.7777777777777778,1.5069124423963136,1.1720430107526882,0.0931899641577061,280,948,56
China Merchants Shekou Industrial Zone Holdings,China,28.6,,281.7,14.3,,,0.1015264465743699,0.5,0.05076322328718495,,280,948,56
Mitsui Fudosan,Japan,16.5,1.6,62.7,26.2,9.696969696969697,2.5518341307814993,0.2631578947368421,1.587878787878788,0.4178628389154705,0.025518341307814992,181,948,56
Henkel,Germany,23.3,1.4,35.0,38.3,6.008583690987123,4.0,0.6657142857142857,1.6437768240343347,1.0942857142857143,0.04,50,948,56
Imperial Brands,United Kingdom,22.8,2.6,36.1,21.5,11.403508771929824,7.202216066481995,0.631578947368421,0.9429824561403508,0.5955678670360111,0.07202216066481995,66,948,56
Truist Financial,United States,33.2,-1.4,535.0,53.5,-4.216867469879518,-0.2616822429906542,0.06205607476635515,1.61144578313253,0.1,-0.0026168224299065418,621,948,56
L3Harris Technologies,United States,20.2,1.2,41.8,42.4,5.9405940594059405,2.8708133971291865,0.48325358851674644,2.099009900990099,1.014354066985646,0.028708133971291867,621,948,56
Air Products & Chemicals,United States,12.2,2.5,35.9,58.4,20.491803278688526,6.963788300835655,0.3398328690807799,4.786885245901639,1.626740947075209,0.06963788300835655,621,948,56
Woodside Energy Group,Australia,14.0,1.6,55.4,34.9,11.428571428571429,2.888086642599278,0.2527075812274368,2.492857142857143,0.6299638989169675,0.02888086642599278,31,948,56
Capgemini,France,24.3,1.8,27.3,38.6,7.4074074074074066,6.593406593406594,0.8901098901098902,1.5884773662551441,1.413919413919414,0.06593406593406594,49,948,56
NN Group,Netherlands,21.6,1.2,230.0,13.5,5.555555555555555,0.5217391304347826,0.09391304347826088,0.625,0.058695652173913045,0.005217391304347826,23,948,56
Legal & General Group,United Kingdom,55.9,,656.3,19.0,,,0.0851744628980649,0.33989266547406083,0.028950175224744783,,66,948,56
Republic Services,United States,15.2,1.8,31.4,59.3,11.842105263157896,5.7324840764331215,0.4840764331210191,3.901315789473684,1.8885350318471337,0.05732484076433121,621,948,56
Halliburton,United States,23.1,2.6,24.7,33.6,11.255411255411255,10.526315789473685,0.9352226720647774,1.4545454545454546,1.3603238866396763,0.10526315789473685,621,948,56
Bouygues,France,61.1,1.1,64.9,14.5,1.800327332242226,1.694915254237288,0.9414483821263482,0.23731587561374795,0.2234206471494607,0.01694915254237288,49,948,56
Pernod Ricard,France,12.6,2.2,42.8,40.8,17.460317460317462,5.140186915887851,0.294392523364486,3.238095238095238,0.9532710280373832,0.05140186915887851,49,948,56
Bristol Myers Squibb,United States,45.5,-6.1,99.0,89.3,-13.406593406593407,-6.161616161616161,0.4595959595959596,1.9626373626373625,0.9020202020202019,-0.06161616161616161,621,948,56
Coca-Cola Europacific Partners,United Kingdom,19.8,1.8,32.3,34.2,9.090909090909092,5.572755417956657,0.6130030959752323,1.7272727272727273,1.058823529411765,0.05572755417956657,66,948,56
Yankuang Energy Group,China,16.8,2.5,58.4,17.8,14.880952380952381,4.280821917808219,0.28767123287671237,1.0595238095238095,0.3047945205479452,0.04280821917808219,280,948,56
Markel,United States,16.6,2.5,44.9,21.6,15.06024096385542,5.56792873051225,0.3697104677060134,1.3012048192771084,0.4810690423162584,0.0556792873051225,621,948,56
Huntington Bank,United States,11.1,1.8,193.5,20.6,16.216216216216218,0.9302325581395349,0.05736434108527132,1.855855855855856,0.10645994832041344,0.009302325581395349,621,948,56
Tokyo Electric Power,Japan,47.8,1.9,96.4,9.8,3.9748953974895396,1.970954356846473,0.49585062240663896,0.20502092050209209,0.1016597510373444,0.01970954356846473,181,948,56
CME Group,United States,5.6,3.2,132.1,76.7,57.14285714285715,2.422407267221802,0.04239212717638153,13.696428571428573,0.5806207418622257,0.02422407267221802,621,948,56
STMicroelectronics,Switzerland,16.5,3.7,25.0,37.2,22.424242424242426,14.800000000000002,0.66,2.254545454545455,1.4880000000000002,0.14800000000000002,46,948,56
Swiss Life Holding,Switzerland,13.2,1.2,258.3,19.9,9.090909090909092,0.4645760743321719,0.051103368176538905,1.5075757575757576,0.07704219899341849,0.004645760743321719,46,948,56
Edison International,United States,16.4,,83.6,29.4,,,0.19617224880382775,1.7926829268292683,0.35167464114832536,,621,948,56
GE HealthCare Technologies,United States,19.5,1.6,32.2,37.4,8.205128205128204,4.968944099378882,0.6055900621118012,1.9179487179487178,1.1614906832298135,0.049689440993788817,621,948,56
Thales,France,19.9,1.1,42.8,37.5,5.527638190954775,2.5700934579439254,0.4649532710280374,1.8844221105527639,0.8761682242990655,0.025700934579439255,49,948,56
Canara Bank,India,16.8,1.8,184.0,12.4,10.714285714285714,0.9782608695652175,0.09130434782608696,0.7380952380952381,0.06739130434782609,0.009782608695652175,71,948,56
Isbank,Turkey,17.6,3.0,100.0,11.5,17.045454545454543,3.0,0.17600000000000002,0.6534090909090908,0.115,0.03,10,948,56
Nutrien,Canada,28.3,,53.6,28.6,,,0.5279850746268657,1.010600706713781,0.5335820895522388,,59,948,56
British American Tobacco,United Kingdom,33.9,-17.9,151.3,69.9,-52.8023598820059,-11.830799735624584,0.22405816259087902,2.0619469026548676,0.4619960343688037,-0.11830799735624585,66,948,56
East Japan Railway,Japan,18.9,1.4,64.6,20.5,7.4074074074074066,2.1671826625387,0.29256965944272445,1.0846560846560847,0.3173374613003096,0.021671826625386997,181,948,56
Central Japan Railway,Japan,11.8,2.7,65.7,21.9,22.88135593220339,4.10958904109589,0.1796042617960426,1.8559322033898302,0.3333333333333333,0.0410958904109589,181,948,56
Bank of Nanjing,China,11.4,2.5,331.5,14.0,21.929824561403507,0.7541478129713424,0.034389140271493215,1.2280701754385965,0.042232277526395176,0.007541478129713424,280,948,56
TE Connectivity,Ireland,15.8,3.4,22.8,46.2,21.51898734177215,14.912280701754385,0.6929824561403509,2.9240506329113924,2.026315789473684,0.14912280701754385,23,948,56
Power Finance,India,11.1,2.4,124.6,18.5,21.62162162162162,1.9261637239165328,0.08908507223113965,1.6666666666666667,0.14847512038523275,0.019261637239165328,71,948,56
Royal Caribbean Group,United States,14.7,2.1,35.2,36.5,14.285714285714288,5.965909090909091,0.4176136363636363,2.482993197278912,1.0369318181818181,0.059659090909090905,621,948,56
HeidelbergCement,Germany,22.9,2.1,40.2,19.0,9.170305676855897,5.223880597014925,0.5696517412935322,0.8296943231441049,0.47263681592039797,0.05223880597014925,50,948,56
AirBnB,United States,10.2,4.9,24.5,92.5,48.03921568627452,20.0,0.4163265306122449,9.068627450980392,3.7755102040816326,0.2,621,948,56
Bharat Petroleum,India,54.1,3.2,24.3,16.4,5.914972273567468,13.168724279835391,2.2263374485596708,0.30314232902033267,0.6748971193415637,0.13168724279835392,71,948,56
LG Chem,South Korea,40.0,,61.0,23.0,,,0.6557377049180327,0.575,0.3770491803278688,,61,948,56
Turkish Airlines,Turkey,21.2,6.8,35.6,13.8,32.075471698113205,19.101123595505616,0.5955056179775281,0.6509433962264152,0.38764044943820225,0.19101123595505617,10,948,56
Wuliangye Yibin,China,10.3,4.4,25.0,84.0,42.71844660194175,17.6,0.41200000000000003,8.155339805825243,3.36,0.17600000000000002,280,948,56
Subaru Corporation,Japan,32.5,2.7,31.8,15.6,8.307692307692308,8.49056603773585,1.022012578616352,0.48,0.49056603773584906,0.0849056603773585,181,948,56
Weichai Power,China,30.1,1.4,46.9,17.5,4.651162790697674,2.9850746268656714,0.6417910447761195,0.5813953488372092,0.373134328358209,0.029850746268656716,280,948,56
Luxshare Precision Industry,China,32.6,1.6,23.6,31.5,4.9079754601226995,6.779661016949152,1.3813559322033897,0.9662576687116564,1.3347457627118644,0.06779661016949153,280,948,56
Atlas Copco,Sweden,16.6,2.7,18.6,90.0,16.265060240963855,14.516129032258066,0.8924731182795699,5.421686746987952,4.838709677419354,0.14516129032258066,25,948,56
United Rentals,United States,14.5,2.5,26.7,45.7,17.24137931034483,9.363295880149813,0.5430711610486891,3.151724137931035,1.711610486891386,0.09363295880149813,621,948,56
CNH Industrial,United Kingdom,24.2,2.3,45.7,14.4,9.504132231404958,5.032822757111597,0.5295404814004376,0.5950413223140496,0.31509846827133475,0.05032822757111597,66,948,56
Loews,United States,16.3,1.5,80.9,17.2,9.202453987730062,1.8541409147095178,0.20148331273176762,1.0552147239263803,0.21260815822002468,0.018541409147095178,621,948,56
Entergy,United States,12.0,2.1,61.6,24.1,17.5,3.4090909090909087,0.19480519480519481,2.0083333333333333,0.39123376623376627,0.03409090909090909,621,948,56
Quanta Computer,Taiwan,34.3,1.4,23.1,34.2,4.081632653061225,6.06060606060606,1.4848484848484846,0.9970845481049564,1.4805194805194806,0.0606060606060606,41,948,56
BASF,Germany,72.1,,88.3,47.5,,,0.8165345413363533,0.6588072122052705,0.5379388448471122,,50,948,56
NXP Semiconductors,Netherlands,13.3,2.8,23.3,68.5,21.052631578947366,12.017167381974247,0.5708154506437768,5.150375939849623,2.939914163090129,0.12017167381974247,23,948,56
Lam Research,United States,14.2,3.6,18.3,119.2,25.352112676056336,19.672131147540984,0.7759562841530054,8.3943661971831,6.5136612021857925,0.19672131147540983,621,948,56
Vertex Pharmaceuticals,United States,10.2,4.0,23.9,114.9,39.21568627450981,16.73640167364017,0.42677824267782427,11.264705882352942,4.807531380753138,0.1673640167364017,621,948,56
Citizens Financial Group,United States,12.5,1.4,220.4,16.9,11.2,0.6352087114337568,0.05671506352087114,1.3519999999999999,0.07667876588021778,0.006352087114337567,621,948,56
Xiamen C&D,China,101.2,1.8,123.4,4.5,1.7786561264822136,1.4586709886547813,0.820097244732577,0.044466403162055336,0.03646677471636953,0.014586709886547812,280,948,56
S.F. Holding,China,36.6,1.2,31.1,25.4,3.2786885245901636,3.858520900321543,1.1768488745980707,0.6939890710382512,0.8167202572347266,0.03858520900321543,280,948,56
Norfolk Southern,United States,12.0,1.4,42.1,52.3,11.666666666666666,3.32541567695962,0.2850356294536817,4.358333333333333,1.2422802850356294,0.0332541567695962,621,948,56
Deutsche Boerse,Germany,6.6,1.9,262.9,37.2,28.78787878787879,0.7227082540890073,0.02510460251046025,5.636363636363637,0.14149866869532143,0.0072270825408900724,50,948,56
Intact Financial,Canada,20.3,1.2,38.1,30.1,5.911330049261084,3.149606299212598,0.5328083989501312,1.4827586206896552,0.7900262467191601,0.031496062992125984,59,948,56
Fujifilm Holdings,Japan,20.5,1.7,31.6,26.4,8.292682926829269,5.379746835443037,0.6487341772151899,1.2878048780487805,0.8354430379746834,0.053797468354430375,181,948,56
Everest Re Group,Bermuda,15.4,2.9,47.9,17.1,18.831168831168828,6.05427974947808,0.3215031315240084,1.1103896103896105,0.35699373695198333,0.060542797494780795,8,948,56
OTP Bank,Hungary,11.8,2.9,113.7,13.6,24.576271186440675,2.550571679859279,0.10378188214599825,1.1525423728813557,0.11961301671064203,0.025505716798592787,3,948,56
Trane Technologies,Ireland,18.2,2.2,19.3,74.4,12.08791208791209,11.398963730569948,0.9430051813471502,4.0879120879120885,3.8549222797927465,0.11398963730569948,23,948,56
Inpex,Japan,15.1,2.4,48.2,19.1,15.894039735099339,4.979253112033195,0.3132780082987552,1.2649006622516556,0.3962655601659751,0.04979253112033195,181,948,56
Wesfarmers,Australia,28.9,1.7,18.6,51.9,5.88235294117647,9.139784946236558,1.5537634408602148,1.7958477508650519,2.790322580645161,0.09139784946236558,31,948,56
Colgate-Palmolive,United States,19.8,2.6,16.6,77.2,13.131313131313133,15.66265060240964,1.1927710843373494,3.898989898989899,4.650602409638554,0.1566265060240964,621,948,56
Samsung Life Insurance,South Korea,17.5,1.4,233.5,11.8,8.0,0.5995717344753747,0.07494646680942184,0.6742857142857144,0.050535331905781584,0.005995717344753747,61,948,56
Haleon,United Kingdom,14.0,1.3,43.4,38.2,9.285714285714286,2.9953917050691246,0.3225806451612903,2.7285714285714286,0.8801843317972351,0.029953917050691246,66,948,56
Infosys,India,18.6,3.2,16.5,71.9,17.204301075268816,19.393939393939394,1.1272727272727274,3.8655913978494625,4.357575757575758,0.19393939393939394,71,948,56
Devon Energy,United States,15.1,3.3,25.0,31.4,21.85430463576159,13.200000000000001,0.604,2.0794701986754967,1.256,0.132,621,948,56
Punjab National Bank,India,14.8,1.1,191.7,16.5,7.4324324324324325,0.5738132498695879,0.0772039645279082,1.114864864864865,0.08607198748043819,0.00573813249869588,71,948,56
Publicis Groupe,France,16.0,1.4,40.6,28.8,8.75,3.4482758620689653,0.3940886699507389,1.8,0.7093596059113301,0.034482758620689655,49,948,56
MediaTek,Taiwan,15.0,2.9,20.2,57.5,19.333333333333332,14.356435643564355,0.7425742574257426,3.8333333333333335,2.846534653465347,0.14356435643564355,41,948,56
SK Hynix,South Korea,30.4,-3.5,76.7,96.5,-11.513157894736842,-4.563233376792699,0.3963494132985658,3.174342105263158,1.258148631029987,-0.04563233376792699,61,948,56
Gilead Sciences,United States,27.4,,56.3,84.4,,,0.4866785079928952,3.08029197080292,1.49911190053286,,621,948,56
Union Bank of India,India,14.3,1.7,168.1,12.7,11.888111888111887,1.0113027959547887,0.08506841165972637,0.888111888111888,0.07555026769779893,0.010113027959547887,71,948,56
Abu Dhabi Commercial Bank,United Arab Emirates,9.9,2.2,161.9,16.7,22.222222222222225,1.3588634959851762,0.06114885731933292,1.6868686868686866,0.10315009264978381,0.013588634959851761,12,948,56
Gallagher,United States,10.5,1.1,61.0,56.3,10.476190476190476,1.8032786885245904,0.1721311475409836,5.3619047619047615,0.9229508196721311,0.018032786885245903,621,948,56
International Airlines,United Kingdom,31.8,2.9,41.6,11.1,9.119496855345911,6.971153846153847,0.7644230769230769,0.3490566037735849,0.2668269230769231,0.06971153846153846,66,948,56
Fujitsu,Japan,26.0,1.8,23.2,27.9,6.923076923076923,7.758620689655173,1.120689655172414,1.073076923076923,1.2025862068965516,0.07758620689655173,181,948,56
Public Service Enterprise Group,United States,9.7,1.8,52.4,37.1,18.556701030927837,3.435114503816794,0.1851145038167939,3.8247422680412377,0.7080152671755726,0.03435114503816794,621,948,56
Aptiv,Ireland,20.1,3.0,23.6,22.3,14.925373134328357,12.711864406779661,0.8516949152542374,1.109452736318408,0.9449152542372881,0.1271186440677966,23,948,56
Bayer ,Germany,51.0,-3.4,129.5,30.5,-6.666666666666667,-2.6254826254826256,0.3938223938223938,0.5980392156862745,0.23552123552123552,-0.026254826254826256,50,948,56
China Zheshang Bank,China,18.2,2.1,437.5,8.3,11.538461538461538,0.48000000000000004,0.0416,0.4560439560439561,0.018971428571428573,0.0048000000000000004,280,948,56
George Weston,Canada,45.0,1.0,36.0,18.8,2.2222222222222223,2.7777777777777777,1.25,0.4177777777777778,0.5222222222222223,0.027777777777777776,59,948,56
Cardinal Health,United States,220.6,,45.9,24.1,,,4.806100217864924,0.10924750679963736,0.5250544662309369,,621,948,56
Kubota,Japan,20.8,1.7,38.0,17.9,8.173076923076923,4.473684210526316,0.5473684210526316,0.860576923076923,0.47105263157894733,0.04473684210526316,181,948,56
Regions Financial,United States,9.2,1.8,154.9,18.5,19.565217391304348,1.1620400258231116,0.05939315687540348,2.0108695652173916,0.11943189154293092,0.011620400258231117,621,948,56
Bunge,United States,57.6,1.9,25.8,14.6,3.298611111111111,7.364341085271317,2.2325581395348837,0.2534722222222222,0.5658914728682171,0.07364341085271317,621,948,56
Equitable Holdings,United States,13.3,1.2,276.4,13.2,9.022556390977442,0.43415340086830684,0.04811866859623734,0.9924812030075187,0.04775687409551375,0.004341534008683068,621,948,56
China National Nuclear Power,China,10.3,1.5,78.3,24.0,14.563106796116504,1.9157088122605366,0.13154533844189017,2.3300970873786406,0.30651340996168586,0.019157088122605366,280,948,56
Bajaj Finserv ,India,13.0,,64.5,30.3,,,0.20155038759689922,2.330769230769231,0.46976744186046515,,71,948,56
Mahindra & Mahindra,India,16.8,1.4,28.3,37.5,8.333333333333332,4.946996466431095,0.5936395759717314,2.232142857142857,1.3250883392226147,0.04946996466431095,71,948,56
Nintendo,Japan,11.6,3.4,20.8,63.7,29.310344827586203,16.346153846153847,0.5576923076923077,5.491379310344828,3.0625,0.16346153846153846,181,948,56
Kenvue,United States,15.5,1.5,27.3,39.2,9.67741935483871,5.4945054945054945,0.5677655677655677,2.5290322580645164,1.435897435897436,0.054945054945054944,621,948,56
National Bank of Kuwait ,Kuwait,7.8,1.8,124.6,23.7,23.076923076923077,1.4446227929373998,0.06260032102728733,3.0384615384615383,0.19020866773675763,0.014446227929373999,2,948,56
Barrick Gold,Canada,11.5,1.4,45.8,31.4,12.17391304347826,3.056768558951965,0.2510917030567686,2.7304347826086954,0.6855895196506551,0.03056768558951965,59,948,56
Coinbase,United States,4.7,1.3,348.0,51.0,27.659574468085108,0.3735632183908046,0.013505747126436781,10.851063829787234,0.14655172413793102,0.003735632183908046,621,948,56
Ecolab,United States,15.5,1.6,21.3,66.7,10.32258064516129,7.511737089201878,0.7276995305164319,4.303225806451613,3.131455399061033,0.07511737089201878,621,948,56
AutoZone,United States,17.8,2.6,16.7,50.5,14.606741573033707,15.568862275449103,1.065868263473054,2.837078651685393,3.0239520958083834,0.15568862275449102,621,948,56
Illinois Tool Works,United States,16.1,3.1,15.7,74.8,19.254658385093165,19.745222929936308,1.0254777070063696,4.645962732919254,4.764331210191083,0.19745222929936307,621,948,56
DSV,Denmark,21.6,1.7,22.0,31.4,7.870370370370369,7.727272727272727,0.9818181818181819,1.4537037037037035,1.4272727272727272,0.07727272727272727,13,948,56
Standard Bank Group,South Africa,7.8,2.5,167.6,17.3,32.05128205128205,1.4916467780429594,0.046539379474940336,2.217948717948718,0.1032219570405728,0.014916467780429595,12,948,56
Associated British Foods,United Kingdom,24.9,1.5,23.7,25.9,6.024096385542169,6.329113924050633,1.0506329113924051,1.0401606425702812,1.0928270042194093,0.06329113924050633,66,948,56
Lenovo Group,Hong Kong,55.7,,39.5,16.3,,,1.410126582278481,0.2926391382405745,0.4126582278481013,,44,948,56
Northern Trust,United States,12.8,,156.1,17.5,,,0.08199871877001923,1.3671875,0.11210762331838565,,621,948,56
Reinsurance Group of America,United States,20.7,,100.7,14.0,,,0.20556107249255212,0.6763285024154589,0.13902681231380337,,621,948,56
Nokia,Finland,22.8,,42.9,21.6,,,0.5314685314685315,0.9473684210526316,0.5034965034965035,,9,948,56
PKO Bank Polski,Poland,9.7,1.5,124.6,18.2,15.463917525773196,1.2038523274478332,0.07784911717495988,1.8762886597938144,0.14606741573033707,0.012038523274478331,5,948,56
Ferguson,United Kingdom,29.4,1.8,15.7,42.7,6.122448979591837,11.464968152866243,1.872611464968153,1.4523809523809526,2.719745222929937,0.11464968152866242,66,948,56
Grupa PZU,Poland,14.6,1.4,118.1,12.2,9.58904109589041,1.1854360711261642,0.12362404741744284,0.8356164383561644,0.10330228619813717,0.011854360711261643,5,948,56
IQVIA,United States,15.1,1.4,26.6,42.1,9.271523178807946,5.263157894736842,0.5676691729323308,2.7880794701986757,1.5827067669172932,0.05263157894736842,621,948,56
Woori Financial Group,South Korea,19.1,1.7,374.9,8.0,8.900523560209423,0.4534542544678581,0.05094691917844759,0.41884816753926696,0.021339023739663912,0.004534542544678581,61,948,56
Edp-energias De Portugal,Portugal,17.0,1.1,60.2,17.4,6.470588235294119,1.8272425249169437,0.28239202657807305,1.0235294117647058,0.2890365448504983,0.018272425249169437,4,948,56
Hess,United States,11.6,2.0,24.7,48.7,17.24137931034483,8.097165991902834,0.46963562753036436,4.198275862068966,1.9716599190283401,0.08097165991902834,621,948,56
Naspers,South Africa,6.1,4.1,60.5,38.3,67.21311475409836,6.776859504132231,0.10082644628099173,6.278688524590164,0.6330578512396694,0.06776859504132231,12,948,56
Swire Pacific,Hong Kong,12.1,3.7,57.3,12.5,30.57851239669422,6.457242582897034,0.2111692844677138,1.0330578512396695,0.2181500872600349,0.06457242582897034,44,948,56
Kimberly-Clark,United States,20.4,1.8,17.1,45.2,8.823529411764707,10.526315789473683,1.1929824561403506,2.215686274509804,2.6432748538011697,0.10526315789473684,621,948,56
China Tower Corp.,China,13.3,1.4,46.0,21.7,10.526315789473683,3.043478260869565,0.2891304347826087,1.631578947368421,0.4717391304347826,0.03043478260869565,280,948,56
SingTel,Singapore,10.6,2.4,34.5,29.7,22.641509433962266,6.956521739130435,0.30724637681159417,2.80188679245283,0.8608695652173913,0.06956521739130435,10,948,56
Chubu Electric Power,Japan,25.0,2.8,47.0,9.5,11.2,5.957446808510638,0.5319148936170213,0.38,0.20212765957446807,0.05957446808510638,181,948,56
CMOC Group,China,25.7,1.4,24.6,21.9,5.447470817120623,5.691056910569105,1.0447154471544715,0.8521400778210116,0.8902439024390243,0.05691056910569105,280,948,56
Hengli Petrochemical,China,31.8,1.1,37.7,15.3,3.459119496855346,2.9177718832891246,0.8435013262599469,0.4811320754716981,0.4058355437665782,0.029177718832891247,280,948,56
QBE Insurance Group,Australia,21.7,1.4,34.9,17.6,6.451612903225806,4.011461318051576,0.6217765042979942,0.8110599078341014,0.5042979942693411,0.040114613180515755,31,948,56
Riyad Bank,Saudi Arabia,7.1,2.2,107.9,21.3,30.98591549295775,2.0389249304911954,0.06580166821130676,3.0000000000000004,0.1974050046339203,0.020389249304911955,16,948,56
Sinopharm Group,China,84.3,1.3,54.1,8.8,1.542111506524318,2.4029574861367835,1.5582255083179297,0.1043890865954923,0.16266173752310537,0.024029574861367836,280,948,56
Telefónica,Spain,44.2,,112.7,25.0,,,0.3921916592724046,0.5656108597285068,0.22182786157941436,,21,948,56
Telstra,Australia,15.1,1.3,31.1,28.4,8.609271523178808,4.180064308681672,0.4855305466237942,1.880794701986755,0.9131832797427651,0.04180064308681672,31,948,56
Cognizant,United States,19.3,2.1,18.4,34.2,10.880829015544041,11.413043478260871,1.048913043478261,1.7720207253886011,1.8586956521739133,0.1141304347826087,621,948,56
3M,United States,32.7,-7.0,55.2,58.2,-21.406727828746174,-12.681159420289854,0.592391304347826,1.7798165137614679,1.0543478260869565,-0.12681159420289853,621,948,56
Industrial Bank of Korea,South Korea,15.6,2.0,336.8,8.2,12.820512820512823,0.5938242280285035,0.04631828978622327,0.5256410256410257,0.024346793349168644,0.0059382422802850355,61,948,56
NRG Energy,United States,28.5,1.6,25.4,17.2,5.614035087719298,6.299212598425198,1.1220472440944882,0.6035087719298246,0.6771653543307087,0.06299212598425198,621,948,56
CBRE Group,United States,32.5,,23.0,28.0,,,1.4130434782608696,0.8615384615384616,1.2173913043478262,,621,948,56
Tokyo Electron,Japan,12.7,2.5,16.2,107.5,19.68503937007874,15.432098765432102,0.7839506172839507,8.46456692913386,6.635802469135803,0.154320987654321,181,948,56
Metallurgical Corp of China,China,89.1,1.1,97.3,4.7,1.234567901234568,1.130524152106886,0.9157245632065776,0.052749719416386086,0.048304213771839674,0.01130524152106886,280,948,56
Bank Of Hangzhou,China,9.9,2.1,265.3,11.4,21.21212121212121,0.79155672823219,0.03731624575951753,1.1515151515151516,0.04297022238974745,0.0079155672823219,280,948,56
CEZ Group,Czech Republic,15.3,1.4,35.2,21.6,9.15032679738562,3.9772727272727266,0.4346590909090909,1.411764705882353,0.6136363636363636,0.039772727272727265,1,948,56
Micron Technology,United States,18.3,-3.8,65.7,138.7,-20.765027322404368,-5.78386605783866,0.2785388127853881,7.579234972677595,2.1111111111111107,-0.0578386605783866,621,948,56
China Energy Engineering,China,57.7,1.2,112.8,4.9,2.0797227036395145,1.0638297872340425,0.5115248226950355,0.08492201039861352,0.043439716312056745,0.010638297872340425,280,948,56
AerCap Holdings,Ireland,7.4,3.3,71.1,19.2,44.59459459459459,4.641350210970464,0.10407876230661042,2.5945945945945943,0.27004219409282704,0.046413502109704644,23,948,56
CGN Power,China,11.5,1.5,58.0,18.7,13.043478260869565,2.586206896551724,0.19827586206896552,1.626086956521739,0.32241379310344825,0.02586206896551724,280,948,56
Swisscom,Switzerland,12.4,1.9,28.4,28.7,15.322580645161288,6.690140845070422,0.4366197183098592,2.314516129032258,1.0105633802816902,0.06690140845070422,46,948,56
Diamondback Energy,United States,8.7,3.2,29.7,35.3,36.781609195402304,10.774410774410775,0.29292929292929293,4.057471264367816,1.1885521885521886,0.10774410774410775,621,948,56
New China Life Insurance,China,18.9,2.1,178.9,7.3,11.111111111111112,1.1738401341531581,0.10564561207378423,0.3862433862433863,0.040804918949133594,0.011738401341531582,280,948,56
JSW Steel,India,21.1,1.1,27.4,26.6,5.213270142180095,4.014598540145986,0.77007299270073,1.2606635071090047,0.9708029197080293,0.04014598540145986,71,948,56
RELX,United Kingdom,11.4,2.2,19.0,82.0,19.29824561403509,11.578947368421053,0.6,7.192982456140351,4.315789473684211,0.11578947368421054,66,948,56
Raiffeisen Bank International,Austria,16.2,2.5,219.7,6.3,15.432098765432102,1.137915339098771,0.07373691397360037,0.3888888888888889,0.028675466545289033,0.01137915339098771,9,948,56
Asahi Group Holdings,Japan,19.6,1.2,35.7,19.3,6.1224489795918355,3.361344537815126,0.5490196078431373,0.9846938775510203,0.5406162464985994,0.03361344537815126,181,948,56
Bank Leumi,Israel,9.9,1.9,203.1,11.9,19.19191919191919,0.9354997538158543,0.04874446085672083,1.202020202020202,0.058591826686361405,0.009354997538158542,12,948,56
DTE Energy,United States,12.0,1.3,45.9,24.1,10.833333333333334,2.8322440087145972,0.26143790849673204,2.0083333333333333,0.5250544662309369,0.028322440087145972,621,948,56
Centrica,United Kingdom,32.9,4.9,27.2,9.7,14.893617021276597,18.014705882352942,1.2095588235294117,0.2948328267477204,0.35661764705882354,0.18014705882352944,66,948,56
Nu Holdings,Cayman Islands,8.1,1.3,43.8,55.6,16.049382716049383,2.9680365296803655,0.18493150684931509,6.864197530864198,1.269406392694064,0.029680365296803655,1,948,56
Albertsons,United States,79.2,1.3,28.8,11.9,1.6414141414141417,4.513888888888888,2.75,0.15025252525252525,0.4131944444444444,0.04513888888888889,621,948,56
Ally Financial,United States,16.2,,192.9,12.2,,,0.08398133748055987,0.7530864197530864,0.06324520476931052,,621,948,56
Anglo American,United Kingdom,30.7,,66.5,41.2,,,0.4616541353383459,1.3420195439739415,0.6195488721804512,,66,948,56
GD Power Development,China,25.0,,64.8,12.8,,,0.38580246913580246,0.512,0.19753086419753088,,280,948,56
FirstEnergy,United States,12.9,1.1,51.3,23.0,8.527131782945736,2.1442495126705654,0.2514619883040936,1.7829457364341086,0.4483430799220273,0.021442495126705655,621,948,56
PPG ,United States,18.2,1.4,21.9,31.5,7.6923076923076925,6.392694063926941,0.8310502283105023,1.7307692307692308,1.4383561643835618,0.0639269406392694,621,948,56
Bank Hapoalim,Israel,9.4,2.0,190.7,11.9,21.27659574468085,1.048767697954903,0.04929208180388044,1.2659574468085106,0.06240167802831673,0.01048767697954903,12,948,56
Tenet Healthcare,United States,20.9,2.6,28.9,12.5,12.44019138755981,8.996539792387544,0.7231833910034602,0.5980861244019139,0.43252595155709345,0.08996539792387544,621,948,56
Ross Stores,United States,20.4,1.9,15.3,44.4,9.313725490196079,12.41830065359477,1.3333333333333333,2.1764705882352944,2.9019607843137254,0.1241830065359477,621,948,56
Global Payments,United States,9.8,1.3,51.8,27.9,13.26530612244898,2.50965250965251,0.1891891891891892,2.846938775510204,0.5386100386100386,0.0250965250965251,621,948,56
MercadoLibre,Argentina,15.8,1.1,19.1,88.7,6.962025316455696,5.7591623036649215,0.8272251308900523,5.613924050632911,4.643979057591623,0.05759162303664921,3,948,56
Anhui Conch Cement,China,19.9,1.5,34.7,14.6,7.537688442211056,4.322766570605187,0.5734870317002881,0.7336683417085428,0.42074927953890484,0.04322766570605187,280,948,56
Deutsche Lufthansa,Germany,38.8,1.5,51.1,8.7,3.865979381443299,2.935420743639922,0.7592954990215264,0.22422680412371135,0.17025440313111545,0.029354207436399216,50,948,56
Akbank,Turkey,14.7,2.6,64.1,10.2,17.687074829931973,4.05616224648986,0.2293291731669267,0.6938775510204082,0.15912636505460218,0.040561622464898604,10,948,56
Inner Mongolia Yili ,China,17.4,1.8,22.3,24.8,10.344827586206899,8.071748878923767,0.780269058295964,1.4252873563218393,1.1121076233183858,0.08071748878923767,280,948,56
Teck Resources,Canada,11.3,1.2,43.1,27.9,10.619469026548671,2.784222737819025,0.26218097447795824,2.469026548672566,0.6473317865429233,0.027842227378190254,59,948,56
Amphenol,United States,12.8,2.0,16.7,79.2,15.625,11.976047904191617,0.7664670658682635,6.1875,4.74251497005988,0.11976047904191617,621,948,56
Magna International,Canada,43.1,1.0,32.7,13.6,2.320185614849188,3.0581039755351678,1.3180428134556574,0.31554524361948955,0.4159021406727828,0.030581039755351678,59,948,56
Great Wall Motor ,China,25.1,1.4,27.1,16.4,5.577689243027888,5.1660516605166045,0.9261992619926199,0.6533864541832668,0.6051660516605165,0.051660516605166046,280,948,56
Jardine Matheson,Bermuda,36.0,,89.2,11.4,,,0.40358744394618834,0.31666666666666665,0.12780269058295965,,8,948,56
Warner Bros. Discovery,United States,40.6,-3.0,119.8,19.7,-7.389162561576354,-2.5041736227045077,0.33889816360601005,0.48522167487684725,0.164440734557596,-0.025041736227045076,621,948,56
CIMB Group Holdings,Malaysia,8.0,1.5,159.6,15.5,18.75,0.9398496240601504,0.050125313283208024,1.9375,0.09711779448621555,0.009398496240601503,9,948,56
O'Reilly Automotive,United States,16.1,2.4,14.2,59.6,14.906832298136644,16.901408450704224,1.1338028169014087,3.701863354037267,4.19718309859155,0.16901408450704225,621,948,56
Asr Nederland,Netherlands,13.7,1.1,166.0,11.1,8.029197080291972,0.6626506024096386,0.0825301204819277,0.8102189781021898,0.06686746987951807,0.006626506024096386,23,948,56
Daiichi Sankyo,Japan,11.1,1.4,22.9,68.2,12.612612612612612,6.11353711790393,0.4847161572052402,6.1441441441441444,2.9781659388646293,0.0611353711790393,181,948,56
Tenaris,Luxembourg,14.2,3.5,21.5,20.2,24.647887323943664,16.27906976744186,0.6604651162790698,1.4225352112676057,0.9395348837209302,0.16279069767441862,4,948,56
Constellation Brands,United States,10.0,1.7,25.7,46.7,17.0,6.614785992217899,0.38910505836575876,4.67,1.8171206225680936,0.06614785992217899,621,948,56
GE Vernova,United States,33.2,,47.9,44.6,,,0.6931106471816285,1.3433734939759034,0.931106471816284,,621,948,56
Continental,Germany,44.3,,40.8,13.6,,,1.0857843137254901,0.30699774266365687,0.33333333333333337,,50,948,56
Samsung SDI,South Korea,17.0,1.4,26.3,21.3,8.235294117647058,5.323193916349809,0.6463878326996197,1.2529411764705882,0.8098859315589354,0.053231939163498096,61,948,56
Huaneng Power International,China,35.7,,78.2,10.3,,,0.4565217391304348,0.28851540616246496,0.13171355498721227,,280,948,56
Hindalco Industries,India,26.1,1.1,27.1,17.7,4.21455938697318,4.059040590405904,0.96309963099631,0.6781609195402298,0.6531365313653136,0.04059040590405904,71,948,56
Banco de Sabadell,Spain,11.1,1.3,259.8,11.1,11.711711711711713,0.5003849114703618,0.04272517321016166,1.0,0.04272517321016166,0.0050038491147036184,21,948,56
Bank of Ireland,Ireland,9.7,1.6,172.0,11.7,16.494845360824744,0.9302325581395349,0.0563953488372093,1.2061855670103092,0.06802325581395348,0.009302325581395349,23,948,56
Aeon,Japan,66.7,,86.5,18.2,,,0.7710982658959538,0.272863568215892,0.21040462427745663,,181,948,56
Sumitomo Mitsui Trust,Japan,15.1,,501.4,16.5,,,0.03011567610690068,1.0927152317880795,0.032907857997606704,,181,948,56
Walgreens Boots Alliance,United States,144.6,-6.0,84.2,15.7,-4.149377593360995,-7.1258907363420425,1.7173396674584323,0.10857538035961273,0.1864608076009501,-0.07125890736342043,621,948,56
NEC,Japan,24.0,1.0,27.9,18.8,4.166666666666666,3.584229390681004,0.8602150537634409,0.7833333333333333,0.6738351254480287,0.03584229390681004,181,948,56
Idemitsu Kosan,Japan,60.3,1.6,33.1,8.9,2.653399668325042,4.833836858006042,1.821752265861027,0.14759535655058045,0.2688821752265861,0.04833836858006042,181,948,56
Vistra Energy,United States,14.6,,38.2,32.7,,,0.3821989528795811,2.2397260273972606,0.856020942408377,,621,948,56
W. R. Berkley,United States,12.5,1.5,33.6,20.3,12.0,4.464285714285714,0.37202380952380953,1.624,0.6041666666666666,0.044642857142857144,621,948,56
Corteva,United States,16.8,,43.6,39.3,,,0.3853211009174312,2.339285714285714,0.9013761467889907,,621,948,56
Lincoln National,United States,16.8,1.4,353.9,5.1,8.333333333333332,0.3955919751342187,0.04747103701610625,0.30357142857142855,0.014410850522746538,0.003955919751342187,621,948,56
WEC Energy Group,United States,8.7,1.4,43.9,27.0,16.091954022988507,3.189066059225512,0.19817767653758542,3.1034482758620694,0.6150341685649203,0.03189066059225512,621,948,56
Singapore Airlines,Singapore,14.1,2.0,33.4,15.0,14.184397163120568,5.9880239520958085,0.4221556886227545,1.0638297872340425,0.44910179640718567,0.059880239520958084,10,948,56
Hikvision,China,12.6,2.0,18.3,43.5,15.873015873015872,10.92896174863388,0.6885245901639344,3.4523809523809526,2.3770491803278686,0.1092896174863388,280,948,56
Mitsubishi Estate,Japan,10.4,1.2,50.1,22.3,11.538461538461538,2.395209580838323,0.20758483033932135,2.144230769230769,0.44510978043912175,0.02395209580838323,181,948,56
Coupang,United States,25.7,1.3,14.9,41.1,5.058365758754864,8.724832214765101,1.7248322147651005,1.5992217898832686,2.7583892617449663,0.087248322147651,621,948,56
Li Auto,China,17.4,1.6,20.2,24.4,9.195402298850576,7.920792079207921,0.8613861386138614,1.4022988505747127,1.2079207920792079,0.07920792079207921,280,948,56
ServiceNow,United States,9.5,1.9,17.5,156.8,20.0,10.857142857142858,0.5428571428571428,16.50526315789474,8.96,0.10857142857142857,621,948,56
Samsung Fire & Marine,South Korea,13.9,1.4,62.0,11.6,10.071942446043163,2.258064516129032,0.2241935483870968,0.8345323741007193,0.1870967741935484,0.02258064516129032,61,948,56
China Hongqiao Group,China,18.9,1.6,28.2,14.5,8.465608465608467,5.673758865248227,0.6702127659574467,0.7671957671957672,0.5141843971631206,0.056737588652482275,280,948,56
Cincinnati Financial,United States,10.7,2.4,33.0,18.8,22.429906542056074,7.2727272727272725,0.3242424242424242,1.7570093457943927,0.5696969696969697,0.07272727272727272,621,948,56
KeyCorp,United States,10.6,,187.5,14.5,,,0.05653333333333333,1.3679245283018868,0.07733333333333334,,621,948,56
Block,United States,22.9,,35.6,44.6,,,0.6432584269662921,1.9475982532751093,1.252808988764045,,621,948,56
PulteGroup,United States,16.4,2.7,16.5,25.0,16.463414634146346,16.363636363636363,0.9939393939393939,1.524390243902439,1.5151515151515151,0.16363636363636364,621,948,56
Saudi British Bank,Saudi Arabia,6.0,1.9,98.5,22.2,31.666666666666664,1.928934010152284,0.06091370558375635,3.6999999999999997,0.22538071065989848,0.01928934010152284,16,948,56
JFE Holdings,Japan,35.8,1.4,38.0,9.4,3.910614525139665,3.684210526315789,0.9421052631578947,0.2625698324022347,0.2473684210526316,0.03684210526315789,181,948,56
Korea Electric Power,South Korea,68.1,,177.5,9.4,,,0.3836619718309859,0.1380323054331865,0.05295774647887324,,61,948,56
Banco BPM,Italy,9.6,1.4,223.3,11.0,14.583333333333334,0.6269592476489028,0.042991491267353334,1.1458333333333335,0.04926108374384236,0.006269592476489027,28,948,56
Omnicom Group,United States,14.9,1.5,27.3,18.8,10.06711409395973,5.4945054945054945,0.5457875457875457,1.261744966442953,0.6886446886446886,0.054945054945054944,621,948,56
EnBW Energie Baden-Wurttemberg,Germany,41.9,,71.6,19.7,,,0.585195530726257,0.4701670644391408,0.2751396648044693,,50,948,56
ACS Actividades de Construccion y Servicios,Spain,38.6,,40.9,11.3,,,0.9437652811735942,0.2927461139896373,0.27628361858190714,,21,948,56
WW Grainger,United States,16.6,1.8,8.4,46.4,10.843373493975902,21.428571428571427,1.9761904761904763,2.795180722891566,5.523809523809524,0.21428571428571427,621,948,56
BOE Technology Group,China,25.3,,57.7,23.0,,,0.438474870017331,0.9090909090909091,0.3986135181975736,,280,948,56
Equinix,United States,8.3,,31.9,75.9,,,0.2601880877742947,9.144578313253012,2.3793103448275863,,621,948,56
Nippon Yusen,Japan,16.5,1.6,28.1,14.6,9.696969696969697,5.6939501779359425,0.5871886120996441,0.8848484848484848,0.5195729537366548,0.05693950177935943,181,948,56
Emaar Properties,United Arab Emirates,7.8,3.1,38.9,18.2,39.743589743589745,7.969151670951158,0.20051413881748073,2.3333333333333335,0.46786632390745503,0.07969151670951158,12,948,56
Kuehne & Nagel International,Switzerland,25.5,1.4,13.4,32.3,5.490196078431373,10.44776119402985,1.9029850746268657,1.2666666666666666,2.4104477611940296,0.1044776119402985,46,948,56
KLA,United States,9.6,2.6,15.0,100.7,27.083333333333336,17.333333333333336,0.64,10.489583333333334,6.713333333333334,0.17333333333333334,621,948,56
Porsche Automobil Holding,Germany,5.7,5.5,68.9,16.5,96.49122807017544,7.982583454281567,0.08272859216255442,2.8947368421052633,0.239477503628447,0.07982583454281567,50,948,56
Crown Castle International,United States,6.8,1.4,38.2,44.7,20.588235294117645,3.664921465968586,0.17801047120418848,6.5735294117647065,1.1701570680628273,0.03664921465968586,621,948,56
Eiffage,France,24.2,1.1,41.8,10.7,4.545454545454546,2.6315789473684217,0.5789473684210527,0.4421487603305785,0.25598086124401914,0.026315789473684216,49,948,56
Sekisui House,Japan,21.9,1.4,22.9,14.8,6.392694063926941,6.11353711790393,0.9563318777292577,0.6757990867579909,0.646288209606987,0.0611353711790393,181,948,56
Las Vegas Sands,United States,11.2,1.6,21.2,35.0,14.285714285714288,7.547169811320756,0.5283018867924528,3.125,1.650943396226415,0.07547169811320756,621,948,56
Alcon,Switzerland,9.6,1.0,29.6,43.6,10.416666666666668,3.378378378378378,0.3243243243243243,4.541666666666667,1.472972972972973,0.03378378378378378,46,948,56
VICI Properties,United States,3.7,2.6,44.2,31.7,70.27027027027027,5.88235294117647,0.083710407239819,8.567567567567567,0.7171945701357465,0.058823529411764705,621,948,56
Simon Property Group,United States,5.8,2.6,33.7,48.5,44.827586206896555,7.71513353115727,0.172106824925816,8.362068965517242,1.4391691394658752,0.0771513353115727,621,948,56
Genuine Parts,United States,23.1,1.3,18.3,21.3,5.627705627705628,7.103825136612022,1.2622950819672132,0.922077922077922,1.1639344262295082,0.07103825136612021,621,948,56
Renesas Electronics,Japan,10.1,2.2,21.4,31.2,21.782178217821784,10.280373831775702,0.4719626168224299,3.089108910891089,1.457943925233645,0.10280373831775702,181,948,56
Verbund,Austria,10.0,2.4,21.9,27.3,24.0,10.958904109589042,0.4566210045662101,2.73,1.2465753424657535,0.10958904109589042,9,948,56
China Resources Power,Hong Kong,13.2,1.4,41.3,13.3,10.606060606060606,3.389830508474576,0.3196125907990315,1.0075757575757578,0.3220338983050848,0.03389830508474576,44,948,56
Fidelity National Financial,United States,12.6,,74.4,14.3,,,0.1693548387096774,1.134920634920635,0.1922043010752688,,621,948,56
eBay,United States,10.1,2.6,21.4,26.0,25.742574257425744,12.149532710280376,0.4719626168224299,2.5742574257425743,1.2149532710280375,0.12149532710280375,621,948,56
Volvo Car,Sweden,37.5,1.2,34.6,9.3,3.2,3.4682080924855487,1.083815028901734,0.24800000000000003,0.26878612716763006,0.03468208092485549,25,948,56
LG Electronics,South Korea,64.3,,45.6,13.0,,,1.4100877192982455,0.2021772939346812,0.2850877192982456,,61,948,56
Emerson Electric,United States,16.5,,46.4,64.6,,,0.3556034482758621,3.9151515151515146,1.3922413793103448,,621,948,56
Palo Alto Networks,United States,7.5,2.3,18.3,102.7,30.666666666666664,12.568306010928959,0.4098360655737705,13.693333333333333,5.612021857923497,0.1256830601092896,621,948,56
Assa Abloy,Sweden,13.5,1.4,19.6,32.1,10.37037037037037,7.142857142857142,0.6887755102040816,2.3777777777777778,1.6377551020408163,0.07142857142857142,25,948,56
Keyence,Japan,6.7,2.6,19.6,113.7,38.80597014925373,13.26530612244898,0.34183673469387754,16.970149253731343,5.801020408163265,0.1326530612244898,181,948,56
Sumitomo Electric,Japan,30.4,1.0,28.8,11.9,3.289473684210526,3.4722222222222223,1.0555555555555556,0.39144736842105265,0.4131944444444444,0.034722222222222224,181,948,56
Siemens Energy,Germany,34.6,-2.4,54.2,21.5,-6.9364161849710975,-4.428044280442804,0.6383763837638377,0.6213872832369942,0.39667896678966785,-0.04428044280442804,50,948,56
Steel Dynamics,United States,18.6,2.4,15.0,21.0,12.903225806451612,16.0,1.24,1.129032258064516,1.4,0.16,621,948,56
Grasim Industries,India,15.3,,47.0,19.8,,,0.32553191489361705,1.2941176470588236,0.42127659574468085,,71,948,56
Aluminum Corp of China,China,31.9,,29.9,12.0,,,1.0668896321070234,0.3761755485893417,0.4013377926421405,,280,948,56
Ashtead Group,United Kingdom,10.7,1.6,21.8,31.9,14.953271028037385,7.339449541284404,0.49082568807339444,2.9813084112149535,1.463302752293578,0.07339449541284404,66,948,56
Sika,Switzerland,12.5,1.2,18.1,49.8,9.6,6.629834254143646,0.6906077348066297,3.984,2.7513812154696127,0.06629834254143646,46,948,56
Huatai Securities,China,7.5,1.7,127.7,11.5,22.666666666666664,1.331245105716523,0.058731401722787784,1.5333333333333334,0.09005481597494126,0.01331245105716523,280,948,56
AIB Group,Ireland,6.1,2.2,150.6,13.5,36.06557377049181,1.4608233731739708,0.04050464807436919,2.2131147540983607,0.08964143426294821,0.014608233731739709,23,948,56
Meritz Financial Group,South Korea,10.0,1.6,75.9,11.0,16.0,2.1080368906455864,0.13175230566534912,1.1,0.14492753623188404,0.021080368906455864,61,948,56
Hong Kong Exchanges,Hong Kong,2.6,1.5,43.4,47.8,57.692307692307686,3.4562211981566824,0.05990783410138249,18.384615384615383,1.1013824884792627,0.03456221198156682,44,948,56
Fortis (Canada),Canada,8.4,1.2,49.9,20.1,14.285714285714285,2.404809619238477,0.1683366733466934,2.392857142857143,0.4028056112224449,0.02404809619238477,59,948,56
Targa Resources,United States,15.9,1.1,20.8,26.1,6.918238993710692,5.288461538461538,0.7644230769230769,1.6415094339622642,1.2548076923076923,0.052884615384615384,621,948,56
Ryanair Holdings,Ireland,14.2,2.2,17.1,22.7,15.492957746478876,12.865497076023392,0.830409356725146,1.5985915492957747,1.3274853801169588,0.1286549707602339,23,948,56
3i Group,United Kingdom,,4.8,27.3,36.2,,17.58241758241758,,,1.3260073260073262,0.1758241758241758,66,948,56
Roper Technologies,United States,6.4,1.5,30.0,58.0,23.4375,5.0,0.21333333333333335,9.0625,1.9333333333333333,0.05,621,948,56
VakifBank,Turkey,16.3,1.3,96.8,6.6,7.975460122699387,1.3429752066115703,0.16838842975206614,0.40490797546012264,0.06818181818181818,0.013429752066115703,10,948,56
Chongqing Changan Auto,China,20.8,,26.4,19.5,,,0.787878787878788,0.9375,0.7386363636363636,,280,948,56
MGM Resorts,United States,16.7,,42.1,12.9,,,0.39667458432304037,0.7724550898203594,0.30641330166270786,,621,948,56
RenaissanceRe Holdings,Bermuda,9.5,2.3,44.7,12.1,24.210526315789473,5.1454138702460845,0.21252796420581654,1.2736842105263158,0.27069351230425054,0.05145413870246084,8,948,56
Huishang Bank,China,10.2,2.0,254.8,4.3,19.607843137254903,0.7849293563579277,0.040031397174254316,0.4215686274509804,0.016875981161695447,0.007849293563579277,280,948,56
HCLTech,India,13.3,1.9,12.0,43.4,14.285714285714285,15.833333333333332,1.1083333333333334,3.263157894736842,3.6166666666666667,0.15833333333333333,71,948,56
Molina Healthcare,United States,35.9,1.1,15.5,20.4,3.0640668523676884,7.096774193548387,2.3161290322580643,0.5682451253481894,1.3161290322580643,0.07096774193548387,621,948,56
Neste,Finland,24.3,1.5,17.7,15.8,6.172839506172839,8.474576271186441,1.3728813559322035,0.6502057613168725,0.8926553672316385,0.08474576271186442,9,948,56
Thomson Reuters,Canada,6.9,2.4,18.8,77.2,34.78260869565217,12.76595744680851,0.3670212765957447,11.18840579710145,4.1063829787234045,0.1276595744680851,59,948,56
Aegon,Netherlands,25.8,,314.8,12.0,,,0.08195679796696315,0.46511627906976744,0.03811944091486658,,23,948,56
Bancolombia,Colombia,11.3,1.5,87.2,9.1,13.27433628318584,1.7201834862385321,0.12958715596330275,0.8053097345132743,0.10435779816513761,0.017201834862385322,7,948,56
ASE Technology Holding,Taiwan,18.6,1.0,21.3,20.3,5.376344086021505,4.694835680751173,0.8732394366197184,1.0913978494623655,0.9530516431924883,0.046948356807511735,41,948,56
Rongsheng Petrochemical,China,43.3,,52.7,14.6,,,0.8216318785578747,0.3371824480369515,0.27703984819734345,,280,948,56
Resona Holdings,Japan,6.2,1.1,503.2,15.2,17.741935483870968,0.21860095389507156,0.01232114467408585,2.451612903225806,0.030206677265500793,0.0021860095389507157,181,948,56
Jabil Circuit,United States,32.1,1.5,17.1,13.9,4.672897196261682,8.771929824561402,1.8771929824561402,0.43302180685358255,0.8128654970760233,0.08771929824561403,621,948,56
Grupo Inbursa,Mexico,7.5,1.7,45.4,18.0,22.666666666666664,3.7444933920704844,0.16519823788546256,2.4,0.39647577092511016,0.037444933920704845,14,948,56
Biogen,United States,9.3,1.2,26.6,33.6,12.903225806451612,4.511278195488721,0.34962406015037595,3.6129032258064515,1.263157894736842,0.045112781954887216,621,948,56
Daqin Railway,China,11.0,1.6,29.1,17.3,14.545454545454547,5.498281786941581,0.37800687285223367,1.5727272727272728,0.5945017182130584,0.054982817869415807,280,948,56
The Estée Lauder Companies,United States,15.3,,22.7,48.3,,,0.6740088105726872,3.156862745098039,2.1277533039647576,,621,948,56
Suncorp Group,Australia,11.8,,73.1,13.9,,,0.16142270861833108,1.1779661016949152,0.19015047879616964,,31,948,56
SSE,United Kingdom,14.3,,31.9,25.3,,,0.4482758620689656,1.7692307692307692,0.7931034482758621,,66,948,56
Murata Manufacturing,Japan,11.3,1.3,20.1,34.8,11.504424778761061,6.467661691542288,0.5621890547263682,3.0796460176991145,1.7313432835820892,0.06467661691542288,181,948,56
Celanese,United States,10.7,2.0,26.0,17.2,18.691588785046733,7.6923076923076925,0.4115384615384615,1.6074766355140186,0.6615384615384615,0.07692307692307693,621,948,56
TransDigm Group,United States,7.3,1.4,21.6,72.3,19.17808219178082,6.481481481481481,0.3379629629629629,9.904109589041095,3.347222222222222,0.06481481481481481,621,948,56
Beijing-Shanghai High-Speed Railway,China,5.8,1.7,40.6,35.7,29.310344827586203,4.1871921182266005,0.14285714285714285,6.155172413793104,0.8793103448275863,0.04187192118226601,280,948,56
Newmont ,United States,13.1,-2.7,55.3,50.4,-20.610687022900763,-4.88245931283906,0.23688969258589512,3.8473282442748094,0.9113924050632911,-0.0488245931283906,621,948,56
Tyson Foods,United States,52.9,,37.5,21.0,,,1.4106666666666667,0.39697542533081287,0.56,,621,948,56
Ageas,Belgium,12.2,1.0,106.1,9.4,8.196721311475411,0.9425070688030162,0.11498586239396795,0.7704918032786886,0.08859566446748351,0.009425070688030161,9,948,56
Nidec,Japan,16.2,,21.0,27.1,,,0.7714285714285714,1.6728395061728396,1.2904761904761906,,181,948,56
Zoetis,United States,8.7,2.4,14.3,79.4,27.586206896551722,16.78321678321678,0.6083916083916083,9.126436781609197,5.5524475524475525,0.1678321678321678,621,948,56
CK Asset Holdings,Hong Kong,6.2,2.2,65.2,16.1,35.483870967741936,3.374233128834356,0.09509202453987729,2.5967741935483875,0.24693251533742333,0.03374233128834356,44,948,56
H&M - Hennes & Mauritz,Sweden,22.1,,16.8,27.3,,,1.3154761904761905,1.2352941176470589,1.625,,25,948,56
Public Bank,Malaysia,5.1,1.5,111.1,17.4,29.411764705882355,1.3501350135013503,0.0459045904590459,3.411764705882353,0.1566156615661566,0.013501350135013503,9,948,56
TELUS,Canada,14.8,,42.6,24.4,,,0.3474178403755869,1.6486486486486485,0.5727699530516431,,59,948,56
Sampo,Finland,10.0,1.5,24.8,22.1,15.0,6.048387096774193,0.4032258064516129,2.21,0.8911290322580645,0.06048387096774193,9,948,56
Best Buy,United States,43.5,1.2,15.0,15.9,2.7586206896551726,8.0,2.9,0.36551724137931035,1.06,0.08,621,948,56
Galp Energia,Portugal,22.3,1.4,17.8,16.2,6.278026905829597,7.865168539325842,1.252808988764045,0.726457399103139,0.9101123595505617,0.07865168539325842,4,948,56
Shanghai Rural Commercial Bank,China,7.0,1.7,199.5,10.3,24.285714285714285,0.8521303258145364,0.03508771929824561,1.4714285714285715,0.05162907268170427,0.008521303258145364,280,948,56
WTW,United Kingdom,9.6,1.0,30.2,26.3,10.416666666666668,3.3112582781456954,0.31788079470198677,2.7395833333333335,0.8708609271523179,0.033112582781456956,66,948,56
Intuitive Surgical,United States,7.3,2.0,15.8,141.5,27.397260273972602,12.658227848101264,0.46202531645569617,19.383561643835616,8.955696202531644,0.12658227848101264,621,948,56
Otsuka Holding,Japan,14.5,,22.8,22.7,,,0.6359649122807017,1.5655172413793104,0.9956140350877193,,181,948,56
Unum Group,United States,12.6,1.3,53.6,10.1,10.317460317460318,2.425373134328358,0.23507462686567163,0.8015873015873016,0.1884328358208955,0.024253731343283583,621,948,56
Universal Music Group,Netherlands,12.0,1.4,14.6,57.2,11.666666666666666,9.58904109589041,0.8219178082191781,4.766666666666667,3.9178082191780823,0.0958904109589041,23,948,56
The Hershey Company,United States,11.4,2.1,12.4,41.9,18.421052631578945,16.935483870967744,0.9193548387096774,3.6754385964912277,3.379032258064516,0.16935483870967744,621,948,56
Otis Worldwide,United States,14.3,1.4,9.8,39.1,9.790209790209788,14.285714285714285,1.4591836734693877,2.734265734265734,3.9897959183673466,0.14285714285714285,621,948,56
Digital Realty Trust,United States,5.5,1.2,42.6,46.4,21.818181818181817,2.816901408450704,0.12910798122065728,8.436363636363636,1.0892018779342723,0.02816901408450704,621,948,56
Quanta Services,United States,21.5,,15.5,38.7,,,1.3870967741935485,1.8,2.4967741935483874,,621,948,56
SM Investments,Philippines,10.3,1.4,28.4,18.6,13.592233009708737,4.929577464788732,0.3626760563380282,1.8058252427184467,0.6549295774647889,0.04929577464788732,6,948,56
CDW,United States,21.1,1.1,13.2,30.1,5.213270142180095,8.333333333333334,1.5984848484848486,1.4265402843601895,2.2803030303030307,0.08333333333333334,621,948,56
Grupo Bimbo,Mexico,22.8,,21.9,18.7,,,1.041095890410959,0.8201754385964912,0.8538812785388128,,14,948,56
Realty Income,United States,4.4,,68.3,48.0,,,0.06442166910688141,10.909090909090908,0.7027818448023426,,621,948,56
ITC,India,8.5,2.5,10.5,65.4,29.411764705882355,23.809523809523807,0.8095238095238095,7.694117647058825,6.2285714285714295,0.23809523809523808,71,948,56
ZTE,China,17.4,1.3,28.8,11.1,7.471264367816093,4.513888888888888,0.6041666666666666,0.6379310344827587,0.38541666666666663,0.04513888888888889,280,948,56
T&D Holdings,Japan,19.3,,113.7,8.6,,,0.16974494283201408,0.44559585492227977,0.07563764291996482,,181,948,56
Essity,Sweden,15.0,1.7,17.4,18.3,11.333333333333332,9.770114942528735,0.8620689655172414,1.22,1.0517241379310347,0.09770114942528736,25,948,56
Fox,United States,13.9,1.6,21.7,15.3,11.510791366906476,7.373271889400922,0.6405529953917051,1.1007194244604317,0.7050691244239632,0.07373271889400922,621,948,56
Alinma Bank,Saudi Arabia,4.7,1.4,65.3,21.1,29.78723404255319,2.1439509954058193,0.07197549770290966,4.48936170212766,0.32312404287901997,0.021439509954058193,16,948,56
Joint Stock Commercial Bank for Foreign Trade of Vietnam,Vietnam,5.2,1.4,71.5,20.2,26.923076923076923,1.958041958041958,0.07272727272727272,3.884615384615384,0.2825174825174825,0.01958041958041958,7,948,56
Mega Financial Holding,Taiwan,5.2,1.1,143.2,18.3,21.153846153846153,0.7681564245810057,0.036312849162011177,3.519230769230769,0.1277932960893855,0.007681564245810057,41,948,56
HF Sinclair,United States,31.4,1.5,17.9,11.2,4.777070063694268,8.379888268156426,1.7541899441340782,0.35668789808917195,0.6256983240223464,0.08379888268156425,621,948,56
American Airlines Group,United States,53.2,,64.4,9.7,,,0.8260869565217391,0.18233082706766915,0.15062111801242234,,621,948,56
Carnival Corporation,United States,22.6,,49.8,19.0,,,0.45381526104417674,0.8407079646017699,0.3815261044176707,,621,948,56
MTR,Hong Kong,7.3,,44.4,23.2,,,0.16441441441441443,3.1780821917808217,0.5225225225225225,,44,948,56
Trip.com Group,China,6.3,1.4,30.9,36.2,22.22222222222222,4.530744336569579,0.20388349514563106,5.746031746031747,1.1715210355987056,0.04530744336569579,280,948,56
Unipol Gruppo,Italy,14.1,1.2,86.6,7.2,8.51063829787234,1.3856812933025404,0.1628175519630485,0.5106382978723405,0.08314087759815243,0.013856812933025405,28,948,56
BPER Banca,Italy,8.1,1.8,151.3,8.1,22.222222222222225,1.1896893588896233,0.05353602115003304,1.0,0.05353602115003304,0.011896893588896233,28,948,56
Hilton Worldwide Holdings,United States,10.5,1.2,15.9,51.1,11.428571428571429,7.547169811320755,0.660377358490566,4.866666666666667,3.2138364779874213,0.07547169811320754,621,948,56
Chipotle Mexican Grill,United States,10.2,1.3,8.4,88.3,12.745098039215689,15.476190476190476,1.2142857142857142,8.656862745098039,10.511904761904761,0.15476190476190477,621,948,56
Power Grid of India,India,5.6,1.9,29.6,35.0,33.92857142857143,6.418918918918918,0.18918918918918917,6.25,1.1824324324324325,0.06418918918918919,71,948,56
Mapfre,Spain,34.9,,54.1,7.8,,,0.6451016635859519,0.22349570200573066,0.14417744916820702,,21,948,56
Fresenius,Germany,29.6,,47.8,17.1,,,0.6192468619246863,0.5777027027027027,0.35774058577405865,,50,948,56
CLP Holdings,Hong Kong,11.1,,29.3,21.5,,,0.378839590443686,1.936936936936937,0.7337883959044369,,44,948,56
JBS,Brazil,74.2,,40.8,12.7,,,1.8186274509803924,0.17115902964959567,0.3112745098039216,,26,948,56
Mitsubishi UFJ Lease,Japan,13.5,,73.7,9.5,,,0.18317503392130258,0.7037037037037037,0.12890094979647218,,181,948,56
Geely Automobile Holdings,Hong Kong,25.2,,27.2,13.2,,,0.9264705882352942,0.5238095238095238,0.4852941176470588,,44,948,56
Kasikornbank,Thailand,9.1,1.3,118.4,8.8,14.285714285714288,1.097972972972973,0.0768581081081081,0.9670329670329672,0.07432432432432433,0.01097972972972973,16,948,56
Tata Steel,India,28.3,,32.7,25.1,,,0.8654434250764526,0.8869257950530035,0.7675840978593272,,71,948,56
Leonardo,Italy,16.5,,33.9,14.6,,,0.4867256637168142,0.8848484848484848,0.4306784660766962,,28,948,56
Ameren,United States,7.3,1.1,41.3,19.9,15.068493150684933,2.663438256658596,0.17675544794188863,2.7260273972602738,0.48184019370460046,0.02663438256658596,621,948,56
CenterPoint Energy,United States,8.5,,40.2,19.2,,,0.21144278606965172,2.2588235294117647,0.4776119402985074,,621,948,56
Cintas,United States,9.4,1.5,9.0,70.2,15.957446808510637,16.666666666666664,1.0444444444444445,7.468085106382979,7.800000000000001,0.16666666666666666,621,948,56
Daiwa Securities,Japan,8.9,,211.6,10.2,,,0.04206049149338375,1.146067415730337,0.04820415879017013,,181,948,56
Rogers Communications,Canada,15.1,,51.3,21.2,,,0.29434697855750486,1.403973509933775,0.4132553606237817,,59,948,56
China Taiping Insurance,Hong Kong,17.4,,191.9,4.3,,,0.09067222511724855,0.2471264367816092,0.022407503908285564,,44,948,56
Microchip Technology,United States,7.6,1.9,15.9,51.0,25.0,11.949685534591193,0.47798742138364775,6.710526315789474,3.2075471698113205,0.11949685534591194,621,948,56
Motorola Solutions,United States,10.2,1.4,13.3,61.3,13.725490196078432,10.526315789473683,0.7669172932330827,6.009803921568627,4.609022556390977,0.10526315789473684,621,948,56
TD SYNNEX,United States,56.4,,27.8,11.0,,,2.028776978417266,0.1950354609929078,0.39568345323741005,,621,948,56
Builders FirstSource,United States,17.1,1.5,11.2,20.4,8.771929824561402,13.392857142857142,1.5267857142857144,1.1929824561403506,1.8214285714285714,0.13392857142857142,621,948,56
Tohoku Electric Power,Japan,19.5,1.6,35.6,4.1,8.205128205128204,4.49438202247191,0.547752808988764,0.21025641025641023,0.11516853932584269,0.0449438202247191,181,948,56
Corning,United States,12.4,,27.6,30.3,,,0.4492753623188406,2.443548387096774,1.0978260869565217,,621,948,56
Credicorp,Peru,7.0,1.3,64.8,13.0,18.571428571428573,2.006172839506173,0.1080246913580247,1.8571428571428572,0.2006172839506173,0.02006172839506173,1,948,56
Eletrobrás,Brazil,7.4,,52.8,18.6,,,0.14015151515151517,2.5135135135135136,0.3522727272727273,,26,948,56
SK,South Korea,99.6,-1.4,160.5,6.3,-1.4056224899598393,-0.8722741433021807,0.6205607476635514,0.06325301204819277,0.03925233644859813,-0.008722741433021807,61,948,56
Kuaishou Technology,China,16.0,,15.0,32.4,,,1.0666666666666667,2.025,2.1599999999999997,,280,948,56
Mitsui OSK Lines,Japan,11.3,1.8,27.2,11.8,15.929203539823009,6.61764705882353,0.41544117647058826,1.0442477876106195,0.4338235294117647,0.0661764705882353,181,948,56
Mazda Motor,Japan,33.4,1.4,25.1,6.4,4.191616766467066,5.577689243027888,1.3306772908366533,0.19161676646706588,0.2549800796812749,0.05577689243027888,181,948,56
Sandvik,Sweden,11.7,1.2,16.9,26.8,10.256410256410255,7.100591715976331,0.6923076923076923,2.290598290598291,1.5857988165680474,0.07100591715976332,25,948,56
Super Micro Computer,United States,11.8,1.0,8.9,52.0,8.47457627118644,11.235955056179774,1.3258426966292136,4.406779661016949,5.842696629213483,0.11235955056179775,621,948,56
Tractor Supply,United States,14.7,1.1,9.6,30.8,7.482993197278913,11.458333333333334,1.53125,2.0952380952380953,3.2083333333333335,0.11458333333333334,621,948,56
TDK,Japan,14.5,,22.6,17.7,,,0.6415929203539823,1.2206896551724138,0.7831858407079645,,181,948,56
Flex,United States,28.1,1.0,18.3,12.3,3.558718861209964,5.46448087431694,1.53551912568306,0.4377224199288256,0.6721311475409836,0.0546448087431694,621,948,56
Woolworths,Australia,43.6,,22.6,25.8,,,1.9292035398230087,0.591743119266055,1.1415929203539823,,31,948,56
Southwest Airlines,United States,26.7,,36.0,16.7,,,0.7416666666666667,0.6254681647940075,0.46388888888888885,,621,948,56
Jiangxi Copper,China,73.5,,23.7,7.9,,,3.1012658227848102,0.10748299319727891,0.33333333333333337,,280,948,56
HAL Trust,Netherlands,13.7,1.1,29.1,11.8,8.029197080291972,3.780068728522337,0.4707903780068728,0.8613138686131387,0.4054982817869416,0.03780068728522337,23,948,56
Philips,Netherlands,19.6,,32.8,26.4,,,0.5975609756097562,1.3469387755102038,0.8048780487804879,,23,948,56
PPL,United States,8.2,,39.6,21.8,,,0.20707070707070704,2.658536585365854,0.5505050505050505,,621,948,56
Workday,United States,7.2,1.4,16.5,68.5,19.444444444444443,8.484848484848484,0.4363636363636364,9.51388888888889,4.151515151515151,0.08484848484848484,621,948,56
Tenaga Nasional,Malaysia,11.6,,50.7,15.6,,,0.22879684418145954,1.3448275862068966,0.30769230769230765,,9,948,56
Public Storage,United States,4.6,2.1,19.6,50.7,45.652173913043484,10.714285714285714,0.23469387755102036,11.021739130434785,2.586734693877551,0.10714285714285714,621,948,56
Mitsubishi Chemical,Japan,30.3,,40.3,7.5,,,0.7518610421836229,0.24752475247524752,0.18610421836228289,,181,948,56
Mediobanca,Italy,5.4,1.2,104.8,13.9,22.22222222222222,1.1450381679389312,0.05152671755725191,2.574074074074074,0.13263358778625955,0.011450381679389313,28,948,56
Lululemon Athletica,Canada,9.6,1.6,7.1,42.2,16.666666666666668,22.535211267605636,1.352112676056338,4.395833333333334,5.943661971830987,0.22535211267605637,59,948,56
Interactive Brokers Group,United States,8.3,,132.2,13.3,,,0.0627836611195159,1.6024096385542168,0.1006051437216339,,621,948,56
Longi Green Energy Technology,China,16.5,,23.3,19.5,,,0.7081545064377682,1.1818181818181819,0.8369098712446351,,280,948,56
Kyocera,Japan,13.9,,29.5,16.9,,,0.4711864406779661,1.2158273381294962,0.5728813559322034,,181,948,56
CP All,Thailand,25.9,,25.3,14.6,,,1.0237154150197627,0.5637065637065637,0.5770750988142292,,16,948,56
Absa Group,South Africa,11.1,1.1,102.5,7.0,9.909909909909912,1.0731707317073171,0.10829268292682927,0.6306306306306306,0.06829268292682927,0.010731707317073172,12,948,56
Jackson Financial,United States,3.6,3.2,315.7,5.9,88.8888888888889,1.0136205258156479,0.011403230915426037,1.6388888888888888,0.01868862844472601,0.01013620525815648,621,948,56
Sabanci Holding,Turkey,23.1,,74.2,6.6,,,0.3113207547169811,0.2857142857142857,0.0889487870619946,,10,948,56
Henderson Land,Hong Kong,3.5,1.2,69.5,16.4,34.285714285714285,1.7266187050359711,0.050359712230215826,4.685714285714285,0.23597122302158272,0.017266187050359712,44,948,56
BDO Unibank,Philippines,6.1,1.3,81.4,12.7,21.311475409836067,1.597051597051597,0.07493857493857493,2.081967213114754,0.156019656019656,0.01597051597051597,6,948,56
Chongqing Rural Bank,China,7.6,1.5,206.3,5.5,19.736842105263158,0.7270964614638875,0.03683955404750363,0.7236842105263158,0.02666020358700921,0.007270964614638875,280,948,56
TCL ,China,24.3,,54.2,12.1,,,0.4483394833948339,0.4979423868312757,0.2232472324723247,,280,948,56
NASDAQ,United States,6.2,,30.3,36.2,,,0.20462046204620463,5.838709677419355,1.1947194719471947,,621,948,56
Isuzu Motors,Japan,23.4,1.2,21.6,9.4,5.128205128205128,5.555555555555555,1.0833333333333333,0.4017094017094017,0.4351851851851852,0.05555555555555555,181,948,56
Phoenix Group Holdings,United Kingdom,33.2,,375.3,6.5,,,0.08846256328270717,0.19578313253012047,0.017319477751132427,,66,948,56
SDIC Power Holdings,China,7.9,,39.0,16.4,,,0.20256410256410257,2.075949367088607,0.42051282051282046,,280,948,56
Sumitomo Realty,Japan,6.7,1.2,44.1,15.7,17.91044776119403,2.7210884353741496,0.15192743764172337,2.343283582089552,0.35600907029478457,0.027210884353741496,181,948,56
Quinenco,Chile,12.4,1.0,79.4,5.8,8.064516129032258,1.2594458438287153,0.1561712846347607,0.46774193548387094,0.07304785894206549,0.012594458438287152,7,948,56
Mizrahi Tefahot Bank,Israel,6.8,1.3,124.5,9.3,19.117647058823533,1.0441767068273093,0.05461847389558233,1.3676470588235297,0.0746987951807229,0.010441767068273093,12,948,56
Evergreen Marine Corp. (Taiwan),Taiwan,9.5,1.5,24.4,14.0,15.789473684210526,6.147540983606558,0.389344262295082,1.4736842105263157,0.5737704918032788,0.06147540983606558,41,948,56
Greenland Holdings Group,China,45.5,-1.6,165.6,4.2,-3.5164835164835164,-0.9661835748792271,0.2747584541062802,0.09230769230769231,0.025362318840579712,-0.009661835748792272,280,948,56
Adidas,Germany,23.4,,19.9,44.5,,,1.1758793969849246,1.9017094017094018,2.2361809045226133,,50,948,56
Banca MPS,Italy,6.7,2.2,135.5,7.3,32.83582089552239,1.6236162361623618,0.04944649446494465,1.0895522388059702,0.05387453874538745,0.01623616236162362,28,948,56
Ford Otosan,Turkey,17.3,2.1,7.3,13.1,12.138728323699421,28.767123287671236,2.3698630136986303,0.7572254335260115,1.7945205479452055,0.28767123287671237,10,948,56
Sichuan Road & Bridge,China,14.8,1.1,32.8,9.2,7.4324324324324325,3.3536585365853666,0.451219512195122,0.6216216216216215,0.2804878048780488,0.03353658536585367,280,948,56
East Money Information  ,China,1.8,1.1,35.6,28.4,61.111111111111114,3.0898876404494384,0.05056179775280899,15.777777777777777,0.797752808988764,0.030898876404494385,280,948,56
Aisin Seiki,Japan,34.0,,30.7,9.7,,,1.1074918566775245,0.2852941176470588,0.31596091205211724,,181,948,56
Guotai Junan Securities,China,6.3,1.2,130.5,10.3,19.047619047619047,0.9195402298850575,0.04827586206896552,1.634920634920635,0.07892720306513411,0.009195402298850575,280,948,56
Commercial Bank For Investment & Development Of Vietnam,Vietnam,7.3,,93.9,11.1,,,0.07774227902023428,1.5205479452054795,0.1182108626198083,,7,948,56
Dubai Islamic Bank,United Arab Emirates,5.4,1.7,85.6,10.9,31.481481481481477,1.9859813084112152,0.06308411214953272,2.0185185185185186,0.12733644859813084,0.019859813084112152,12,948,56
Arista Networks,United States,6.1,2.3,10.6,100.2,37.704918032786885,21.698113207547166,0.5754716981132075,16.426229508196723,9.452830188679245,0.21698113207547168,621,948,56
IndusInd Bank,India,6.7,1.1,61.8,13.2,16.417910447761194,1.7799352750809065,0.10841423948220065,1.9701492537313432,0.21359223300970873,0.017799352750809065,71,948,56
Westinghouse Air Brake Technologies,United States,10.0,,18.7,29.7,,,0.5347593582887701,2.9699999999999998,1.5882352941176472,,621,948,56
Monster Beverage,United States,7.3,1.7,10.1,56.4,23.28767123287671,16.831683168316832,0.7227722772277227,7.726027397260274,5.584158415841584,0.16831683168316833,621,948,56
Jeronimo Martins,Portugal,34.6,,15.8,14.0,,,2.189873417721519,0.40462427745664736,0.8860759493670886,,4,948,56
Dollar Tree,United States,30.6,,22.0,25.6,,,1.3909090909090909,0.8366013071895425,1.1636363636363638,,621,948,56
ON Semiconductor Corp.,United States,8.2,2.2,13.5,31.5,26.829268292682933,16.296296296296298,0.6074074074074074,3.8414634146341466,2.3333333333333335,0.16296296296296298,621,948,56
Ovintiv,United States,10.6,1.9,19.8,13.3,17.92452830188679,9.595959595959595,0.5353535353535354,1.2547169811320755,0.6717171717171717,0.09595959595959595,621,948,56
Hanwha,South Korea,38.8,,158.9,1.5,,,0.24417872876022653,0.03865979381443299,0.009439899307740716,,61,948,56
Naver,South Korea,7.5,1.1,26.6,20.9,14.666666666666666,4.135338345864661,0.2819548872180451,2.7866666666666666,0.7857142857142856,0.041353383458646614,61,948,56
Suzano ,Brazil,7.7,1.8,28.6,12.9,23.376623376623375,6.293706293706293,0.2692307692307692,1.6753246753246753,0.45104895104895104,0.06293706293706293,26,948,56
Expedia Group,United States,13.1,,24.8,15.1,,,0.5282258064516129,1.1526717557251909,0.6088709677419355,,621,948,56
Telkom Indonesia,Indonesia,9.8,1.6,18.2,18.6,16.3265306122449,8.791208791208792,0.5384615384615385,1.8979591836734695,1.0219780219780221,0.08791208791208792,9,948,56
Tokyo Gas,Japan,18.4,1.2,25.7,8.7,6.521739130434782,4.669260700389105,0.7159533073929961,0.47282608695652173,0.3385214007782101,0.04669260700389105,181,948,56
China National Building,China,29.8,,68.9,3.9,,,0.432510885341074,0.13087248322147652,0.056603773584905655,,280,948,56
Fidelity National Information (FIS),United States,11.2,-6.8,35.9,43.6,-60.71428571428572,-18.94150417827298,0.31197771587743733,3.8928571428571432,1.2144846796657383,-0.1894150417827298,621,948,56
Saudi Arabian Mining,Saudi Arabia,7.6,,30.1,49.1,,,0.25249169435215946,6.460526315789474,1.6312292358803986,,16,948,56
CMS Energy,United States,7.4,,33.9,18.9,,,0.21828908554572274,2.554054054054054,0.5575221238938053,,621,948,56
Martin Marietta Materials,United States,6.7,2.1,16.2,35.8,31.343283582089555,12.962962962962965,0.41358024691358025,5.343283582089551,2.2098765432098766,0.12962962962962965,621,948,56
AES,United States,12.5,,47.0,15.1,,,0.26595744680851063,1.208,0.32127659574468087,,621,948,56
Bank Of Chengdu,China,6.1,1.7,163.1,8.5,27.868852459016395,1.0423053341508277,0.03740036787247088,1.3934426229508197,0.05211526670754139,0.010423053341508278,280,948,56
Indian Railway Finance,India,3.2,,58.6,26.5,,,0.05460750853242321,8.28125,0.4522184300341297,,71,948,56
Legend Holding,China,61.5,,93.9,1.9,,,0.6549520766773163,0.03089430894308943,0.020234291799787005,,280,948,56
Muyuan Foodstuff,China,15.7,,27.2,34.6,,,0.5772058823529411,2.203821656050956,1.272058823529412,,280,948,56
DuPont De Nemours,United States,12.0,,37.7,33.4,,,0.3183023872679045,2.783333333333333,0.8859416445623342,,621,948,56
Wipro,India,10.8,1.3,13.8,28.9,12.037037037037036,9.420289855072465,0.782608695652174,2.6759259259259256,2.0942028985507246,0.09420289855072464,71,948,56
Delta Electronics,Taiwan,12.7,1.0,14.8,26.0,7.874015748031496,6.756756756756756,0.858108108108108,2.047244094488189,1.7567567567567566,0.06756756756756756,41,948,56
Mashreq Bank,United Arab Emirates,5.2,2.3,65.3,10.3,44.230769230769226,3.522205206738131,0.07963246554364473,1.9807692307692308,0.15773353751914243,0.03522205206738131,12,948,56
Molson Coors Brewing,United States,12.0,1.1,26.1,12.0,9.166666666666668,4.21455938697318,0.45977011494252873,1.0,0.45977011494252873,0.0421455938697318,621,948,56
GAIL India,India,16.1,1.2,15.0,16.1,7.453416149068322,8.0,1.0733333333333335,1.0,1.0733333333333335,0.08,71,948,56
Moody's,United States,6.2,1.7,15.0,75.6,27.419354838709676,11.333333333333332,0.41333333333333333,12.193548387096772,5.04,0.11333333333333333,621,948,56
Restaurant Brands International,Canada,7.2,1.2,23.1,22.4,16.666666666666664,5.194805194805195,0.3116883116883117,3.1111111111111107,0.9696969696969696,0.051948051948051945,59,948,56
Eversource Energy,United States,11.4,,57.3,21.5,,,0.19895287958115185,1.8859649122807016,0.37521815008726006,,621,948,56
Bank Pekao,Poland,5.5,1.6,79.6,10.8,29.090909090909093,2.0100502512562817,0.06909547738693468,1.9636363636363638,0.13567839195979903,0.020100502512562818,5,948,56
Teva Pharmaceutical,Israel,16.0,,42.8,18.5,,,0.3738317757009346,1.15625,0.4322429906542056,,12,948,56
Db Insurance,South Korea,12.3,1.4,43.6,4.8,11.38211382113821,3.211009174311926,0.2821100917431193,0.39024390243902435,0.11009174311926605,0.03211009174311926,61,948,56
Legrand,France,9.0,1.2,16.5,28.7,13.333333333333334,7.2727272727272725,0.5454545454545454,3.1888888888888887,1.7393939393939393,0.07272727272727272,49,948,56
Rakuten,Japan,14.6,-2.1,157.6,11.0,-14.383561643835618,-1.3324873096446703,0.09263959390862944,0.7534246575342466,0.06979695431472081,-0.013324873096446702,181,948,56
Conagra Brands,United States,12.1,,21.9,14.7,,,0.5525114155251142,1.2148760330578512,0.6712328767123288,,621,948,56
Kellanova,United States,14.4,,15.3,21.0,,,0.9411764705882353,1.4583333333333333,1.3725490196078431,,621,948,56
Schindler Holding,Switzerland,12.8,,13.4,28.3,,,0.9552238805970149,2.2109375,2.111940298507463,,46,948,56
Air France-KLM,France,32.9,,37.5,3.0,,,0.8773333333333333,0.0911854103343465,0.08,,49,948,56
TBEA,China,13.2,1.1,27.6,10.2,8.333333333333334,3.985507246376812,0.47826086956521735,0.7727272727272727,0.3695652173913043,0.03985507246376812,280,948,56
Bank Negara Indonesia,Indonesia,5.4,1.4,67.3,12.1,25.925925925925924,2.080237741456166,0.08023774145616643,2.2407407407407405,0.17979197622585438,0.020802377414561663,9,948,56
Welltower,United States,6.9,,44.6,60.6,,,0.1547085201793722,8.782608695652174,1.358744394618834,,621,948,56
Ericsson,Sweden,24.0,-2.4,28.0,19.1,-10.0,-8.571428571428571,0.8571428571428571,0.7958333333333334,0.6821428571428572,-0.08571428571428572,25,948,56
Indian Bank,India,7.8,1.0,95.4,8.7,12.820512820512823,1.0482180293501047,0.08176100628930817,1.1153846153846154,0.09119496855345911,0.010482180293501047,71,948,56
DSM-Firmenich,Switzerland,11.5,,38.1,31.0,,,0.30183727034120733,2.6956521739130435,0.8136482939632546,,46,948,56
Waste Connections,Canada,8.2,,19.1,43.2,,,0.42931937172774864,5.26829268292683,2.261780104712042,,59,948,56
Techtronic Industries,Hong Kong,13.7,,12.4,25.1,,,1.1048387096774193,1.832116788321168,2.024193548387097,,44,948,56
Raizen,Brazil,44.4,,25.8,6.0,,,1.7209302325581395,0.13513513513513514,0.23255813953488372,,26,948,56
Anta Sports Products,China,8.8,1.4,13.0,32.1,15.909090909090907,10.769230769230768,0.676923076923077,3.6477272727272725,2.4692307692307693,0.10769230769230768,280,948,56
Kyushu Electric Power,Japan,14.8,1.2,37.8,5.0,8.108108108108107,3.1746031746031744,0.39153439153439157,0.33783783783783783,0.1322751322751323,0.031746031746031744,181,948,56
Kone,Finland,11.9,1.0,9.0,28.4,8.403361344537814,11.11111111111111,1.3222222222222222,2.3865546218487395,3.1555555555555554,0.1111111111111111,9,948,56
Semiconductor Manufacturing International,China,6.3,,47.8,17.2,,,0.13179916317991633,2.7301587301587302,0.3598326359832636,,280,948,56
Itaúsa,Brazil,1.5,2.7,21.7,20.7,180.0,12.442396313364057,0.06912442396313365,13.799999999999999,0.9539170506912442,0.12442396313364057,26,948,56
Halkbank,Turkey,15.8,,78.0,3.9,,,0.20256410256410257,0.24683544303797467,0.049999999999999996,,10,948,56
MOL Hungarian Oil,Hungary,25.3,1.3,22.1,5.5,5.138339920948617,5.88235294117647,1.1447963800904977,0.21739130434782608,0.24886877828054296,0.058823529411764705,3,948,56
China Reinsurance Group,China,14.4,,61.3,3.4,,,0.23491027732463296,0.2361111111111111,0.05546492659053834,,280,948,56
Formosa Petrochemical,Taiwan,22.2,,13.1,20.7,,,1.6946564885496183,0.9324324324324325,1.5801526717557253,,41,948,56
Vedanta Limited,India,17.4,,22.9,19.7,,,0.759825327510917,1.132183908045977,0.8602620087336245,,71,948,56
Ferrari,Italy,6.6,1.4,9.3,76.0,21.21212121212121,15.053763440860212,0.7096774193548386,11.515151515151516,8.172043010752688,0.15053763440860213,28,948,56
Shanghai International Port,China,5.3,1.9,28.5,18.0,35.84905660377358,6.666666666666667,0.18596491228070175,3.3962264150943398,0.631578947368421,0.06666666666666667,280,948,56
Reliance Steel,United States,14.5,1.3,10.7,17.1,8.96551724137931,12.149532710280376,1.355140186915888,1.1793103448275863,1.5981308411214956,0.12149532710280375,621,948,56
Yuanta Financial Holding,Taiwan,4.8,,107.5,12.9,,,0.044651162790697675,2.6875,0.12000000000000001,,41,948,56
NVR,United States,9.5,1.6,6.5,24.0,16.842105263157894,24.615384615384617,1.4615384615384615,2.526315789473684,3.6923076923076925,0.24615384615384617,621,948,56
Penske Automotive,United States,29.6,,16.1,10.4,,,1.8385093167701863,0.35135135135135137,0.6459627329192547,,621,948,56
St. James's Place,United Kingdom,23.6,,219.6,3.3,,,0.1074681238615665,0.13983050847457626,0.015027322404371584,,66,948,56
China Bohai Bank,China,9.7,,244.6,2.5,,,0.039656582174979554,0.2577319587628866,0.010220768601798855,,280,948,56
China Three Gorges Renewables (Group),China,3.8,,45.0,18.4,,,0.08444444444444445,4.842105263157895,0.40888888888888886,,280,948,56
Tongwei,China,17.4,,24.9,13.6,,,0.6987951807228916,0.7816091954022989,0.5461847389558233,,280,948,56
SCB X Public Company ,Thailand,6.1,1.2,93.4,9.9,19.672131147540984,1.2847965738758027,0.06531049250535331,1.6229508196721314,0.10599571734475374,0.012847965738758028,16,948,56
Vestas Wind Systems,Denmark,16.5,,24.4,28.2,,,0.6762295081967213,1.709090909090909,1.1557377049180328,,13,948,56
KE Holdings,China,11.0,,17.0,25.4,,,0.6470588235294118,2.309090909090909,1.4941176470588236,,280,948,56
Dassault Systemes,France,6.5,1.2,16.2,54.0,18.46153846153846,7.4074074074074066,0.4012345679012346,8.307692307692308,3.3333333333333335,0.07407407407407407,49,948,56
DiDi Global,China,27.2,,20.3,23.0,,,1.3399014778325122,0.8455882352941176,1.1330049261083743,,280,948,56
SK Innovation ,South Korea,58.3,,64.2,7.7,,,0.9080996884735202,0.1320754716981132,0.11993769470404984,,61,948,56
CGI,Canada,10.7,1.2,11.6,24.1,11.214953271028037,10.344827586206897,0.9224137931034483,2.252336448598131,2.077586206896552,0.10344827586206896,59,948,56
American Water Works,United States,4.3,,31.1,26.1,,,0.13826366559485528,6.069767441860466,0.8392282958199357,,621,948,56
Textron,United States,13.8,,16.4,17.0,,,0.8414634146341464,1.2318840579710144,1.0365853658536586,,621,948,56
Pembina Pipeline,Canada,6.2,1.4,24.6,20.3,22.58064516129032,5.691056910569105,0.25203252032520324,3.274193548387097,0.8252032520325203,0.05691056910569105,59,948,56
Banque Saudi Fransi,Saudi Arabia,4.3,1.1,71.6,11.8,25.581395348837212,1.5363128491620115,0.06005586592178771,2.7441860465116283,0.16480446927374304,0.015363128491620115,16,948,56
Fosun International,China,28.0,,114.0,5.4,,,0.24561403508771928,0.19285714285714287,0.04736842105263158,,280,948,56
Zimmer Biomet,United States,7.5,,21.5,24.7,,,0.3488372093023256,3.2933333333333334,1.1488372093023256,,621,948,56
Bangkok Bank,Thailand,7.2,1.2,124.9,7.3,16.666666666666664,0.9607686148919135,0.05764611689351481,1.0138888888888888,0.05844675740592473,0.009607686148919135,16,948,56
China National Chemical,China,25.2,,30.4,6.6,,,0.8289473684210527,0.2619047619047619,0.21710526315789475,,280,948,56
Yum! Brands,United States,7.0,1.6,6.2,39.9,22.857142857142858,25.806451612903224,1.129032258064516,5.7,6.435483870967741,0.25806451612903225,621,948,56
Lithia Motors,United States,32.6,,22.2,7.4,,,1.4684684684684686,0.22699386503067484,0.33333333333333337,,621,948,56
Aena,Spain,5.4,1.8,19.4,29.2,33.33333333333333,9.278350515463918,0.2783505154639176,5.4074074074074066,1.5051546391752577,0.09278350515463918,21,948,56
Lonza Group,Switzerland,7.5,,20.3,42.1,,,0.3694581280788177,5.613333333333333,2.0738916256157633,,46,948,56
Synopsys,United States,6.1,1.4,10.6,86.5,22.950819672131146,13.20754716981132,0.5754716981132075,14.18032786885246,8.160377358490566,0.1320754716981132,621,948,56
United Microelectronics,Taiwan,7.1,1.8,17.7,20.5,25.352112676056336,10.16949152542373,0.4011299435028249,2.887323943661972,1.1581920903954803,0.1016949152542373,41,948,56
Uni-President,Taiwan,19.4,,21.1,14.0,,,0.9194312796208529,0.7216494845360826,0.6635071090047393,,41,948,56
China Cinda Asset Management,China,7.9,,224.8,4.0,,,0.035142348754448396,0.5063291139240506,0.01779359430604982,,280,948,56
Nongfu Spring,China,6.0,1.7,6.9,66.9,28.333333333333332,24.63768115942029,0.8695652173913043,11.15,9.695652173913043,0.24637681159420288,280,948,56
Scor,France,21.4,,35.0,5.9,,,0.6114285714285714,0.2757009345794393,0.1685714285714286,,49,948,56
E.Sun Financial,Taiwan,4.0,,116.7,14.1,,,0.03427592116538132,3.525,0.12082262210796915,,41,948,56
Rockwell Automation,United States,9.0,1.2,11.4,30.8,13.333333333333334,10.526315789473683,0.7894736842105263,3.4222222222222225,2.7017543859649122,0.10526315789473684,621,948,56
Santos,Australia,6.0,1.4,31.1,16.4,23.333333333333332,4.5016077170418,0.19292604501607716,2.733333333333333,0.5273311897106109,0.045016077170418,31,948,56
Kirin Holdings,Japan,15.1,,19.9,11.7,,,0.7587939698492463,0.7748344370860927,0.5879396984924623,,181,948,56
Snam,Italy,4.6,1.2,37.1,16.5,26.08695652173913,3.2345013477088944,0.12398921832884095,3.586956521739131,0.444743935309973,0.032345013477088944,28,948,56
Abu Dhabi Islamic Bank,United Arab Emirates,3.9,1.4,53.0,11.8,35.8974358974359,2.641509433962264,0.07358490566037736,3.025641025641026,0.22264150943396227,0.02641509433962264,12,948,56
KT ,South Korea,20.1,,31.7,6.8,,,0.6340694006309149,0.33830845771144274,0.21451104100946372,,61,948,56
Sungrow Power Supply  ,China,10.0,1.4,11.7,20.9,13.999999999999998,11.965811965811966,0.8547008547008548,2.09,1.7863247863247864,0.11965811965811966,280,948,56
Air Canada,Canada,16.4,1.6,22.0,4.8,9.756097560975611,7.272727272727273,0.7454545454545454,0.29268292682926833,0.21818181818181817,0.07272727272727274,59,948,56
CarMax,United States,26.5,,27.5,11.5,,,0.9636363636363636,0.4339622641509434,0.41818181818181815,,621,948,56
Dover,United States,8.5,1.5,12.0,25.3,17.647058823529413,12.5,0.7083333333333334,2.976470588235294,2.1083333333333334,0.125,621,948,56
Zhejiang Zheneng Electric Power,China,13.7,1.0,20.4,11.3,7.299270072992702,4.901960784313726,0.6715686274509804,0.8248175182481753,0.553921568627451,0.04901960784313726,280,948,56
Sunac China Holdings,China,22.1,-1.2,137.9,2.0,-5.4298642533936645,-0.8701957940536621,0.1602610587382161,0.09049773755656108,0.0145032632342277,-0.00870195794053662,280,948,56
Ferrovial,Spain,9.2,,29.1,29.7,,,0.3161512027491409,3.2282608695652177,1.0206185567010309,,21,948,56
PBF Energy,United States,37.7,1.9,13.8,6.1,5.039787798408487,13.768115942028983,2.7318840579710146,0.16180371352785144,0.44202898550724634,0.13768115942028983,621,948,56
Sanlam,South Africa,11.2,,53.3,8.3,,,0.21013133208255158,0.7410714285714287,0.1557223264540338,,12,948,56
Ulta Beauty,United States,11.2,1.3,6.3,19.2,11.60714285714286,20.634920634920636,1.7777777777777777,1.7142857142857144,3.0476190476190474,0.20634920634920637,621,948,56
Yamaha Motor,Japan,16.9,1.2,18.5,9.3,7.100591715976331,6.486486486486487,0.9135135135135134,0.5502958579881657,0.5027027027027028,0.06486486486486487,181,948,56
All Nippon Airways,Japan,14.2,1.1,23.6,9.1,7.746478873239438,4.661016949152542,0.6016949152542372,0.6408450704225352,0.385593220338983,0.046610169491525424,181,948,56
Viatris,United States,15.3,,47.3,13.1,,,0.3234672304439747,0.8562091503267973,0.2769556025369979,,621,948,56
Chunghwa Telecom,Taiwan,7.1,1.2,16.5,30.3,16.901408450704224,7.2727272727272725,0.4303030303030303,4.267605633802817,1.8363636363636364,0.07272727272727272,41,948,56
Live Nation Entertainment,United States,23.4,,20.0,22.2,,,1.17,0.9487179487179488,1.1099999999999999,,621,948,56
Arab National Bank,Saudi Arabia,4.2,1.1,61.9,11.5,26.190476190476193,1.7770597738287561,0.06785137318255251,2.738095238095238,0.18578352180936997,0.017770597738287562,16,948,56
Coles Group,Australia,27.9,,13.3,14.6,,,2.0977443609022552,0.5232974910394266,1.0977443609022555,,31,948,56
XCMG Construction Machinery,China,12.9,,22.8,12.7,,,0.5657894736842105,0.9844961240310077,0.5570175438596491,,280,948,56
GS Holdings,South Korea,19.3,,26.0,3.1,,,0.7423076923076923,0.16062176165803108,0.11923076923076924,,61,948,56
Franklin Resources,United States,8.1,,32.9,12.8,,,0.24620060790273557,1.580246913580247,0.3890577507598785,,621,948,56
Ametek,United States,6.7,1.3,14.9,38.6,19.402985074626866,8.724832214765101,0.44966442953020136,5.7611940298507465,2.5906040268456376,0.087248322147651,621,948,56
Extra Space Storage,United States,2.9,,27.5,32.2,,,0.10545454545454545,11.103448275862071,1.1709090909090911,,621,948,56
East West Bancorp,United States,4.1,1.1,70.9,10.8,26.829268292682933,1.5514809590973202,0.057827926657263745,2.634146341463415,0.15232722143864597,0.015514809590973202,621,948,56
Flutter Entertainment,Ireland,11.8,-1.2,24.4,36.6,-10.169491525423728,-4.918032786885246,0.4836065573770492,3.101694915254237,1.5000000000000002,-0.04918032786885246,23,948,56
First Financial Holding,Taiwan,4.7,,144.3,11.9,,,0.03257103257103257,2.5319148936170213,0.08246708246708247,,41,948,56
Electronic Arts,United States,7.5,1.3,13.4,34.2,17.333333333333336,9.701492537313433,0.5597014925373134,4.5600000000000005,2.5522388059701493,0.09701492537313433,621,948,56
Experian,Ireland,7.1,1.2,11.7,42.8,16.901408450704224,10.256410256410255,0.6068376068376068,6.028169014084507,3.658119658119658,0.10256410256410256,23,948,56
Beiersdorf,Germany,10.2,,14.1,35.2,,,0.7234042553191489,3.4509803921568634,2.49645390070922,,50,948,56
Nippon Paint,Japan,10.3,,19.1,17.6,,,0.5392670157068062,1.70873786407767,0.9214659685863874,,181,948,56
Avis Budget Group,United States,12.0,1.2,33.5,4.2,10.0,3.582089552238806,0.3582089552238806,0.35000000000000003,0.12537313432835823,0.03582089552238806,621,948,56
Edwards Lifesciences,United States,6.1,1.4,9.7,53.7,22.950819672131146,14.432989690721651,0.6288659793814433,8.80327868852459,5.536082474226805,0.1443298969072165,621,948,56
Agilent Technologies,United States,6.7,1.2,10.9,45.2,17.91044776119403,11.009174311926605,0.6146788990825688,6.746268656716418,4.146788990825688,0.11009174311926605,621,948,56
Shenzhen Mindray Bio-Medical Electronics,China,5.0,1.7,7.0,51.7,34.0,24.285714285714285,0.7142857142857143,10.34,7.385714285714286,0.24285714285714285,280,948,56
Brookfield Reinsurance,Bermuda,8.2,1.2,59.7,4.5,14.634146341463417,2.0100502512562812,0.1373534338358459,0.5487804878048781,0.07537688442211055,0.02010050251256281,8,948,56
Givaudan,Switzerland,7.7,,13.2,42.5,,,0.5833333333333334,5.51948051948052,3.2196969696969697,,46,948,56
Fastenal,United States,7.4,1.2,4.5,38.0,16.216216216216214,26.666666666666668,1.6444444444444446,5.135135135135135,8.444444444444445,0.26666666666666666,621,948,56
Vienna Insurance Group,Austria,13.4,,51.9,8.7,,,0.2581888246628131,0.6492537313432835,0.1676300578034682,,9,948,56
Brookfield Renewable,United States,4.0,1.4,44.2,11.6,35.0,3.167420814479638,0.09049773755656108,2.9,0.2624434389140271,0.03167420814479638,621,948,56
Qatar Islamic Bank,Qatar,2.0,1.2,52.7,11.4,60.0,2.2770398481973433,0.03795066413662239,5.7,0.21631878557874762,0.022770398481973434,6,948,56
Globalfoundries,United States,7.1,,18.5,30.0,,,0.38378378378378375,4.225352112676057,1.6216216216216217,,621,948,56
Jinko Solar,China,16.5,,18.1,10.3,,,0.9116022099447513,0.6242424242424243,0.569060773480663,,280,948,56
China Resources Pharmaceutical Group,Hong Kong,34.5,,34.8,5.0,,,0.9913793103448276,0.14492753623188406,0.14367816091954025,,44,948,56
HD HYUNDAI,South Korea,48.1,,51.8,3.6,,,0.9285714285714286,0.07484407484407485,0.0694980694980695,,61,948,56
International Flavors & Fragrances,United States,11.4,-2.5,30.6,25.5,-21.929824561403507,-8.169934640522875,0.37254901960784315,2.236842105263158,0.8333333333333333,-0.08169934640522876,621,948,56
Adani Power Limited,India,6.1,2.5,11.1,29.4,40.98360655737705,22.52252252252252,0.5495495495495495,4.8196721311475414,2.6486486486486487,0.22522522522522523,71,948,56
Eurobank Ergasias,Greece,6.1,1.3,85.7,8.4,21.311475409836067,1.5169194865810969,0.07117852975495916,1.377049180327869,0.09801633605600933,0.015169194865810968,8,948,56
Shaanxi Construction Engineering Group,China,24.0,,46.2,2.1,,,0.5194805194805194,0.08750000000000001,0.045454545454545456,,280,948,56
Voya Financial,United States,7.6,,149.8,7.5,,,0.0507343124165554,0.986842105263158,0.050066755674232306,,621,948,56
Sany Heavy Industry,China,10.2,,21.4,20.0,,,0.4766355140186916,1.9607843137254903,0.9345794392523366,,280,948,56
Bank of India,India,8.1,,110.8,6.7,,,0.07310469314079422,0.8271604938271605,0.06046931407942239,,71,948,56
Dick's Sporting Goods,United States,13.0,1.0,10.2,15.9,7.6923076923076925,9.803921568627452,1.2745098039215688,1.2230769230769232,1.558823529411765,0.09803921568627452,621,948,56
Bank of Changsha,China,6.5,1.1,146.8,4.8,16.923076923076923,0.7493188010899182,0.044277929155313346,0.7384615384615384,0.0326975476839237,0.007493188010899182,280,948,56
Luzhou Lao Jiao,China,3.8,2.0,9.5,38.5,52.63157894736842,21.052631578947366,0.39999999999999997,10.131578947368421,4.052631578947368,0.21052631578947367,280,948,56
Israel Discount Bank,Israel,6.5,1.1,109.9,6.2,16.923076923076923,1.0009099181073704,0.05914467697907188,0.9538461538461539,0.056414922656960874,0.010009099181073703,12,948,56
China Development Financial,Taiwan,10.3,,118.9,7.5,,,0.08662741799831791,0.7281553398058251,0.06307821698906645,,41,948,56
Adani Enterprises,India,12.7,,19.3,41.9,,,0.6580310880829014,3.2992125984251968,2.170984455958549,,71,948,56
T Rowe Price,United States,6.7,1.9,12.9,26.1,28.35820895522388,14.728682170542633,0.5193798449612403,3.8955223880597014,2.0232558139534884,0.14728682170542634,621,948,56
Paychex,United States,5.2,1.7,13.0,45.2,32.69230769230769,13.076923076923078,0.4,8.692307692307693,3.476923076923077,0.13076923076923078,621,948,56
Shanghai Construction ,China,43.5,,48.5,3.0,,,0.8969072164948454,0.06896551724137931,0.061855670103092786,,280,948,56
Greentown China Holdings,China,18.6,,75.5,3.0,,,0.24635761589403976,0.16129032258064516,0.039735099337748346,,280,948,56
Orsted,Denmark,8.4,-3.1,42.0,25.7,-36.904761904761905,-7.380952380952381,0.2,3.0595238095238093,0.6119047619047618,-0.07380952380952381,13,948,56
Shanxi Xinghuacun Fen Wine Factory,China,4.0,1.7,7.0,44.5,42.5,24.285714285714285,0.5714285714285714,11.125,6.357142857142857,0.24285714285714285,280,948,56
Paramount,United States,30.1,,52.0,8.0,,,0.5788461538461539,0.26578073089700993,0.15384615384615385,,621,948,56
Arca Continental,Mexico,12.0,,14.1,17.3,,,0.851063829787234,1.4416666666666667,1.2269503546099292,,14,948,56
Wuchan Zhongda Group,China,81.5,,28.2,3.5,,,2.890070921985816,0.04294478527607362,0.12411347517730496,,280,948,56
Baxter International,United States,14.9,,27.8,18.0,,,0.5359712230215827,1.2080536912751678,0.6474820143884892,,621,948,56
Copart,United States,4.2,1.4,8.0,52.4,33.33333333333333,17.5,0.525,12.476190476190474,6.55,0.175,621,948,56
Shanghai Pharmaceuticals,China,36.8,,30.1,5.9,,,1.2225913621262456,0.16032608695652176,0.19601328903654486,,280,948,56
China CSSC Holdings,China,11.3,,24.5,22.2,,,0.4612244897959184,1.9646017699115041,0.9061224489795918,,280,948,56
Darden Restaurants,United States,11.2,1.0,11.4,18.4,8.928571428571429,8.771929824561402,0.9824561403508771,1.6428571428571428,1.6140350877192982,0.08771929824561403,621,948,56
LPL Financial Holdings,United States,10.5,1.0,11.0,20.0,9.523809523809524,9.090909090909092,0.9545454545454546,1.9047619047619047,1.8181818181818181,0.09090909090909091,621,948,56
Jacobs Solutions,United States,16.9,,14.9,17.1,,,1.134228187919463,1.0118343195266273,1.1476510067114094,,621,948,56
Guosen Securities,China,2.9,,65.8,11.9,,,0.044072948328267476,4.103448275862069,0.18085106382978725,,280,948,56
Vonovia,Germany,5.3,-4.3,101.6,26.3,-81.13207547169812,-4.23228346456693,0.052165354330708666,4.962264150943397,0.2588582677165355,-0.04232283464566929,50,948,56
National Bank of Greece,Greece,3.9,1.3,78.2,8.4,33.333333333333336,1.6624040920716114,0.049872122762148335,2.153846153846154,0.10741687979539642,0.016624040920716114,8,948,56
GF Securities,China,4.9,1.1,93.4,8.5,22.448979591836736,1.177730192719486,0.05246252676659529,1.7346938775510203,0.09100642398286937,0.011777301927194861,280,948,56
Hua Nan Financial,Taiwan,4.8,,126.1,11.0,,,0.03806502775574941,2.291666666666667,0.0872323552735924,,41,948,56
WestRock,United States,19.5,,26.9,13.7,,,0.724907063197026,0.7025641025641025,0.5092936802973977,,621,948,56
Coterra Energy ,United States,5.3,1.3,21.0,21.0,24.528301886792455,6.190476190476191,0.2523809523809524,3.9622641509433962,1.0,0.06190476190476191,621,948,56
EXOR,Netherlands,2.8,2.5,14.8,23.9,89.28571428571429,16.89189189189189,0.18918918918918917,8.535714285714286,1.6148648648648647,0.16891891891891891,23,948,56
SBI Holdings,Japan,8.4,,179.8,7.6,,,0.04671857619577308,0.9047619047619047,0.04226918798665183,,181,948,56
Hormel Foods,United States,12.1,,13.5,19.9,,,0.8962962962962963,1.6446280991735536,1.4740740740740739,,621,948,56
Nedbank,South Africa,8.2,,71.7,6.1,,,0.11436541143654112,0.7439024390243902,0.08507670850767084,,12,948,56
M&G,United Kingdom,13.8,,240.3,6.2,,,0.05742821473158552,0.4492753623188406,0.02580108198085726,,66,948,56
Vulcan Materials,United States,7.7,,13.9,34.3,,,0.5539568345323741,4.454545454545454,2.4676258992805753,,621,948,56
WPP,United Kingdom,18.5,,34.3,11.6,,,0.5393586005830904,0.6270270270270271,0.3381924198250729,,66,948,56
Cadence Design,United States,4.1,1.0,5.7,78.6,24.39024390243903,17.543859649122805,0.719298245614035,19.170731707317074,13.789473684210526,0.17543859649122806,621,948,56
AvalonBay Communities,United States,2.8,,20.6,28.3,,,0.13592233009708737,10.107142857142858,1.3737864077669901,,621,948,56
Ternium,Luxembourg,18.5,,24.8,8.6,,,0.7459677419354839,0.46486486486486484,0.34677419354838707,,4,948,56
Antofagasta,United Kingdom,6.3,,19.6,29.6,,,0.3214285714285714,4.698412698412699,1.510204081632653,,66,948,56
China Merchants Securities,China,4.3,1.2,98.1,8.0,27.906976744186046,1.2232415902140672,0.04383282364933741,1.8604651162790697,0.08154943934760449,0.012232415902140673,280,948,56
Spotify Technology,Luxembourg,15.0,,9.8,59.1,,,1.530612244897959,3.94,6.030612244897959,,4,948,56
Grupo Carso,Mexico,11.3,,14.9,20.4,,,0.7583892617449665,1.805309734513274,1.3691275167785233,,14,948,56
Osaka Gas,Japan,14.4,,19.7,9.3,,,0.7309644670050762,0.6458333333333334,0.4720812182741117,,181,948,56
Interpublic Group,United States,10.9,1.1,17.3,12.0,10.091743119266056,6.358381502890173,0.630057803468208,1.1009174311926606,0.6936416184971098,0.06358381502890173,621,948,56
Kaspi.kz JSC,Kazakhstan,4.5,1.9,15.4,23.2,42.22222222222222,12.337662337662337,0.2922077922077922,5.155555555555555,1.5064935064935063,0.12337662337662336,2,948,56
APA,United States,8.2,2.7,15.0,11.5,32.92682926829269,18.000000000000004,0.5466666666666666,1.402439024390244,0.7666666666666667,0.18000000000000002,621,948,56
WH Group ,Hong Kong,26.2,,19.2,9.3,,,1.3645833333333333,0.35496183206106874,0.48437500000000006,,44,948,56
Agnico Eagle Mines,Canada,6.9,,28.8,35.0,,,0.23958333333333334,5.0724637681159415,1.2152777777777777,,59,948,56
J Sainsbury,United Kingdom,40.9,,31.7,8.4,,,1.2902208201892744,0.20537897310513448,0.26498422712933756,,66,948,56
Julius Baer Group,Switzerland,6.5,,115.0,12.3,,,0.05652173913043478,1.8923076923076925,0.10695652173913044,,46,948,56
Ingersoll Rand,United States,6.9,,15.5,37.4,,,0.44516129032258067,5.420289855072463,2.4129032258064513,,621,948,56
WEG,Brazil,6.7,1.2,6.4,32.5,17.91044776119403,18.749999999999996,1.046875,4.850746268656716,5.078125,0.18749999999999997,26,948,56
Euronext,Netherlands,1.6,,238.5,10.3,,,0.006708595387840671,6.4375,0.04318658280922432,,23,948,56
US Steel,United States,17.8,,20.4,8.1,,,0.8725490196078433,0.45505617977528084,0.3970588235294118,,621,948,56
Taiwan Cooperative Financial,Taiwan,4.2,,156.5,12.1,,,0.0268370607028754,2.880952380952381,0.07731629392971245,,41,948,56
Toll Brothers,United States,10.2,1.4,12.5,13.6,13.725490196078432,11.2,0.816,1.3333333333333335,1.088,0.11199999999999999,621,948,56
Arrow Electronics,United States,31.3,,20.3,7.0,,,1.541871921182266,0.22364217252396165,0.3448275862068965,,621,948,56
Western Digital,United States,11.9,-1.6,23.8,23.5,-13.445378151260504,-6.722689075630252,0.5,1.9747899159663864,0.9873949579831932,-0.06722689075630252,621,948,56
The Mosaic Company,United States,12.8,,22.9,9.8,,,0.5589519650655023,0.765625,0.42794759825327516,,621,948,56
Fortinet,United States,5.4,1.2,7.7,46.9,22.22222222222222,15.584415584415584,0.7012987012987013,8.685185185185185,6.090909090909091,0.15584415584415584,621,948,56
ENN Natural Gas,China,20.0,,18.9,7.8,,,1.0582010582010584,0.39,0.41269841269841273,,280,948,56
Kajima,Japan,18.4,,20.7,8.3,,,0.8888888888888888,0.4510869565217392,0.4009661835748793,,181,948,56
ENN Energy Holdings,China,16.1,,14.5,11.1,,,1.110344827586207,0.6894409937888198,0.7655172413793103,,280,948,56
Acciona,Spain,18.4,,35.0,7.3,,,0.5257142857142857,0.39673913043478265,0.20857142857142857,,21,948,56
UPM-Kymmene,Finland,11.2,,20.0,20.4,,,0.5599999999999999,1.8214285714285714,1.02,,9,948,56
Guangzhou Automobile Group,China,18.3,,30.8,4.6,,,0.5941558441558442,0.2513661202185792,0.14935064935064934,,280,948,56
DaVita,United States,12.3,,17.4,12.3,,,0.706896551724138,1.0,0.706896551724138,,621,948,56
CNPC Capital,China,5.9,,141.0,10.6,,,0.04184397163120568,1.7966101694915253,0.075177304964539,,280,948,56
Constellation Software,Canada,8.8,,11.9,57.6,,,0.7394957983193278,6.545454545454545,4.840336134453781,,59,948,56
Hoya,Japan,5.3,1.3,8.0,42.7,24.528301886792455,16.25,0.6625,8.056603773584907,5.3375,0.1625,181,948,56
Banca Mediolanum,Italy,3.1,,85.4,8.8,,,0.03629976580796253,2.838709677419355,0.10304449648711944,,28,948,56
Amcor,United Kingdom,13.8,,16.7,14.8,,,0.8263473053892216,1.0724637681159421,0.8862275449101797,,66,948,56
Xylem,United States,7.9,,15.9,34.7,,,0.4968553459119497,4.3924050632911396,2.1823899371069184,,621,948,56
Marathon Oil,United States,6.4,1.4,19.7,14.8,21.874999999999996,7.1065989847715745,0.32487309644670054,2.3125,0.751269035532995,0.07106598984771574,621,948,56
International Paper,United States,18.5,,23.0,14.1,,,0.8043478260869565,0.7621621621621621,0.6130434782608696,,621,948,56
El Puerto de Liverpool,Mexico,11.5,1.2,15.3,11.5,10.434782608695652,7.8431372549019605,0.7516339869281046,1.0,0.7516339869281046,0.0784313725490196,14,948,56
EMCOR Group,United States,13.1,,6.7,17.8,,,1.9552238805970148,1.3587786259541985,2.656716417910448,,621,948,56
Old Dominion Freight Line,United States,5.9,1.2,5.7,39.8,20.338983050847457,21.052631578947366,1.0350877192982457,6.745762711864406,6.982456140350877,0.21052631578947367,621,948,56
Vibra Energia,Brazil,33.1,1.1,8.8,5.0,3.3232628398791544,12.5,3.7613636363636362,0.1510574018126888,0.5681818181818181,0.125,26,948,56
ICON (Ireland),Ireland,8.2,,17.0,26.0,,,0.48235294117647054,3.1707317073170733,1.5294117647058822,,23,948,56
US Foods,United States,36.0,,13.4,13.6,,,2.6865671641791042,0.37777777777777777,1.0149253731343284,,621,948,56
Hexagon ,Sweden,5.9,,18.4,29.7,,,0.3206521739130435,5.033898305084746,1.6141304347826089,,25,948,56
Top Frontier Investment Holdings,Philippines,26.0,,47.1,,,,0.5520169851380042,,,,6,948,56
Weyerhaeuser,United States,7.6,,16.8,22.7,,,0.45238095238095233,2.986842105263158,1.351190476190476,,621,948,56
Atmos Energy,United States,4.1,,24.0,17.9,,,0.1708333333333333,4.365853658536586,0.7458333333333332,,621,948,56
Terna,Italy,3.4,,25.9,17.1,,,0.1312741312741313,5.029411764705883,0.6602316602316604,,28,948,56
Assurant,United States,11.4,,26.6,9.1,,,0.42857142857142855,0.7982456140350876,0.3421052631578947,,621,948,56
Cathay Pacific Airways,Hong Kong,12.1,1.3,22.3,7.2,10.743801652892563,5.829596412556054,0.5426008968609866,0.5950413223140496,0.32286995515695066,0.05829596412556054,44,948,56
Korea Gas,South Korea,29.9,,42.4,1.8,,,0.7051886792452831,0.06020066889632107,0.04245283018867925,,61,948,56
LKQ,United States,14.2,,15.3,11.9,,,0.9281045751633986,0.8380281690140846,0.7777777777777778,,621,948,56
XP,Brazil,3.0,,51.3,11.9,,,0.058479532163742694,3.966666666666667,0.23196881091617935,,26,948,56
Asustek Computer,Taiwan,15.7,,15.7,11.9,,,1.0,0.7579617834394905,0.7579617834394905,,41,948,56
Telecom Italia,Italy,17.6,-1.6,68.7,5.7,-9.090909090909092,-2.3289665211062593,0.2561863173216885,0.32386363636363635,0.08296943231441048,-0.023289665211062592,28,948,56
Industrivarden,Sweden,1.0,3.0,16.4,14.7,300.0,18.292682926829272,0.06097560975609757,14.7,0.8963414634146342,0.1829268292682927,25,948,56
Echostar,United States,20.6,-1.8,55.6,4.8,-8.737864077669903,-3.237410071942446,0.3705035971223022,0.23300970873786406,0.08633093525179855,-0.03237410071942446,621,948,56
Krung Thai Bank,Thailand,5.8,1.1,101.9,6.6,18.965517241379313,1.0794896957801767,0.05691854759568204,1.1379310344827587,0.06476938174681059,0.010794896957801767,16,948,56
Vivendi,France,11.4,,42.3,11.3,,,0.2695035460992908,0.9912280701754387,0.2671394799054374,,49,948,56
Cemex,Mexico,17.5,,28.6,11.7,,,0.6118881118881119,0.6685714285714285,0.40909090909090906,,14,948,56
NARI Technology Development,China,7.4,1.0,11.5,25.5,13.513513513513512,8.695652173913043,0.6434782608695653,3.4459459459459456,2.217391304347826,0.08695652173913043,280,948,56
China Tourism Group Duty Free ,China,8.9,,11.1,19.8,,,0.8018018018018018,2.2247191011235956,1.783783783783784,,280,948,56
Equity Residential,United States,2.9,,19.9,25.4,,,0.1457286432160804,8.758620689655173,1.2763819095477387,,621,948,56
Prysmian,Italy,16.3,,14.6,16.8,,,1.1164383561643836,1.030674846625767,1.1506849315068495,,28,948,56
Garmin,Switzerland,5.5,1.4,8.6,32.8,25.454545454545453,16.279069767441857,0.6395348837209303,5.963636363636363,3.8139534883720927,0.1627906976744186,46,948,56
MSCI,United States,2.6,1.2,5.5,40.0,46.15384615384615,21.818181818181817,0.4727272727272727,15.384615384615383,7.2727272727272725,0.21818181818181817,621,948,56
Japan Exchange Group,Japan,1.1,,533.1,12.2,,,0.0020634027386981805,11.09090909090909,0.022885012192834363,,181,948,56
Owens Corning,United States,9.6,1.1,11.3,15.3,11.458333333333334,9.734513274336283,0.8495575221238937,1.5937500000000002,1.3539823008849556,0.09734513274336283,621,948,56
Sun Pharma Industries,India,5.7,1.1,9.6,44.1,19.29824561403509,11.458333333333334,0.59375,7.7368421052631575,4.59375,0.11458333333333334,71,948,56
Amadeus IT Group ,Spain,6.1,1.2,12.1,31.4,19.672131147540984,9.917355371900827,0.5041322314049587,5.147540983606557,2.5950413223140494,0.09917355371900827,21,948,56
Wolters Kluwer,Netherlands,6.0,1.1,10.3,38.3,18.333333333333336,10.679611650485437,0.5825242718446602,6.383333333333333,3.7184466019417473,0.10679611650485438,23,948,56
Bankinter,Spain,5.0,,124.8,7.5,,,0.04006410256410257,1.5,0.06009615384615385,,21,948,56
American Financial Group,United States,7.9,,24.4,11.2,,,0.3237704918032787,1.4177215189873416,0.45901639344262296,,621,948,56
SK Telecom,South Korea,13.4,,22.5,8.1,,,0.5955555555555556,0.6044776119402985,0.36,,61,948,56
Investec,United Kingdom,6.2,1.1,69.9,5.7,17.741935483870968,1.5736766809728182,0.08869814020028612,0.9193548387096774,0.0815450643776824,0.015736766809728183,66,948,56
Chow Tai Fook Jewellery,Hong Kong,12.5,,10.9,13.9,,,1.146788990825688,1.112,1.275229357798165,,44,948,56
Fortive,United States,6.1,,17.5,27.2,,,0.34857142857142853,4.4590163934426235,1.5542857142857143,,621,948,56
Sunshine Insurance Group,China,11.0,,71.8,4.7,,,0.15320334261838442,0.4272727272727273,0.06545961002785516,,280,948,56
First Horizon,United States,4.9,,81.8,8.8,,,0.05990220048899756,1.7959183673469388,0.1075794621026895,,621,948,56
Rexel,France,20.7,,15.1,8.9,,,1.3708609271523178,0.42995169082125606,0.5894039735099338,,49,948,56
Ball,United States,13.3,,19.9,21.8,,,0.6683417085427137,1.6390977443609023,1.0954773869346734,,621,948,56
Caesars Entertainment,United States,11.4,,33.1,7.7,,,0.34441087613293053,0.6754385964912281,0.2326283987915408,,621,948,56
Howmet Aerospace,United States,6.9,,10.4,33.9,,,0.6634615384615384,4.913043478260869,3.2596153846153846,,621,948,56
SMC,Japan,5.4,1.2,13.8,33.8,22.22222222222222,8.695652173913043,0.391304347826087,6.259259259259259,2.4492753623188404,0.08695652173913043,181,948,56
ThyssenKrupp Group,Germany,38.7,-2.5,33.3,3.4,-6.459948320413436,-7.5075075075075075,1.1621621621621623,0.08785529715762273,0.1021021021021021,-0.07507507507507508,50,948,56
Banco Comercial Portugues,Portugal,5.8,,105.6,5.8,,,0.054924242424242424,1.0,0.054924242424242424,,4,948,56
Attijariwafa Bank,Morocco,4.2,,66.8,10.3,,,0.062874251497006,2.4523809523809526,0.1541916167664671,,2,948,56
YPF ,Argentina,18.0,-2.4,26.6,11.5,-13.333333333333334,-9.022556390977442,0.6766917293233082,0.6388888888888888,0.4323308270676692,-0.09022556390977443,3,948,56
Stanley Black & Decker,United States,15.7,,23.9,13.9,,,0.6569037656903766,0.8853503184713376,0.5815899581589958,,621,948,56
SQM,Chile,7.4,2.0,11.7,13.5,27.027027027027025,17.094017094017094,0.6324786324786326,1.8243243243243243,1.153846153846154,0.17094017094017094,7,948,56
Mitsubishi Motors,Japan,19.3,1.1,16.2,4.2,5.699481865284974,6.790123456790124,1.1913580246913582,0.21761658031088082,0.2592592592592593,0.06790123456790124,181,948,56
CJ Corporation,South Korea,31.8,,36.1,3.5,,,0.8808864265927978,0.11006289308176101,0.09695290858725761,,61,948,56
China Galaxy Securities,China,4.2,,93.5,6.7,,,0.044919786096256686,1.5952380952380951,0.07165775401069518,,280,948,56
West Japan Railway,Japan,11.3,,25.0,9.9,,,0.452,0.8761061946902655,0.396,,181,948,56
Chugoku Electric Power,Japan,11.3,,27.3,2.4,,,0.41391941391941395,0.21238938053097342,0.0879120879120879,,181,948,56
Telenor,Norway,7.6,,21.5,16.6,,,0.35348837209302325,2.18421052631579,0.772093023255814,,8,948,56
Universal Health Services,United States,14.7,,14.0,11.9,,,1.05,0.8095238095238095,0.85,,621,948,56
Metro,Canada,15.7,,10.3,12.5,,,1.524271844660194,0.7961783439490446,1.2135922330097086,,59,948,56
Partners Group Holding,Switzerland,2.4,1.1,5.7,36.0,45.833333333333336,19.29824561403509,0.42105263157894735,15.0,6.315789473684211,0.1929824561403509,46,948,56
Hydro One,Canada,5.9,,25.2,17.7,,,0.23412698412698416,2.9999999999999996,0.7023809523809523,,59,948,56
China Southern Airlines,China,22.5,,43.7,7.3,,,0.5148741418764302,0.3244444444444444,0.16704805491990846,,280,948,56
Bayan Resources,Indonesia,3.3,1.0,2.9,39.6,30.303030303030305,34.48275862068966,1.1379310344827587,12.000000000000002,13.655172413793105,0.3448275862068966,9,948,56
Vietin Bank,Vietnam,6.4,,83.8,7.0,,,0.07637231503579953,1.09375,0.08353221957040573,,7,948,56
Olympus,Japan,6.5,1.7,10.1,18.4,26.153846153846157,16.831683168316832,0.6435643564356436,2.8307692307692305,1.8217821782178216,0.16831683168316833,181,948,56
StoneX Group,United States,73.4,,25.7,2.4,,,2.8560311284046698,0.0326975476839237,0.0933852140077821,,621,948,56
Yum China Holdings,China,11.0,,11.3,15.3,,,0.9734513274336283,1.3909090909090909,1.3539823008849556,,280,948,56
Korean Air,South Korea,12.7,,23.2,5.9,,,0.5474137931034483,0.46456692913385833,0.25431034482758624,,61,948,56
Autodesk,United States,5.4,,9.9,47.7,,,0.5454545454545455,8.833333333333334,4.818181818181818,,621,948,56
Towngas,Hong Kong,7.3,,20.7,15.3,,,0.3526570048309179,2.095890410958904,0.7391304347826088,,44,948,56
WESCO International,United States,22.2,,15.5,9.4,,,1.432258064516129,0.42342342342342343,0.6064516129032258,,621,948,56
Westlake Chemical,United States,12.2,,21.0,20.3,,,0.5809523809523809,1.6639344262295084,0.9666666666666667,,621,948,56
Shenzhen Transsion Holding,China,9.8,,6.6,15.3,,,1.484848484848485,1.5612244897959184,2.3181818181818183,,280,948,56
Williams-Sonoma,United States,7.8,,5.3,19.9,,,1.4716981132075473,2.551282051282051,3.7547169811320753,,621,948,56
J.B. Hunt Transport Services,United States,12.5,,8.4,17.0,,,1.4880952380952381,1.36,2.0238095238095237,,621,948,56
Smurfit Kappa Group,Ireland,12.2,,14.6,12.4,,,0.8356164383561644,1.0163934426229508,0.8493150684931507,,23,948,56
Jyske Bank,Denmark,4.5,,111.5,5.1,,,0.04035874439461883,1.1333333333333333,0.045739910313901344,,13,948,56
Cellnex Telecom,Spain,4.3,,47.4,27.1,,,0.09071729957805907,6.302325581395349,0.5717299578059072,,21,948,56
Seazen Group,China,16.8,,53.6,1.6,,,0.31343283582089554,0.09523809523809523,0.029850746268656716,,280,948,56
Forvia,France,29.5,,33.7,3.4,,,0.8753709198813056,0.1152542372881356,0.10089020771513352,,49,948,56
InterGlobe Aviation,India,7.9,,8.8,20.2,,,0.8977272727272727,2.5569620253164556,2.295454545454545,,71,948,56
AutoNation,United States,27.0,,12.0,6.9,,,2.25,0.2555555555555556,0.5750000000000001,,621,948,56
IDEXX Laboratories,United States,3.7,,3.4,44.9,,,1.0882352941176472,12.135135135135133,13.205882352941176,,621,948,56
Sodexo,France,24.5,,16.9,13.7,,,1.4497041420118344,0.5591836734693877,0.8106508875739645,,49,948,56
Dassault Aviation,France,5.2,,25.9,17.6,,,0.2007722007722008,3.3846153846153846,0.6795366795366796,,49,948,56
Grupo De Inversiones Suramericana,Colombia,9.7,1.4,21.9,6.1,14.432989690721651,6.392694063926941,0.4429223744292237,0.6288659793814433,0.2785388127853881,0.0639269406392694,7,948,56
Oriental Land,Japan,4.3,,9.0,48.2,,,0.47777777777777775,11.209302325581396,5.355555555555556,,181,948,56
Adani Ports & Special Economic Zone,India,3.2,,14.3,34.6,,,0.22377622377622378,10.8125,2.4195804195804196,,71,948,56
Piraeus Financial Holdings,Greece,3.7,,83.4,5.2,,,0.04436450839328537,1.4054054054054055,0.06235011990407674,,8,948,56
Performance Food Group,United States,58.0,,13.1,11.5,,,4.427480916030534,0.19827586206896552,0.8778625954198473,,621,948,56
Webster Financial,United States,4.1,,76.2,8.0,,,0.053805774278215215,1.9512195121951221,0.10498687664041995,,621,948,56
iA Financial Corporation,Canada,8.9,,70.2,6.6,,,0.1267806267806268,0.7415730337078651,0.094017094017094,,59,948,56
Gerdau (Cosigua),Brazil,13.4,1.3,15.4,8.0,9.701492537313433,8.441558441558442,0.8701298701298701,0.5970149253731343,0.5194805194805194,0.08441558441558442,26,948,56
Brenntag,Germany,17.7,,11.5,10.9,,,1.5391304347826087,0.6158192090395481,0.9478260869565218,,50,948,56
Hunan Valin Steel,China,22.5,,19.3,5.0,,,1.16580310880829,0.2222222222222222,0.25906735751295334,,280,948,56
Kobe Steel,Japan,17.6,,19.3,4.9,,,0.9119170984455959,0.2784090909090909,0.2538860103626943,,181,948,56
Quest Diagnostics,United States,9.3,,14.0,16.0,,,0.6642857142857144,1.7204301075268815,1.1428571428571428,,621,948,56
Bunzl,United Kingdom,14.7,,11.4,13.0,,,1.289473684210526,0.8843537414965987,1.1403508771929824,,66,948,56
GoDaddy,United States,4.3,1.7,8.0,19.1,39.53488372093023,21.25,0.5375,4.44186046511628,2.3875,0.2125,621,948,56
Compagnie de l'Odet,France,14.8,,57.1,7.0,,,0.25919439579684767,0.47297297297297297,0.12259194395796848,,49,948,56
Pan Pacific International Holdings,Japan,14.2,,9.6,14.7,,,1.4791666666666667,1.0352112676056338,1.53125,,181,948,56
AntarChile,Chile,29.6,,29.7,3.9,,,0.9966329966329968,0.13175675675675674,0.13131313131313133,,7,948,56
Astellas Pharma,Japan,11.1,,23.6,17.2,,,0.4703389830508474,1.5495495495495495,0.7288135593220338,,181,948,56
Huadian Power International,China,16.3,,31.9,6.0,,,0.5109717868338558,0.36809815950920244,0.18808777429467086,,280,948,56
Swatch Group,Switzerland,8.8,,16.9,11.4,,,0.5207100591715977,1.2954545454545454,0.6745562130177516,,46,948,56
Randstad N.V.,Netherlands,26.9,,11.7,9.8,,,2.299145299145299,0.36431226765799263,0.8376068376068377,,23,948,56
Origin Energy,Australia,10.4,1.1,13.0,11.4,10.576923076923077,8.461538461538462,0.8,1.0961538461538463,0.8769230769230769,0.08461538461538462,31,948,56
Jiangsu Eastern Shenghong,China,19.7,,27.9,9.0,,,0.7060931899641577,0.4568527918781726,0.3225806451612903,,280,948,56
ResMed,United States,4.6,,6.8,32.1,,,0.676470588235294,6.978260869565219,4.720588235294118,,621,948,56
BCI-Banco Credito,Chile,5.2,,88.0,6.7,,,0.05909090909090909,1.2884615384615385,0.07613636363636364,,7,948,56
Jiangsu Yanghe Brewery,China,4.0,1.4,10.0,20.4,35.0,13.999999999999998,0.4,5.1,2.04,0.13999999999999999,280,948,56
Bank Of Guiyang,China,4.3,,100.2,2.9,,,0.04291417165668662,0.6744186046511628,0.028942115768463072,,280,948,56
Norsk Hydro,Norway,18.1,,19.6,12.6,,,0.923469387755102,0.6961325966850828,0.6428571428571428,,8,948,56
Zhongyuan Bank,China,7.9,,189.8,1.7,,,0.04162276080084299,0.2151898734177215,0.008956796628029505,,280,948,56
Vipshop Holdings,China,15.9,1.1,10.2,8.0,6.918238993710692,10.784313725490199,1.558823529411765,0.5031446540880503,0.7843137254901962,0.10784313725490198,280,948,56
SinoPac Financial,Taiwan,3.5,,90.3,8.9,,,0.03875968992248062,2.542857142857143,0.09856035437430787,,41,948,56
Industries Qatar,Qatar,3.1,1.4,10.8,20.0,45.16129032258064,12.962962962962962,0.28703703703703703,6.451612903225806,1.8518518518518516,0.12962962962962962,6,948,56
Grupo Galicia,Argentina,19.5,1.0,12.7,6.5,5.128205128205128,7.874015748031496,1.535433070866142,0.3333333333333333,0.5118110236220472,0.07874015748031496,3,948,56
Csc Financial,China,4.5,,73.7,6.9,,,0.06105834464043419,1.5333333333333334,0.09362279511533243,,280,948,56
Datang International Power,China,17.1,,42.9,3.8,,,0.39860139860139865,0.22222222222222218,0.08857808857808858,,280,948,56
Pegatron,Taiwan,37.8,,16.2,8.6,,,2.3333333333333335,0.22751322751322753,0.5308641975308642,,41,948,56
Evolution Gaming Group AB,Sweden,2.0,1.2,5.4,23.3,60.0,22.22222222222222,0.37037037037037035,11.65,4.314814814814815,0.2222222222222222,25,948,56
Keppel,Singapore,5.2,3.0,20.3,8.9,57.692307692307686,14.778325123152708,0.2561576354679803,1.7115384615384615,0.43842364532019706,0.14778325123152708,10,948,56
Olam Group,Singapore,35.9,,25.6,3.3,,,1.4023437499999998,0.09192200557103064,0.12890624999999997,,10,948,56
S-Oil,South Korea,27.2,,16.6,5.9,,,1.6385542168674696,0.21691176470588236,0.35542168674698793,,61,948,56
A2A,Italy,13.8,,19.4,6.9,,,0.7113402061855671,0.5,0.3556701030927836,,28,948,56
China International Capital,China,5.0,,88.0,7.0,,,0.056818181818181816,1.4,0.07954545454545454,,280,948,56
IDBI Bank,India,3.7,,43.7,10.9,,,0.08466819221967964,2.945945945945946,0.2494279176201373,,71,948,56
Dongguan Rural Commercial Bank,China,3.7,,100.0,6.0,,,0.037000000000000005,1.6216216216216215,0.06,,280,948,56
NiSource,United States,5.2,,29.3,13.1,,,0.17747440273037543,2.519230769230769,0.447098976109215,,621,948,56
Helvetia Holding,Switzerland,11.7,,71.9,7.5,,,0.16272600834492348,0.6410256410256411,0.1043115438108484,,46,948,56
Yuexiu Property ,Hong Kong,11.3,,56.6,3.3,,,0.19964664310954064,0.29203539823008845,0.05830388692579505,,44,948,56
Bajaj Auto,India,5.4,,4.7,29.4,,,1.148936170212766,5.444444444444444,6.255319148936169,,71,948,56
Grupo Aval,Colombia,11.3,,79.4,2.9,,,0.14231738035264482,0.2566371681415929,0.036523929471032744,,7,948,56
BAIC Motor,China,28.0,,23.8,2.4,,,1.1764705882352942,0.08571428571428572,0.10084033613445377,,280,948,56
Alstom,France,19.1,,35.9,7.6,,,0.5320334261838441,0.39790575916230364,0.2116991643454039,,49,948,56
Bâloise Group,Switzerland,10.6,,92.0,7.5,,,0.11521739130434783,0.7075471698113208,0.08152173913043478,,46,948,56
Masco,United States,7.9,,5.3,15.5,,,1.4905660377358492,1.9620253164556962,2.9245283018867925,,621,948,56
Gartner,United States,6.0,,7.7,35.0,,,0.7792207792207793,5.833333333333333,4.545454545454545,,621,948,56
Keysight Technologies,United States,5.3,,9.1,27.5,,,0.5824175824175825,5.188679245283019,3.021978021978022,,621,948,56
Evergy,United States,5.5,,31.3,12.7,,,0.1757188498402556,2.309090909090909,0.40575079872204467,,621,948,56
Adyen,Netherlands,2.0,,10.6,41.9,,,0.18867924528301888,20.95,3.952830188679245,,23,948,56
Bank of Chongqing,China,4.3,,108.0,2.4,,,0.03981481481481481,0.5581395348837209,0.022222222222222223,,280,948,56
Ajinomoto,Japan,10.0,,11.7,19.8,,,0.8547008547008548,1.98,1.6923076923076925,,181,948,56
Alpha Bank,Greece,4.7,,80.3,4.4,,,0.05853051058530511,0.9361702127659575,0.05479452054794521,,8,948,56
Solventum,United States,8.2,1.3,14.7,10.8,15.85365853658537,8.843537414965986,0.5578231292517006,1.3170731707317076,0.7346938775510204,0.08843537414965986,621,948,56
Brown & Brown,United States,4.4,,14.8,25.6,,,0.2972972972972973,5.818181818181818,1.7297297297297298,,621,948,56
Sojitz,Japan,16.7,,19.1,6.0,,,0.8743455497382198,0.3592814371257485,0.31413612565445026,,181,948,56
Halyk Bank,Kazakhstan,5.2,1.5,35.5,5.0,28.846153846153843,4.225352112676056,0.14647887323943662,0.9615384615384615,0.14084507042253522,0.04225352112676056,2,948,56
Fanuc,Japan,5.5,,12.7,28.0,,,0.4330708661417323,5.090909090909091,2.204724409448819,,181,948,56
Shriram Transport Finance Co.,India,4.4,,29.8,10.7,,,0.1476510067114094,2.4318181818181817,0.35906040268456374,,71,948,56
Hyundai Marine & Fire,South Korea,11.1,,31.9,1.9,,,0.34796238244514105,0.17117117117117117,0.05956112852664577,,61,948,56
Asahi Kasei,Japan,19.3,,24.2,9.3,,,0.7975206611570248,0.4818652849740933,0.3842975206611571,,181,948,56
Jefferies Financial ,United States,8.4,,60.9,10.0,,,0.13793103448275862,1.1904761904761905,0.16420361247947454,,621,948,56
Labcorp,United States,12.3,,16.5,17.8,,,0.7454545454545455,1.4471544715447153,1.0787878787878789,,621,948,56
Old Mutual,South Africa,11.9,,62.8,2.7,,,0.18949044585987262,0.226890756302521,0.04299363057324841,,12,948,56
Xiamen International Trade Group,China,61.5,,20.5,2.4,,,3.0,0.03902439024390244,0.11707317073170731,,280,948,56
EQT,United States,4.5,,25.4,18.2,,,0.17716535433070868,4.044444444444444,0.7165354330708662,,621,948,56
AGCO,United States,14.0,1.1,13.5,8.2,7.8571428571428585,8.148148148148149,1.037037037037037,0.5857142857142856,0.6074074074074074,0.08148148148148149,621,948,56
NetApp,United States,6.2,,9.4,22.8,,,0.6595744680851063,3.6774193548387095,2.425531914893617,,621,948,56
Voestalpine,Austria,18.4,,18.3,4.9,,,1.0054644808743167,0.266304347826087,0.2677595628415301,,9,948,56
Verisk Analytics,United States,2.7,,4.5,35.9,,,0.6000000000000001,13.296296296296294,7.977777777777778,,621,948,56
Corpay,United States,3.8,,15.8,19.6,,,0.24050632911392403,5.157894736842106,1.240506329113924,,621,948,56
Marfrig Global Foods,Brazil,27.2,,26.2,2.1,,,1.0381679389312977,0.07720588235294118,0.0801526717557252,,26,948,56
Eastman,United States,9.1,,14.7,11.8,,,0.6190476190476191,1.2967032967032968,0.8027210884353743,,621,948,56
Western Alliance Bancorp.,United States,4.6,,77.0,7.2,,,0.05974025974025973,1.565217391304348,0.09350649350649351,,621,948,56
Bank Albilad,Saudi Arabia,2.6,,38.3,11.7,,,0.06788511749347259,4.5,0.30548302872062666,,16,948,56
Leidos,United States,15.7,,12.8,20.1,,,1.2265624999999998,1.2802547770700639,1.5703125,,621,948,56
PGE Polska Grupa Energetyczna,Poland,22.8,-1.2,28.8,4.3,-5.263157894736842,-4.166666666666666,0.7916666666666666,0.18859649122807015,0.14930555555555555,-0.041666666666666664,5,948,56
China Eastern Airlines,China,16.0,-1.2,40.1,5.5,-7.5,-2.9925187032418954,0.399002493765586,0.34375,0.1371571072319202,-0.029925187032418952,280,948,56
Tourmaline Oil,Canada,3.9,1.3,14.8,17.4,33.333333333333336,8.783783783783784,0.2635135135135135,4.461538461538462,1.1756756756756754,0.08783783783783784,59,948,56
Kerry Group,Ireland,8.7,,12.9,14.9,,,0.6744186046511628,1.7126436781609198,1.1550387596899225,,23,948,56
Kingspan Group PLC,Ireland,8.7,,8.8,17.7,,,0.9886363636363634,2.03448275862069,2.0113636363636362,,23,948,56
Zhongsheng Group Holdings,China,25.3,,14.6,4.9,,,1.7328767123287672,0.19367588932806326,0.3356164383561644,,280,948,56
Dongfeng Motor Group,China,14.0,,46.6,3.1,,,0.3004291845493562,0.22142857142857145,0.06652360515021459,,280,948,56
DexCom,United States,3.8,,6.5,52.2,,,0.5846153846153845,13.73684210526316,8.03076923076923,,621,948,56
Mettler-Toledo International,United States,3.8,,3.3,32.5,,,1.1515151515151516,8.552631578947368,9.84848484848485,,621,948,56
HBIS,China,16.7,,36.1,3.2,,,0.46260387811634346,0.19161676646706588,0.0886426592797784,,280,948,56
AGNC Investment,United States,2.9,,71.9,7.3,,,0.04033379694019471,2.5172413793103448,0.1015299026425591,,621,948,56
ZTO Express (Cayman),China,5.5,1.2,12.4,19.3,21.818181818181817,9.67741935483871,0.4435483870967742,3.5090909090909093,1.5564516129032258,0.0967741935483871,280,948,56
Shanghai Electric Group,China,15.8,,38.6,3.4,,,0.40932642487046633,0.2151898734177215,0.08808290155440414,,280,948,56
DoorDash,United States,9.1,,11.4,48.0,,,0.7982456140350876,5.274725274725275,4.2105263157894735,,621,948,56
Tianshan Material,China,13.8,,41.6,7.9,,,0.3317307692307692,0.572463768115942,0.18990384615384615,,280,948,56
Campbell Soup,United States,9.3,,12.1,13.8,,,0.7685950413223142,1.4838709677419355,1.1404958677685952,,621,948,56
Marvell Technology,United States,5.5,,21.2,62.2,,,0.25943396226415094,11.30909090909091,2.9339622641509435,,621,948,56
Bank of Greece,Greece,7.5,,250.2,,,,0.02997601918465228,,,,8,948,56
Expeditors International,United States,8.9,,4.5,16.7,,,1.9777777777777779,1.8764044943820224,3.711111111111111,,621,948,56
Hyundai Glovis,South Korea,19.7,,11.5,5.3,,,1.7130434782608694,0.26903553299492383,0.4608695652173913,,61,948,56
Storebrand,Norway,9.7,,89.0,4.6,,,0.10898876404494381,0.4742268041237113,0.051685393258426963,,8,948,56
Brown-Forman,United States,4.2,,8.2,22.9,,,0.5121951219512195,5.452380952380952,2.7926829268292686,,621,948,56
Foshan Haitian Flavouring and Food,China,3.5,,5.1,29.2,,,0.6862745098039216,8.342857142857143,5.7254901960784315,,280,948,56
Carvana,United States,11.2,,7.0,13.7,,,1.5999999999999999,1.2232142857142858,1.957142857142857,,621,948,56
Wistron,Taiwan,28.5,,14.4,10.0,,,1.9791666666666665,0.3508771929824561,0.6944444444444444,,41,948,56
Alexandria Real Estate Equities,United States,3.0,,37.7,21.7,,,0.07957559681697612,7.233333333333333,0.5755968169761273,,621,948,56
Beijing Enterprises,Hong Kong,10.5,,26.2,4.5,,,0.40076335877862596,0.42857142857142855,0.1717557251908397,,44,948,56
Coca-Cola HBC,Switzerland,11.0,,11.0,12.9,,,1.0,1.1727272727272728,1.1727272727272728,,46,948,56
Rheinmetall,Germany,8.0,,12.5,24.2,,,0.64,3.025,1.936,,50,948,56
Gemdale,China,12.5,,50.9,2.9,,,0.2455795677799607,0.23199999999999998,0.05697445972495088,,280,948,56
First Solar,United States,3.6,1.0,10.8,21.1,27.77777777777778,9.25925925925926,0.3333333333333333,5.861111111111112,1.9537037037037037,0.09259259259259259,621,948,56
Evonik Industries,Germany,16.3,,22.1,10.2,,,0.7375565610859728,0.6257668711656441,0.46153846153846145,,50,948,56
Terumo,Japan,6.4,,12.1,26.0,,,0.5289256198347108,4.0625,2.1487603305785123,,181,948,56
Robinhood Markets,United States,2.1,,46.1,17.7,,,0.0455531453362256,8.428571428571427,0.38394793926247284,,621,948,56
BJ's Wholesale Club,United States,20.0,,6.7,10.6,,,2.9850746268656714,0.53,1.5820895522388059,,621,948,56
Borouge,United Arab Emirates,5.7,1.1,9.2,20.0,19.29824561403509,11.956521739130437,0.6195652173913044,3.508771929824561,2.173913043478261,0.11956521739130437,12,948,56
Bank of Suzhou,China,3.3,,89.7,4.0,,,0.03678929765886287,1.2121212121212122,0.04459308807134894,,280,948,56
Solvay,Belgium,9.9,2.1,7.5,3.9,21.21212121212121,28.000000000000004,1.32,0.3939393939393939,0.52,0.28,9,948,56
Comerica,United States,5.2,,79.4,7.3,,,0.0654911838790932,1.4038461538461537,0.09193954659949621,,621,948,56
Wuxi Apptec,China,5.5,1.5,10.4,15.1,27.27272727272727,14.423076923076922,0.5288461538461539,2.7454545454545456,1.4519230769230769,0.14423076923076922,280,948,56
Far East Horizon,Hong Kong,5.5,,49.6,3.5,,,0.11088709677419355,0.6363636363636364,0.07056451612903225,,44,948,56
Xiamen Xiangyu,China,60.5,,18.5,2.2,,,3.27027027027027,0.03636363636363637,0.11891891891891893,,280,948,56
Ares Management,United States,3.9,,24.4,28.3,,,0.1598360655737705,7.256410256410256,1.1598360655737705,,621,948,56
TUI,Germany,23.5,,17.5,3.6,,,1.3428571428571427,0.15319148936170213,0.2057142857142857,,50,948,56
Epiroc,Sweden,5.7,,7.3,24.6,,,0.7808219178082192,4.315789473684211,3.3698630136986303,,25,948,56
Metropolitan Bank & Trust,Philippines,3.4,,56.7,5.5,,,0.059964726631393295,1.6176470588235294,0.09700176366843033,,6,948,56
Shopify,Canada,7.4,,11.1,75.3,,,0.6666666666666667,10.175675675675675,6.783783783783783,,59,948,56
Next,United Kingdom,6.8,1.0,6.0,14.5,14.705882352941178,16.666666666666664,1.1333333333333333,2.1323529411764706,2.4166666666666665,0.16666666666666666,66,948,56
Church & Dwight,United States,5.9,,8.6,26.0,,,0.6860465116279071,4.406779661016949,3.0232558139534884,,621,948,56
E-mart ,South Korea,22.4,,25.2,1.3,,,0.8888888888888888,0.058035714285714295,0.05158730158730159,,61,948,56
Akzo Nobel,Netherlands,11.5,,15.5,12.0,,,0.7419354838709677,1.0434782608695652,0.7741935483870968,,23,948,56
Rede D'Oro Luiz,Brazil,9.7,,18.2,13.7,,,0.532967032967033,1.4123711340206186,0.7527472527472527,,26,948,56
Obayashi,Japan,16.1,,19.9,8.3,,,0.8090452261306534,0.515527950310559,0.4170854271356785,,181,948,56
STRABAG,Austria,19.1,,15.6,4.5,,,1.2243589743589745,0.23560209424083767,0.2884615384615385,,9,948,56
Grupo Elektra,Mexico,10.8,,26.9,10.5,,,0.4014869888475837,0.9722222222222222,0.39033457249070636,,14,948,56
Valeo,France,23.8,,24.0,3.4,,,0.9916666666666667,0.14285714285714285,0.14166666666666666,,49,948,56
Galaxy Entertainment,Hong Kong,2.9,,11.2,22.4,,,0.25892857142857145,7.724137931034482,2.0,,44,948,56
Qantas Airways,Australia,13.7,1.1,13.2,6.4,8.029197080291972,8.333333333333334,1.0378787878787878,0.4671532846715329,0.4848484848484849,0.08333333333333334,31,948,56
Bawag Group,Austria,3.3,,61.3,5.1,,,0.053833605220228384,1.5454545454545454,0.08319738988580751,,9,948,56
ACWA Power,Saudi Arabia,1.7,,15.3,89.7,,,0.1111111111111111,52.76470588235294,5.862745098039215,,16,948,56
Aristocrat Leisure,Australia,4.3,,6.8,19.6,,,0.6323529411764706,4.558139534883721,2.882352941176471,,31,948,56
Packaging Corp of America,United States,7.8,,8.9,16.4,,,0.8764044943820224,2.1025641025641026,1.842696629213483,,621,948,56
Zions Bancorp,United States,4.8,,87.1,6.6,,,0.055109070034443174,1.375,0.07577497129735936,,621,948,56
FinecoBank,Italy,1.9,,36.8,10.4,,,0.051630434782608696,5.473684210526316,0.28260869565217395,,28,948,56
China Mengniu Dairy,Hong Kong,13.9,,16.2,8.5,,,0.8580246913580247,0.6115107913669064,0.5246913580246914,,44,948,56
Broadridge Financial,United States,6.4,,8.2,24.0,,,0.7804878048780489,3.75,2.9268292682926833,,621,948,56
Aramark,United States,18.3,,12.6,8.8,,,1.4523809523809526,0.48087431693989074,0.6984126984126985,,621,948,56
Lindt & Sprungli,Switzerland,5.8,,9.5,27.3,,,0.6105263157894737,4.706896551724138,2.873684210526316,,46,948,56
Veralto,United States,5.0,,5.7,24.3,,,0.8771929824561403,4.86,4.2631578947368425,,621,948,56
Qilu Bank,China,3.2,,86.5,3.5,,,0.03699421965317919,1.09375,0.04046242774566474,,280,948,56
Jiangsu Hengrui Medicine,China,3.2,,6.4,39.3,,,0.5,12.281249999999998,6.140624999999999,,280,948,56
Hyundai Steel,South Korea,19.3,,26.1,3.1,,,0.7394636015325671,0.16062176165803108,0.11877394636015326,,61,948,56
Teledyne Technologies,United States,5.6,,14.6,19.3,,,0.3835616438356164,3.4464285714285716,1.3219178082191783,,621,948,56
Tokyo Century,Japan,9.3,,42.7,4.8,,,0.21779859484777517,0.5161290322580645,0.11241217798594846,,181,948,56
BBMG,China,13.5,,37.8,1.0,,,0.35714285714285715,0.07407407407407407,0.026455026455026457,,280,948,56
China Jinmao,Hong Kong,10.2,,57.4,1.6,,,0.17770034843205573,0.15686274509803924,0.027874564459930317,,44,948,56
Coloplast,Denmark,3.7,,7.0,27.9,,,0.5285714285714286,7.5405405405405395,3.9857142857142853,,13,948,56
Shin Kong Financial,Taiwan,7.1,,161.4,4.3,,,0.04399008674101611,0.6056338028169014,0.026641883519206936,,41,948,56
Roivant Sciences,United Kingdom,,4.5,7.3,9.1,,61.64383561643836,,,1.2465753424657533,0.6164383561643836,66,948,56
Carlsberg,Denmark,10.7,-5.9,16.6,18.9,-55.14018691588786,-35.54216867469879,0.644578313253012,1.766355140186916,1.1385542168674696,-0.35542168674698793,13,948,56
McCormick,United States,6.7,,12.9,19.9,,,0.5193798449612403,2.970149253731343,1.5426356589147285,,621,948,56
China Steel,Taiwan,11.6,,21.6,11.9,,,0.537037037037037,1.0258620689655173,0.5509259259259259,,41,948,56
Shimao Property Holdings,Hong Kong,8.5,-3.0,76.6,,-35.294117647058826,-3.91644908616188,0.11096605744125328,,,-0.0391644908616188,44,948,56
Banque Cantonale Vaudoise,Switzerland,1.8,,69.9,8.9,,,0.02575107296137339,4.944444444444445,0.1273247496423462,,46,948,56
Ag Anadolu Grubu Holding Anonim Sirketi,Turkey,15.8,,13.3,2.8,,,1.1879699248120301,0.1772151898734177,0.21052631578947367,,10,948,56
Asian Paints,India,4.3,,3.6,32.3,,,1.1944444444444444,7.511627906976744,8.972222222222221,,71,948,56
Wens Foodstuff Group,China,12.8,,13.1,19.5,,,0.9770992366412214,1.5234375,1.4885496183206108,,280,948,56
Credito Emiliano,Italy,3.5,,71.0,3.7,,,0.04929577464788732,1.0571428571428572,0.05211267605633803,,28,948,56
China Merchants Expressway Network & Technology Holdings,China,1.5,,21.8,10.7,,,0.06880733944954129,7.133333333333333,0.49082568807339444,,280,948,56
Annaly Capital Management,United States,6.0,,91.5,10.2,,,0.06557377049180328,1.7,0.11147540983606556,,621,948,56
Latam Airlines,Chile,12.2,,14.9,9.0,,,0.8187919463087248,0.7377049180327869,0.6040268456375839,,7,948,56
Dollarama,Canada,4.3,,4.4,25.4,,,0.9772727272727272,5.906976744186046,5.772727272727272,,59,948,56
Hong Leong Financial,Malaysia,2.5,,69.7,4.2,,,0.035868005738880916,1.6800000000000002,0.06025824964131994,,9,948,56
Chongqing Zhifei Biological Products,China,7.4,1.0,7.4,11.5,13.513513513513512,13.513513513513512,1.0,1.554054054054054,1.554054054054054,0.13513513513513511,280,948,56
China Nuclear Engineering Corporation,China,15.2,,30.3,3.3,,,0.5016501650165016,0.21710526315789475,0.1089108910891089,,280,948,56
Murphy USA,United States,21.3,,4.3,9.2,,,4.953488372093024,0.43192488262910794,2.13953488372093,,621,948,56
Bank of Tianjin,China,5.2,,118.5,1.4,,,0.04388185654008439,0.2692307692307692,0.01181434599156118,,280,948,56
HPB,Croatia,2.5,,55.0,,,,0.045454545454545456,,,,2,948,56
Trina Solar,China,15.3,,18.4,6.0,,,0.8315217391304349,0.39215686274509803,0.32608695652173914,,280,948,56
Hotai Motor,Taiwan,8.9,,15.5,10.8,,,0.5741935483870968,1.2134831460674158,0.6967741935483871,,41,948,56
Korea Shipbuilding & Offshore Engineering,South Korea,17.3,,24.1,7.0,,,0.7178423236514523,0.40462427745664736,0.2904564315352697,,61,948,56
Aeroports de Paris,France,5.9,,21.7,13.6,,,0.27188940092165903,2.3050847457627115,0.6267281105990783,,49,948,56
China Resources Gas Group,Hong Kong,12.9,,17.7,8.0,,,0.728813559322034,0.6201550387596899,0.4519774011299435,,44,948,56
Motor Oil,Greece,14.4,,8.4,3.3,,,1.7142857142857142,0.22916666666666666,0.3928571428571428,,8,948,56
Lumen Technologies,United States,14.1,-10.8,33.2,1.3,-76.59574468085107,-32.53012048192771,0.42469879518072284,0.0921985815602837,0.0391566265060241,-0.3253012048192771,621,948,56
CF Industries Holdings,United States,6.1,1.2,13.9,13.9,19.672131147540984,8.633093525179856,0.4388489208633093,2.278688524590164,1.0,0.08633093525179855,621,948,56
RHB Bank,Malaysia,3.0,,71.5,5.1,,,0.04195804195804196,1.7,0.07132867132867132,,9,948,56
CJ Cheiljedang,South Korea,22.1,,22.5,3.9,,,0.9822222222222223,0.1764705882352941,0.17333333333333334,,61,948,56
DISCO Corp.,Japan,2.1,,3.7,39.1,,,0.5675675675675675,18.61904761904762,10.567567567567567,,181,948,56
Avery Dennison,United States,8.5,,8.3,18.2,,,1.0240963855421685,2.1411764705882352,2.192771084337349,,621,948,56
China Shipbuilding Industry,China,6.9,,27.4,16.3,,,0.2518248175182482,2.36231884057971,0.5948905109489052,,280,948,56
BNK Financial Group,South Korea,6.4,,110.7,2.0,,,0.05781391147244806,0.3125,0.018066847335140017,,61,948,56
Casey's General Stores,United States,14.6,,6.2,12.4,,,2.354838709677419,0.8493150684931507,2.0,,621,948,56
Huntington Ingalls Industries,United States,11.6,,11.2,10.1,,,1.0357142857142858,0.8706896551724138,0.9017857142857143,,621,948,56
Sandoz Group,Switzerland,9.9,,19.4,15.2,,,0.5103092783505155,1.5353535353535352,0.7835051546391752,,46,948,56
Guangdong Haid Group,China,16.1,,6.2,12.0,,,2.5967741935483875,0.7453416149068323,1.9354838709677418,,280,948,56
Lamb Weston Holdings,United States,6.6,1.1,7.2,12.5,16.666666666666668,15.277777777777779,0.9166666666666666,1.893939393939394,1.7361111111111112,0.1527777777777778,621,948,56
LG Display,South Korea,16.8,-1.7,26.8,3.8,-10.119047619047619,-6.343283582089552,0.6268656716417911,0.22619047619047616,0.1417910447761194,-0.06343283582089553,61,948,56
New World Development,Hong Kong,9.3,,60.2,3.2,,,0.15448504983388706,0.3440860215053763,0.053156146179401995,,44,948,56
Zhuhai Huafa Properties,China,9.0,,63.6,3.1,,,0.14150943396226415,0.34444444444444444,0.04874213836477988,,280,948,56
JDE Peet's,Netherlands,8.9,,25.9,11.8,,,0.34362934362934366,1.3258426966292136,0.45559845559845563,,23,948,56
Rithm Capital,United States,4.0,,42.1,5.5,,,0.09501187648456057,1.375,0.13064133016627077,,621,948,56
Unibail-Rodamco-Westfield ,France,3.3,-1.8,59.2,12.0,-54.545454545454554,-3.0405405405405403,0.055743243243243236,3.6363636363636367,0.2027027027027027,-0.030405405405405404,49,948,56
Shenwan Hongyuan Group,China,3.3,,86.9,5.2,,,0.03797468354430379,1.575757575757576,0.05983889528193326,,280,948,56
Invitation Homes,United States,2.6,,19.2,21.7,,,0.13541666666666669,8.346153846153845,1.1302083333333333,,621,948,56
Sumitomo Chemical,Japan,16.9,-2.2,26.0,3.4,-13.017751479289943,-8.461538461538462,0.6499999999999999,0.20118343195266272,0.13076923076923078,-0.08461538461538462,181,948,56
Toray Industries,Japan,17.0,,22.9,8.1,,,0.7423580786026202,0.4764705882352941,0.3537117903930131,,181,948,56
Alliant Energy,United States,4.0,,21.2,13.3,,,0.18867924528301888,3.325,0.6273584905660378,,621,948,56
Transurban Group,Australia,2.8,,24.8,25.7,,,0.1129032258064516,9.178571428571429,1.036290322580645,,31,948,56
China Communications Services,China,21.0,,17.2,3.4,,,1.2209302325581395,0.1619047619047619,0.19767441860465115,,280,948,56
Sinotruk Hong Kong,China,12.1,,17.2,7.1,,,0.7034883720930233,0.5867768595041322,0.4127906976744186,,280,948,56
Commercial Bank of Qatar ,Qatar,3.4,,45.7,4.6,,,0.07439824945295404,1.352941176470588,0.10065645514223194,,6,948,56
Hubei Biocause Pharmaceutical,China,11.8,,39.0,1.7,,,0.3025641025641026,0.14406779661016947,0.04358974358974359,,280,948,56
China International Marine,China,18.6,,23.8,4.6,,,0.7815126050420168,0.24731182795698922,0.19327731092436973,,280,948,56
Secom,Japan,8.0,,13.7,13.5,,,0.5839416058394161,1.6875,0.9854014598540146,,181,948,56
ASM International,Netherlands,2.8,,4.9,34.8,,,0.5714285714285714,12.428571428571429,7.10204081632653,,23,948,56
Lundbergs,Sweden,2.2,,21.4,13.2,,,0.10280373831775702,5.999999999999999,0.616822429906542,,25,948,56
Avnet,United States,24.7,,12.3,4.8,,,2.0081300813008127,0.19433198380566802,0.39024390243902435,,621,948,56
Kao ,Japan,10.7,,11.7,20.8,,,0.9145299145299145,1.94392523364486,1.777777777777778,,181,948,56
Concordia Financial Group,Japan,2.5,,161.1,6.7,,,0.015518311607697084,2.68,0.041589075108628186,,181,948,56
Globe Life,United States,5.5,1.0,28.6,7.9,18.181818181818183,3.4965034965034962,0.1923076923076923,1.4363636363636365,0.2762237762237762,0.03496503496503496,621,948,56
Siam Cement,Thailand,14.1,,25.7,8.3,,,0.5486381322957199,0.5886524822695036,0.3229571984435798,,16,948,56
Deckers Outdoor,United States,4.1,,3.3,22.8,,,1.2424242424242424,5.560975609756098,6.90909090909091,,621,948,56
Suntory Beverage & Food,Japan,11.2,,13.1,11.3,,,0.8549618320610687,1.0089285714285716,0.8625954198473283,,181,948,56
WSP,Canada,10.8,,11.7,19.0,,,0.9230769230769232,1.759259259259259,1.623931623931624,,59,948,56
Wharf Real Estate Investment,Hong Kong,1.7,,31.4,10.6,,,0.054140127388535034,6.235294117647059,0.3375796178343949,,44,948,56
BIM Birlesik Magazalar,Turkey,13.8,,5.0,9.0,,,2.7600000000000002,0.6521739130434783,1.8,,10,948,56
Lear,United States,23.6,,14.9,7.4,,,1.5838926174496646,0.3135593220338983,0.4966442953020134,,621,948,56
SSAB,United States,10.8,1.1,10.6,5.7,10.185185185185187,10.37735849056604,1.0188679245283019,0.5277777777777778,0.5377358490566038,0.1037735849056604,621,948,56
Korea Investment Holdings,South Korea,4.1,,72.3,3.0,,,0.056708160442600276,0.7317073170731708,0.04149377593360996,,61,948,56
Hyundai Engineering,South Korea,24.4,,18.1,2.8,,,1.3480662983425413,0.11475409836065574,0.15469613259668505,,61,948,56
Charoen Pokphand Group,Thailand,16.5,,24.8,4.9,,,0.6653225806451613,0.296969696969697,0.19758064516129034,,16,948,56
Goodyear,United States,19.7,,22.0,3.7,,,0.8954545454545454,0.18781725888324874,0.16818181818181818,,621,948,56
Military Commercial Joint Stock Bank,Vietnam,3.5,,36.3,4.8,,,0.09641873278236915,1.3714285714285714,0.1322314049586777,,7,948,56
Wintrust Financial,United States,3.8,,57.6,6.3,,,0.06597222222222222,1.6578947368421053,0.109375,,621,948,56
Jones Lang LaSalle,United States,21.2,,15.5,9.8,,,1.367741935483871,0.4622641509433963,0.6322580645161291,,621,948,56
Carlisle Cos,United States,5.0,,6.6,19.9,,,0.7575757575757576,3.9799999999999995,3.015151515151515,,621,948,56
Snap-on,United States,5.1,1.0,7.7,14.7,19.607843137254903,12.987012987012985,0.6623376623376622,2.8823529411764706,1.909090909090909,0.12987012987012986,621,948,56
Fukuoka Financial Group,Japan,2.8,,215.7,5.2,,,0.012980992118683357,1.8571428571428574,0.024107556791840522,,181,948,56
CBOE Global Markets,United States,3.7,,8.2,19.3,,,0.451219512195122,5.216216216216216,2.353658536585366,,621,948,56
Genmab,Denmark,2.6,,5.3,19.4,,,0.4905660377358491,7.461538461538461,3.660377358490566,,13,948,56
Booz Allen Hamilton Holding,United States,10.3,,6.5,19.8,,,1.5846153846153848,1.9223300970873787,3.0461538461538464,,621,948,56
Advanced Info Service,Thailand,5.5,,12.5,17.1,,,0.44,3.1090909090909093,1.368,,16,948,56
BorgWarner,United States,15.3,,14.1,8.5,,,1.0851063829787235,0.5555555555555556,0.6028368794326241,,621,948,56
New York Community Bancorp,United States,6.7,-2.4,112.9,3.0,-35.82089552238806,-2.1257750221434897,0.05934455270150576,0.44776119402985076,0.026572187776793623,-0.021257750221434897,621,948,56
Old Republic International,United States,7.5,,21.1,8.8,,,0.3554502369668246,1.1733333333333333,0.4170616113744076,,621,948,56
Hubbell,United States,5.5,,6.9,21.1,,,0.7971014492753623,3.8363636363636364,3.057971014492754,,621,948,56
Lotte Chemical,South Korea,15.2,,26.1,3.7,,,0.582375478927203,0.24342105263157898,0.1417624521072797,,61,948,56
Moderna,United States,5.1,-6.0,16.7,50.9,-117.64705882352942,-35.92814371257485,0.3053892215568862,9.980392156862745,3.0479041916167664,-0.3592814371257485,621,948,56
Colruyt,Belgium,10.8,1.1,7.1,5.6,10.185185185185187,15.492957746478876,1.5211267605633805,0.5185185185185185,0.7887323943661971,0.15492957746478875,9,948,56
China Longyuan Power,China,5.2,,32.8,7.4,,,0.1585365853658537,1.4230769230769231,0.225609756097561,,280,948,56
Hyatt Hotels,United States,7.2,,11.7,15.1,,,0.6153846153846154,2.0972222222222223,1.2905982905982907,,621,948,56
Bank of Qingdao,China,3.6,,86.2,2.0,,,0.04176334106728538,0.5555555555555556,0.02320185614849188,,280,948,56
SGS,Switzerland,7.4,,8.0,16.8,,,0.925,2.27027027027027,2.1,,46,948,56
Cleveland-Cliffs,United States,21.9,,17.2,8.3,,,1.2732558139534884,0.3789954337899544,0.4825581395348838,,621,948,56
Bath & Body Works,United States,7.4,,5.5,11.2,,,1.3454545454545455,1.5135135135135134,2.036363636363636,,621,948,56
Empire,Canada,22.8,,12.4,6.3,,,1.8387096774193548,0.2763157894736842,0.5080645161290323,,59,948,56
Ultrapar Participacoes,Brazil,25.5,,7.4,5.3,,,3.4459459459459456,0.20784313725490194,0.7162162162162161,,26,948,56
Vietnam Technological & Commercial Joint Stock Bank,Vietnam,3.0,,35.7,6.9,,,0.08403361344537814,2.3000000000000003,0.19327731092436976,,7,948,56
Guangzhou Rural Commercial Bank,China,6.1,,185.4,2.6,,,0.032901833872707655,0.42622950819672134,0.014023732470334413,,280,948,56
LG ,South Korea,5.0,,22.7,9.3,,,0.22026431718061676,1.86,0.40969162995594716,,61,948,56
Check Point Software,Israel,2.4,,5.5,17.1,,,0.43636363636363634,7.125000000000001,3.1090909090909093,,12,948,56
CIFI Holdings Group,China,10.1,-1.3,42.5,,-12.871287128712872,-3.058823529411765,0.2376470588235294,,,-0.03058823529411765,280,948,56
Bank of Guizhou,China,3.5,,81.3,2.8,,,0.04305043050430504,0.7999999999999999,0.03444034440344403,,280,948,56
VeriSign,United States,1.5,,1.7,17.0,,,0.8823529411764706,11.333333333333334,10.0,,621,948,56
Vertiv Holdings,United States,7.0,,7.6,36.2,,,0.9210526315789475,5.171428571428572,4.7631578947368425,,621,948,56
Ningxia Baofeng Energy Group,China,4.2,,10.2,17.2,,,0.411764705882353,4.095238095238095,1.6862745098039216,,280,948,56
Stora Enso,Finland,9.6,,21.9,11.8,,,0.4383561643835617,1.2291666666666667,0.5388127853881279,,9,948,56
KPN,Netherlands,5.9,,13.5,15.0,,,0.43703703703703706,2.542372881355932,1.1111111111111112,,23,948,56
Shenzhen Inovance Technology,China,4.5,,7.0,22.5,,,0.6428571428571429,5.0,3.2142857142857144,,280,948,56
Chiba Bank,Japan,2.0,,140.9,6.1,,,0.014194464158977998,3.05,0.043293115684882894,,181,948,56
China Development Bank Financial Leasing,China,3.7,,57.8,3.6,,,0.06401384083044984,0.9729729729729729,0.06228373702422146,,280,948,56
First Pacific,Hong Kong,10.5,,27.4,2.0,,,0.3832116788321168,0.19047619047619047,0.07299270072992702,,44,948,56
Prada,Italy,5.1,,8.4,19.8,,,0.6071428571428571,3.882352941176471,2.357142857142857,,28,948,56
Albemarle,United States,8.4,,19.0,15.4,,,0.4421052631578948,1.8333333333333333,0.8105263157894737,,621,948,56
Cosmo Energy Holdings,Japan,18.9,,14.6,4.1,,,1.2945205479452053,0.21693121693121692,0.28082191780821913,,181,948,56
Equifax,United States,5.4,,12.3,30.7,,,0.43902439024390244,5.685185185185185,2.495934959349593,,621,948,56
AppLovin,United States,3.6,,5.3,27.1,,,0.679245283018868,7.527777777777778,5.113207547169812,,621,948,56
Knorr-Bremse,Germany,8.7,,9.5,13.0,,,0.9157894736842105,1.4942528735632186,1.368421052631579,,50,948,56
Grupo Bolivar,Colombia,8.4,,52.0,1.4,,,0.16153846153846155,0.16666666666666666,0.02692307692307692,,7,948,56
Brighthouse Financial,United States,2.9,-1.1,238.8,2.8,-37.931034482758626,-0.46063651591289784,0.012144053601340032,0.9655172413793103,0.011725293132328308,-0.0046063651591289785,621,948,56
Bank of East Asia,Hong Kong,5.7,,110.2,3.6,,,0.05172413793103448,0.631578947368421,0.032667876588021776,,44,948,56
Schaeffler,Germany,17.6,,18.7,4.6,,,0.9411764705882354,0.2613636363636363,0.2459893048128342,,50,948,56
Japan Airlines,Japan,11.4,,17.5,7.6,,,0.6514285714285715,0.6666666666666666,0.4342857142857143,,181,948,56
AECOM,United States,15.3,,11.5,12.2,,,1.3304347826086957,0.7973856209150326,1.0608695652173912,,621,948,56
Shionogi,Japan,3.0,1.1,9.4,12.5,36.66666666666667,11.702127659574469,0.3191489361702127,4.166666666666667,1.3297872340425532,0.11702127659574468,181,948,56
Unicharm,Japan,6.6,,7.7,19.2,,,0.8571428571428571,2.909090909090909,2.4935064935064934,,181,948,56
Taishin Financial Holdings,Taiwan,3.6,,100.1,7.3,,,0.03596403596403597,2.0277777777777777,0.07292707292707293,,41,948,56
Bandai Namco Holdings,Japan,7.3,,6.4,13.2,,,1.140625,1.8082191780821917,2.0624999999999996,,181,948,56
Geberit,Switzerland,3.4,,4.2,20.6,,,0.8095238095238094,6.058823529411765,4.904761904761905,,46,948,56
Veeva Systems,United States,2.4,,5.9,34.0,,,0.4067796610169491,14.166666666666668,5.762711864406779,,621,948,56
"Hangzhou Binjiang Real Estate Group Co., Ltd.",China,10.1,,39.2,4.4,,,0.2576530612244898,0.4356435643564357,0.11224489795918367,,280,948,56
CrowdStrike,United States,3.1,,6.6,84.1,,,0.4696969696969697,27.129032258064512,12.742424242424242,,621,948,56
"Sumitomo Forestry Co.,",Japan,12.5,,12.7,7.8,,,0.984251968503937,0.624,0.6141732283464567,,181,948,56
Anhui Gujing Distillery,China,2.6,,5.6,19.5,,,0.46428571428571436,7.5,3.482142857142857,,280,948,56
News Corp,United States,9.9,,16.5,15.0,,,0.6,1.5151515151515151,0.9090909090909091,,621,948,56
Banca Popolare di Sondrio,Italy,2.9,,61.3,4.0,,,0.04730831973898858,1.3793103448275863,0.06525285481239805,,28,948,56
SS&C Technologies,United States,5.6,,17.4,15.8,,,0.3218390804597701,2.8214285714285716,0.9080459770114944,,621,948,56
Ventas,United States,4.6,,24.7,19.8,,,0.18623481781376516,4.304347826086957,0.8016194331983806,,621,948,56
Wheaton Precious Metals,Canada,1.1,,7.2,25.9,,,0.1527777777777778,23.545454545454543,3.597222222222222,,59,948,56
CPFL Energia,Brazil,8.1,1.1,15.1,7.7,13.580246913580249,7.284768211920531,0.5364238410596026,0.9506172839506174,0.5099337748344371,0.07284768211920531,26,948,56
MTN Group,South Africa,12.0,,23.8,8.6,,,0.5042016806722689,0.7166666666666667,0.36134453781512604,,12,948,56
Skyworks Solutions,United States,4.5,,8.3,15.0,,,0.5421686746987951,3.3333333333333335,1.8072289156626504,,621,948,56
Sime Darby,Malaysia,11.9,,12.2,4.2,,,0.9754098360655739,0.35294117647058826,0.34426229508196726,,9,948,56
Group 1 Automotive,United States,18.2,,8.5,4.3,,,2.1411764705882352,0.23626373626373626,0.5058823529411764,,621,948,56
Dr. Sulaiman Al-Habib Medical Services Group,Saudi Arabia,2.6,,4.5,27.7,,,0.5777777777777778,10.653846153846153,6.155555555555555,,16,948,56
Nan Ya Plastics,Taiwan,8.0,,20.4,13.9,,,0.3921568627450981,1.7375,0.6813725490196079,,41,948,56
PTT Global Chemical,Thailand,17.9,,20.4,4.7,,,0.8774509803921569,0.2625698324022347,0.2303921568627451,,16,948,56
Sasol,South Africa,14.9,,23.4,4.7,,,0.6367521367521368,0.31543624161073824,0.20085470085470086,,12,948,56
Genworth Financial,United States,7.0,,70.9,2.9,,,0.09873060648801127,0.41428571428571426,0.04090267983074753,,621,948,56
Macy's,United States,23.9,,17.4,5.4,,,1.3735632183908046,0.2259414225941423,0.31034482758620696,,621,948,56
Falabella,Chile,13.1,,24.8,7.8,,,0.5282258064516129,0.5954198473282443,0.31451612903225806,,7,948,56
Fuyao Glass Industry Group,China,4.7,,8.0,15.8,,,0.5875,3.3617021276595747,1.975,,280,948,56
U-Haul Holding,United States,5.7,,19.0,13.5,,,0.3,2.3684210526315788,0.7105263157894737,,621,948,56
Tata Power Company,India,7.4,,16.7,16.7,,,0.44311377245508987,2.2567567567567566,1.0,,71,948,56
West Pharmaceutical Services,United States,2.9,,3.6,25.9,,,0.8055555555555555,8.931034482758621,7.194444444444444,,621,948,56
World Fuel Services,United States,46.2,,7.2,1.5,,,6.416666666666667,0.032467532467532464,0.20833333333333331,,621,948,56
Goodman Group,Australia,1.3,,15.7,43.6,,,0.08280254777070065,33.53846153846154,2.777070063694268,,31,948,56
United Therapeutics,United States,2.5,1.1,6.5,12.2,44.00000000000001,16.923076923076923,0.38461538461538464,4.88,1.876923076923077,0.16923076923076924,621,948,56
Banca Transilvania,Romania,2.9,,38.2,5.2,,,0.07591623036649214,1.793103448275862,0.13612565445026178,,1,948,56
Qinghai Salt Lake Industry,China,2.6,,6.5,13.2,,,0.4,5.076923076923077,2.0307692307692307,,280,948,56
Shengjing Bank,China,5.7,,152.3,,,,0.03742613263296126,,,,280,948,56
Cadence Bank,United States,2.5,,48.3,5.4,,,0.051759834368530024,2.16,0.11180124223602486,,621,948,56
NAURA Technology GroupLtd,China,3.3,,7.8,21.4,,,0.4230769230769231,6.484848484848484,2.7435897435897436,,280,948,56
Wynn Resorts,United States,7.0,,13.5,10.8,,,0.5185185185185185,1.542857142857143,0.8,,621,948,56
Brambles,Australia,6.4,,8.8,13.3,,,0.7272727272727273,2.078125,1.5113636363636362,,31,948,56
Chesapeake Energy,United States,4.7,1.1,14.0,12.0,23.404255319148938,7.8571428571428585,0.33571428571428574,2.553191489361702,0.8571428571428571,0.07857142857142858,621,948,56
Iveco Group,Italy,17.5,,19.9,3.4,,,0.8793969849246231,0.19428571428571428,0.17085427135678394,,28,948,56
Mebuki Financial Group,Japan,1.9,,143.9,3.9,,,0.01320361362056984,2.0526315789473686,0.02710215427380125,,181,948,56
Royalty Pharma,United States,2.2,,16.1,12.3,,,0.13664596273291926,5.590909090909091,0.7639751552795031,,621,948,56
Sonova Holding,Switzerland,4.1,,6.4,19.1,,,0.6406249999999999,4.658536585365854,2.984375,,46,948,56
Chailease Holding,Taiwan,3.2,,30.1,7.6,,,0.10631229235880399,2.3749999999999996,0.25249169435215946,,41,948,56
Shanghai Commercial & Savings Bank,Taiwan,3.0,,75.8,6.9,,,0.0395778364116095,2.3000000000000003,0.09102902374670185,,41,948,56
Bank OZK,United States,2.4,,36.0,5.6,,,0.06666666666666667,2.3333333333333335,0.15555555555555556,,621,948,56
China Huarong Asset Management,China,5.3,,136.5,3.9,,,0.03882783882783883,0.7358490566037736,0.02857142857142857,,280,948,56
Popular,United States,4.0,,70.9,6.6,,,0.05641748942172073,1.65,0.0930888575458392,,621,948,56
Fair Isaac,United States,1.6,,1.7,34.9,,,0.9411764705882354,21.812499999999996,20.52941176470588,,621,948,56
Chang Hwa Bank,Taiwan,2.8,,94.7,6.2,,,0.02956705385427666,2.2142857142857144,0.06546990496304118,,41,948,56
Zoom Video Communications,United States,4.5,,9.9,19.9,,,0.45454545454545453,4.422222222222222,2.01010101010101,,621,948,56
InterContinental Hotels,United Kingdom,4.6,,4.8,16.1,,,0.9583333333333333,3.5000000000000004,3.354166666666667,,66,948,56
HMM,South Korea,6.6,,20.4,8.2,,,0.3235294117647059,1.2424242424242424,0.4019607843137255,,61,948,56
Migdal Insurance,Israel,7.5,,53.0,1.3,,,0.14150943396226415,0.17333333333333334,0.024528301886792454,,12,948,56
Shizuoka Financial Group,Japan,2.3,,106.7,5.6,,,0.021555763823805058,2.4347826086956523,0.05248359887535145,,181,948,56
Titan (India),India,6.2,,3.8,35.8,,,1.6315789473684212,5.774193548387096,9.421052631578947,,71,948,56
Waters,United States,2.9,,4.5,21.1,,,0.6444444444444444,7.275862068965518,4.688888888888889,,621,948,56
Moncler SpA,Italy,3.2,,5.5,18.8,,,0.5818181818181819,5.875,3.4181818181818184,,28,948,56
Shenzhen Overseas,China,7.6,,50.4,3.4,,,0.15079365079365079,0.4473684210526316,0.06746031746031746,,280,948,56
Old National Bank,United States,2.6,,49.5,5.6,,,0.05252525252525253,2.1538461538461537,0.11313131313131312,,621,948,56
Rajesh Exports,India,36.9,,2.3,1.1,,,16.043478260869566,0.029810298102981032,0.47826086956521746,,71,948,56
Snowflake,United States,2.8,,8.2,54.1,,,0.34146341463414637,19.321428571428573,6.597560975609757,,621,948,56
TMBThanachart Bank,Thailand,2.8,,49.5,4.7,,,0.05656565656565656,1.6785714285714288,0.09494949494949495,,16,948,56
Whirlpool,United States,19.3,,17.4,5.0,,,1.1091954022988506,0.25906735751295334,0.2873563218390805,,621,948,56
Watsco,United States,7.3,,4.4,19.2,,,1.659090909090909,2.6301369863013697,4.363636363636363,,621,948,56
Hellenic Petroleum,Greece,14.1,,9.0,2.8,,,1.5666666666666667,0.19858156028368792,0.3111111111111111,,8,948,56
Cullen/Frost Bankers,United States,2.7,,49.5,6.8,,,0.05454545454545455,2.518518518518518,0.13737373737373737,,621,948,56
Harbin Bank,China,4.7,,114.8,,,,0.04094076655052265,,,,280,948,56
Alfa Laval,Sweden,6.1,,8.0,18.7,,,0.7625,3.0655737704918034,2.3375,,25,948,56
FCC,Spain,9.8,,18.5,6.6,,,0.5297297297297298,0.6734693877551019,0.3567567567567567,,21,948,56
Doosan,South Korea,14.6,,21.8,2.1,,,0.6697247706422018,0.14383561643835618,0.0963302752293578,,61,948,56
Emera,Canada,5.0,,29.6,10.5,,,0.16891891891891891,2.1,0.3547297297297297,,59,948,56
China Resources Beer (Holdings),Hong Kong,5.5,,10.1,15.4,,,0.5445544554455446,2.8000000000000003,1.5247524752475248,,44,948,56
Commercial Bank Dubai,United Arab Emirates,2.2,,35.1,5.3,,,0.06267806267806268,2.4090909090909087,0.150997150997151,,12,948,56
JM Smucker,United States,8.2,,20.2,12.2,,,0.4059405940594059,1.4878048780487805,0.6039603960396039,,621,948,56
RPM International,United States,7.3,,6.4,14.6,,,1.140625,2.0,2.28125,,621,948,56
Pinnacle Financial Partners,United States,2.8,,48.9,6.4,,,0.05725971370143149,2.285714285714286,0.130879345603272,,621,948,56
AviChina Industry & Technology,China,11.9,,26.1,4.0,,,0.4559386973180076,0.3361344537815126,0.1532567049808429,,280,948,56
Virgin Money UK,United Kingdom,5.0,,112.0,3.5,,,0.044642857142857144,0.7,0.03125,,66,948,56
C.H. Robinson,United States,17.4,,5.5,9.8,,,3.1636363636363636,0.5632183908045978,1.781818181818182,,621,948,56
Hokuhoku Financial Group,Japan,1.1,,108.2,1.7,,,0.010166358595194085,1.5454545454545452,0.015711645101663584,,181,948,56
NOV,United States,8.8,,11.3,7.5,,,0.7787610619469026,0.8522727272727272,0.663716814159292,,621,948,56
Unicaja Banco,Spain,3.3,,107.3,3.8,,,0.03075489282385834,1.1515151515151516,0.035414725069897485,,21,948,56
Chandra Asri Petrochemical,Indonesia,2.1,,5.4,49.3,,,0.3888888888888889,23.476190476190474,9.129629629629628,,9,948,56
Stifel Financial,United States,5.3,,38.3,8.5,,,0.13838120104438642,1.6037735849056605,0.22193211488250655,,621,948,56
Haitong Securities,China,5.6,,106.4,6.9,,,0.05263157894736842,1.2321428571428572,0.06484962406015038,,280,948,56
Gen Digital,United States,3.8,,15.8,15.7,,,0.24050632911392403,4.131578947368421,0.9936708860759492,,621,948,56
Covestro,Germany,15.3,,14.8,9.9,,,1.0337837837837838,0.6470588235294118,0.6689189189189189,,50,948,56
Metro Group,Germany,33.1,,12.4,2.0,,,2.6693548387096775,0.060422960725075525,0.16129032258064516,,50,948,56
Inner Mongolia Baotou Steel,China,9.7,,21.1,10.1,,,0.45971563981042646,1.041237113402062,0.47867298578199047,,280,948,56
Palantir Technologies,United States,2.3,,4.8,48.5,,,0.47916666666666663,21.086956521739133,10.104166666666668,,621,948,56
Asbury Automotive Group,United States,15.4,,10.1,4.9,,,1.5247524752475248,0.3181818181818182,0.4851485148514852,,621,948,56
Fortum,Finland,7.0,-2.3,20.5,14.3,-32.857142857142854,-11.21951219512195,0.34146341463414637,2.042857142857143,0.6975609756097562,-0.1121951219512195,9,948,56
Mirae Asset Financial Group,South Korea,5.1,,101.4,3.4,,,0.050295857988165674,0.6666666666666667,0.03353057199211045,,61,948,56
Ayala Corp,Philippines,5.4,,29.2,6.7,,,0.18493150684931509,1.2407407407407407,0.22945205479452055,,6,948,56
Atlassian,United States,4.2,,5.1,46.8,,,0.823529411764706,11.142857142857142,9.176470588235293,,621,948,56
Jio Financial Services,India,,,17.4,27.2,,,,,1.5632183908045978,,71,948,56
PT Amman Mineral Internasional,Indonesia,2.0,,9.9,46.6,,,0.20202020202020202,23.3,4.707070707070707,,9,948,56
SLM,United States,3.1,,28.3,4.6,,,0.10954063604240283,1.4838709677419353,0.1625441696113074,,621,948,56
Trade Desk,United States,2.1,,4.7,46.4,,,0.44680851063829785,22.095238095238095,9.872340425531915,,621,948,56
Hachijuni Bank,Japan,1.4,,98.0,3.2,,,0.014285714285714285,2.285714285714286,0.0326530612244898,,181,948,56
New Hope Liuhe,China,18.3,,17.5,6.1,,,1.0457142857142858,0.3333333333333333,0.34857142857142853,,280,948,56
SBA Communications,United States,2.7,,10.0,21.4,,,0.27,7.925925925925925,2.1399999999999997,,621,948,56
Electric Power Development,Japan,8.7,,23.0,3.0,,,0.3782608695652174,0.3448275862068966,0.13043478260869565,,181,948,56
Autoliv,Sweden,10.6,,8.3,10.2,,,1.2771084337349397,0.9622641509433962,1.2289156626506021,,25,948,56
United Natural Foods,United States,30.3,,7.7,,,,3.935064935064935,,,,621,948,56
Midea Real Estate Holding,China,10.5,,28.4,1.0,,,0.36971830985915494,0.09523809523809523,0.035211267605633804,,280,948,56
Anhui Construction Engineering Group,China,12.3,,23.2,1.2,,,0.5301724137931035,0.09756097560975609,0.05172413793103448,,280,948,56
Compal Electronics,Taiwan,29.8,,13.8,5.0,,,2.1594202898550723,0.16778523489932887,0.36231884057971014,,41,948,56
Avenue Supermarts,India,6.1,,2.5,36.6,,,2.44,6.000000000000001,14.64,,71,948,56
Beijing Shougang,China,15.9,,19.0,3.5,,,0.8368421052631579,0.22012578616352202,0.18421052631578946,,280,948,56
BAC Holding International,Colombia,3.8,,36.3,2.9,,,0.1046831955922865,0.7631578947368421,0.07988980716253444,,7,948,56
Synovus,United States,3.5,,59.8,5.9,,,0.05852842809364549,1.6857142857142857,0.09866220735785955,,621,948,56
DCC,Ireland,24.9,,12.0,7.4,,,2.0749999999999997,0.29718875502008035,0.6166666666666667,,23,948,56
Link REIT,Hong Kong,1.7,,32.4,11.9,,,0.05246913580246914,7.0,0.36728395061728397,,44,948,56
Japan Securities,Japan,,,90.8,,,,,,,,181,948,56
Iron Mountain,United States,5.6,,17.8,24.0,,,0.3146067415730337,4.285714285714286,1.348314606741573,,621,948,56
SKF Group,Sweden,9.6,,11.2,9.9,,,0.8571428571428572,1.03125,0.8839285714285715,,25,948,56
D'Ieteren,Belgium,8.6,,8.0,11.4,,,1.075,1.3255813953488373,1.425,,9,948,56
Thai Beverage,Thailand,7.9,,13.6,9.2,,,0.5808823529411765,1.1645569620253162,0.676470588235294,,16,948,56
Zheshang Development Group,China,28.5,,6.5,,,,4.384615384615385,,,,280,948,56
Altice USA,United States,9.2,,31.9,1.0,,,0.2884012539184953,0.10869565217391305,0.031347962382445145,,621,948,56
Kyushu Financial Group,Japan,1.5,,89.3,2.7,,,0.0167973124300112,1.8,0.030235162374020158,,181,948,56
Nishi-nippon Financial Holdings,Japan,1.2,,89.1,1.8,,,0.01346801346801347,1.5,0.020202020202020204,,181,948,56
Rakuten Bank,Japan,,,89.1,3.3,,,,,0.037037037037037035,,181,948,56
Starwood Property Trust,United States,2.2,,66.2,6.6,,,0.03323262839879154,2.9999999999999996,0.09969788519637461,,621,948,56
Tapestry,United States,6.7,,13.7,9.7,,,0.48905109489051096,1.4477611940298507,0.708029197080292,,621,948,56
UCB,Belgium,5.7,,17.2,25.7,,,0.33139534883720934,4.508771929824561,1.494186046511628,,9,948,56
Monolithic Power Systems,United States,1.8,,2.6,35.5,,,0.6923076923076923,19.72222222222222,13.653846153846153,,621,948,56
Bank of Zhengzhou,China,3.8,,87.6,1.0,,,0.04337899543378995,0.2631578947368421,0.011415525114155252,,280,948,56
Sinotrans Ltd.,China,14.4,,11.0,4.0,,,1.309090909090909,0.2777777777777778,0.36363636363636365,,280,948,56
Insurance Australia Group,Australia,8.4,,17.0,10.1,,,0.49411764705882355,1.2023809523809523,0.5941176470588235,,31,948,56
North Pacific Bank,Japan,,,87.5,1.4,,,,,0.016,,181,948,56
Huaibei Mining Holdings,China,9.9,,12.1,7.0,,,0.8181818181818182,0.7070707070707071,0.578512396694215,,280,948,56
Lennox International,United States,5.0,,3.0,17.5,,,1.6666666666666667,3.5,5.833333333333333,,621,948,56
Airports of Thailand,Thailand,1.8,,5.4,26.4,,,0.3333333333333333,14.666666666666666,4.888888888888888,,16,948,56
Cencosud,Chile,19.7,,16.0,5.7,,,1.23125,0.2893401015228427,0.35625,,7,948,56
Valley National Bancorp,United States,3.5,,61.0,4.0,,,0.05737704918032787,1.1428571428571428,0.06557377049180328,,621,948,56
Formosa Chemicals,Taiwan,10.6,,17.8,10.3,,,0.5955056179775281,0.9716981132075473,0.5786516853932584,,41,948,56
Hirogin Holdings,Japan,1.3,,84.5,2.3,,,0.015384615384615385,1.769230769230769,0.027218934911242602,,181,948,56
Gold Fields,South Africa,4.5,,8.2,14.5,,,0.5487804878048781,3.2222222222222223,1.7682926829268295,,12,948,56
Zhejiang Expressway Co. Ltd.,China,2.4,,28.3,4.0,,,0.08480565371024734,1.6666666666666667,0.1413427561837456,,280,948,56
Columbia Bank,United States,3.0,,52.2,4.3,,,0.05747126436781609,1.4333333333333333,0.08237547892720305,,621,948,56
Datadog,United States,2.3,,4.1,40.2,,,0.5609756097560976,17.47826086956522,9.80487804878049,,621,948,56
Companhia Energetica de Minas Gerais,Brazil,7.4,1.2,11.3,5.8,16.216216216216214,10.619469026548671,0.6548672566371682,0.7837837837837838,0.5132743362831858,0.10619469026548671,26,948,56
Liberty Global,United Kingdom,7.6,-2.8,40.6,6.8,-36.84210526315789,-6.896551724137931,0.18719211822660098,0.8947368421052632,0.16748768472906403,-0.06896551724137931,66,948,56
W. P. Carey,United States,1.7,,17.6,13.2,,,0.09659090909090907,7.764705882352941,0.7499999999999999,,621,948,56
Yamaguchi Financial,Japan,1.2,,82.9,2.4,,,0.01447527141133896,2.0,0.02895054282267792,,181,948,56
Jiangsu Zhongnan Construction Group,China,9.2,,30.6,,,,0.3006535947712418,,,,280,948,56
Thai Oil,Thailand,13.4,,11.7,2.9,,,1.1452991452991454,0.21641791044776118,0.24786324786324787,,16,948,56
B3,Brazil,1.8,,9.8,12.2,,,0.18367346938775508,6.777777777777777,1.2448979591836733,,26,948,56
Gap,United States,14.9,,11.0,8.1,,,1.3545454545454545,0.5436241610738255,0.7363636363636363,,621,948,56
Novonesis A/S,Denmark,2.6,,4.2,29.5,,,0.6190476190476191,11.346153846153845,7.023809523809524,,13,948,56
Power Assets Holdings,Hong Kong,,,12.3,12.8,,,,,1.040650406504065,,44,948,56
Sumitomo Metal Mining,Japan,10.0,,20.0,9.0,,,0.5,0.9,0.45,,181,948,56
Commercial International Bank,Egypt,4.7,,20.6,4.8,,,0.22815533980582522,1.0212765957446808,0.23300970873786406,,1,948,56
ARC Resources,Canada,3.9,,9.1,11.3,,,0.4285714285714286,2.897435897435898,1.2417582417582418,,59,948,56
Asia Commercial Bank,Vietnam,2.7,,29.6,4.3,,,0.09121621621621621,1.5925925925925923,0.14527027027027026,,7,948,56
Shenzhou International Group Holdings,China,3.5,,6.9,15.6,,,0.5072463768115941,4.457142857142857,2.260869565217391,,280,948,56
AGC,Japan,14.0,,19.8,7.5,,,0.7070707070707071,0.5357142857142857,0.3787878787878788,,181,948,56
Adecco Group,Switzerland,25.8,,13.3,6.7,,,1.9398496240601504,0.2596899224806202,0.5037593984962406,,46,948,56
Avolta,Switzerland,14.2,,19.6,6.2,,,0.7244897959183673,0.4366197183098592,0.31632653061224486,,46,948,56
Graphic Packaging,United States,9.2,,11.3,8.6,,,0.8141592920353982,0.9347826086956522,0.7610619469026548,,621,948,56
BayWa,Germany,24.8,,14.3,,,,1.7342657342657342,,,,50,948,56
Daou Data,South Korea,7.5,,40.3,,,,0.18610421836228289,,,,61,948,56
Brookfield Business,United States,9.7,,20.9,2.1,,,0.46411483253588515,0.21649484536082478,0.10047846889952154,,621,948,56
Dai Nippon Printing,Japan,9.9,,12.9,7.4,,,0.7674418604651163,0.7474747474747475,0.5736434108527132,,181,948,56
Skechers USA,United States,8.3,,7.6,10.4,,,1.092105263157895,1.2530120481927711,1.368421052631579,,621,948,56
EQT AB,Sweden,2.2,,10.2,37.8,,,0.21568627450980396,17.18181818181818,3.7058823529411766,,25,948,56
Jiangxi Bank,China,3.1,,77.9,,,,0.03979460847240051,,,,280,948,56
Jiangsu Changshu Rural Commercial Bank,China,2.3,,50.5,3.4,,,0.04554455445544554,1.4782608695652175,0.06732673267326733,,280,948,56
Heico,United States,3.2,,7.3,29.8,,,0.4383561643835617,9.3125,4.082191780821918,,621,948,56
Ansys,United States,2.2,,7.2,28.6,,,0.3055555555555556,13.0,3.9722222222222223,,621,948,56
Kyoto Financial Group,Japan,,,76.5,1.2,,,,,0.01568627450980392,,181,948,56
Skanska,Sweden,15.8,,15.0,7.5,,,1.0533333333333335,0.47468354430379744,0.5,,25,948,56
Arab Bank,Jordan,2.9,,40.4,3.9,,,0.07178217821782178,1.3448275862068966,0.09653465346534654,,1,948,56
Segro,United Kingdom,,,22.1,15.9,,,,,0.7194570135746606,,66,948,56
Incyte,United States,3.8,,7.1,12.8,,,0.5352112676056338,3.368421052631579,1.802816901408451,,621,948,56
Crown Holdings,United States,11.8,,14.7,10.3,,,0.8027210884353743,0.8728813559322034,0.7006802721088436,,621,948,56
Seres Group,China,7.8,,8.7,18.4,,,0.896551724137931,2.358974358974359,2.1149425287356323,,280,948,56
Ampol ,Australia,24.9,,9.1,5.6,,,2.7362637362637363,0.2248995983935743,0.6153846153846154,,31,948,56
Medipal Holdings,Japan,24.6,,11.9,3.0,,,2.0672268907563027,0.12195121951219512,0.25210084033613445,,181,948,56
Wuestenrot & Wuerttembergische,Germany,5.8,,73.8,1.3,,,0.07859078590785908,0.22413793103448276,0.01761517615176152,,50,948,56
Daishi Hokuetsu Financial Group,Japan,1.2,,73.6,1.4,,,0.016304347826086956,1.1666666666666667,0.019021739130434784,,181,948,56
CoStar Group,United States,2.5,,9.0,35.7,,,0.2777777777777778,14.280000000000001,3.966666666666667,,621,948,56
Jindal Steel & Power,India,6.0,,9.4,12.4,,,0.6382978723404255,2.066666666666667,1.3191489361702127,,71,948,56
Host Hotels & Resorts,United States,5.4,,12.5,13.0,,,0.43200000000000005,2.4074074074074074,1.04,,621,948,56
Ceconomy,Germany,24.1,,10.8,1.5,,,2.2314814814814814,0.06224066390041493,0.13888888888888887,,50,948,56
Eurazeo,France,2.4,2.0,10.8,6.1,83.33333333333334,18.51851851851852,0.2222222222222222,2.5416666666666665,0.5648148148148148,0.18518518518518517,49,948,56
Hengyi Petrochemical ,China,19.4,,15.2,3.6,,,1.276315789473684,0.18556701030927836,0.2368421052631579,,280,948,56
LIC Housing Finance,India,3.3,,34.9,4.3,,,0.09455587392550144,1.303030303030303,0.12320916905444126,,71,948,56
Adani Green Energy,India,1.1,,10.6,34.8,,,0.1037735849056604,31.63636363636363,3.283018867924528,,71,948,56
DGB Financial Group,South Korea,3.8,,71.5,1.0,,,0.05314685314685314,0.2631578947368421,0.013986013986013986,,61,948,56
Lasertec,Japan,1.6,,1.7,25.1,,,0.9411764705882354,15.6875,14.764705882352942,,181,948,56
China Grand Automotive Services,China,18.7,,15.5,1.7,,,1.2064516129032257,0.09090909090909091,0.10967741935483871,,280,948,56
Gunma Bank,Japan,1.4,,71.5,2.6,,,0.01958041958041958,1.8571428571428574,0.03636363636363636,,181,948,56
Bajaj Holdings & Investment,India,,,7.8,11.0,,,,,1.4102564102564104,,71,948,56
Celltrion,South Korea,1.8,,15.0,29.1,,,0.12000000000000001,16.166666666666668,1.9400000000000002,,61,948,56
"Chugin Financial Group,Inc.",Japan,1.2,,71.1,1.8,,,0.01687763713080169,1.5,0.025316455696202535,,181,948,56
Bank of Jiujiang,Hong Kong,3.1,,71.0,2.3,,,0.04366197183098592,0.7419354838709676,0.0323943661971831,,44,948,56
KION Group,Germany,12.5,,20.6,6.4,,,0.6067961165048543,0.512,0.3106796116504854,,50,948,56
Rite Aid,United States,23.5,-1.6,7.1,,-6.808510638297872,-22.535211267605636,3.3098591549295775,,,-0.22535211267605637,621,948,56
Orpea,France,5.6,1.5,15.4,2.3,26.785714285714285,9.740259740259742,0.3636363636363636,0.4107142857142857,0.14935064935064934,0.09740259740259741,49,948,56
Focus Media Information Technology,China,1.6,,3.5,13.6,,,0.4571428571428572,8.5,3.8857142857142857,,280,948,56
CTP,Netherlands,,1.0,17.0,8.2,,5.88235294117647,,,0.48235294117647054,0.058823529411764705,23,948,56
Umicore,Belgium,19.7,,11.2,5.1,,,1.7589285714285714,0.25888324873096447,0.45535714285714285,,9,948,56
Warner Music Group,United States,6.4,,8.7,16.6,,,0.7356321839080461,2.59375,1.9080459770114946,,621,948,56
SBI Sumishin Net Bank,Japan,,,70.5,2.6,,,,,0.03687943262411348,,181,948,56
Toppan Printing,Japan,11.6,,16.1,7.8,,,0.7204968944099378,0.6724137931034483,0.48447204968944096,,181,948,56
Everbright Securities,China,1.9,,36.6,3.5,,,0.051912568306010924,1.842105263157895,0.09562841530054644,,280,948,56
Parkland,Canada,23.2,,10.3,5.1,,,2.2524271844660193,0.21982758620689655,0.4951456310679611,,59,948,56
Shanghai Tunnel Engineering Co. Ltd.,China,10.7,,22.2,3.1,,,0.48198198198198194,0.28971962616822433,0.13963963963963966,,280,948,56
Taiwan Business Bank,Taiwan,2.0,,69.5,4.4,,,0.02877697841726619,2.2,0.06330935251798561,,41,948,56
Telia,Sweden,8.5,,20.5,9.9,,,0.4146341463414634,1.1647058823529413,0.4829268292682927,,25,948,56
77 Bank,Japan,,,69.4,2.3,,,,,0.03314121037463976,,181,948,56
Kawasaki Kisen Kaisha,Japan,6.7,,13.9,10.5,,,0.48201438848920863,1.5671641791044775,0.7553956834532374,,181,948,56
IDEX,United States,3.2,,5.9,16.8,,,0.5423728813559322,5.25,2.847457627118644,,621,948,56
Indorama Ventures,Thailand,15.3,,17.2,3.9,,,0.8895348837209303,0.2549019607843137,0.22674418604651164,,16,948,56
Kingfisher,United Kingdom,16.2,,15.2,6.2,,,1.0657894736842106,0.3827160493827161,0.4078947368421053,,66,948,56
Braskem,Brazil,14.0,-1.2,18.7,3.0,-8.571428571428571,-6.417112299465241,0.7486631016042781,0.21428571428571427,0.16042780748663102,-0.06417112299465241,26,948,56
Lotte Shopping,South Korea,11.0,,22.9,1.4,,,0.48034934497816595,0.12727272727272726,0.0611353711790393,,61,948,56
Gaming And Leisure Properties,United States,1.5,,11.8,12.5,,,0.1271186440677966,8.333333333333334,1.059322033898305,,621,948,56
Quilter,United Kingdom,5.8,,68.0,1.9,,,0.08529411764705883,0.3275862068965517,0.027941176470588233,,66,948,56
Bendigo & Adelaide Bank,Australia,3.0,,67.9,4.1,,,0.04418262150220913,1.3666666666666665,0.06038291605301913,,31,948,56
Daou Technology,South Korea,7.1,,39.9,,,,0.17794486215538846,,,,61,948,56
BOK Financial,United States,3.3,,50.2,6.2,,,0.06573705179282868,1.878787878787879,0.12350597609561753,,621,948,56
Marks & Spencer,United Kingdom,15.4,,10.7,7.2,,,1.4392523364485983,0.4675324675324675,0.6728971962616823,,66,948,56
Berry Global Group,United States,12.2,,16.0,6.9,,,0.7625,0.5655737704918034,0.43125,,621,948,56
WPG Holdings,Taiwan,22.6,,10.6,4.6,,,2.1320754716981134,0.20353982300884954,0.43396226415094336,,41,948,56
Shandong Gold Mining,China,8.4,,19.0,10.6,,,0.4421052631578948,1.2619047619047619,0.5578947368421052,,280,948,56
China Merchants Port Holdings,Hong Kong,1.5,,22.1,6.3,,,0.06787330316742081,4.2,0.2850678733031674,,44,948,56
PT Adaro Energy Indonesia,Indonesia,6.1,1.6,10.5,5.6,26.229508196721312,15.238095238095239,0.5809523809523809,0.9180327868852459,0.5333333333333333,0.1523809523809524,9,948,56
Advantest,Japan,3.4,,4.4,26.3,,,0.7727272727272726,7.735294117647059,5.977272727272727,,181,948,56
Ooredoo Q.P.S.C,Qatar,6.4,,15.6,8.7,,,0.4102564102564103,1.3593749999999998,0.5576923076923077,,6,948,56
Pandora,Denmark,4.2,,3.5,12.8,,,1.2,3.0476190476190474,3.6571428571428575,,13,948,56
Bank of Queensland,Australia,3.1,,65.9,2.6,,,0.04704097116843702,0.8387096774193549,0.03945371775417299,,31,948,56
Jinke Property Group,China,8.3,-1.3,29.9,1.2,-15.66265060240964,-4.347826086956522,0.2775919732441472,0.14457831325301204,0.04013377926421405,-0.04347826086956522,280,948,56
Air Lease ,United States,2.5,,30.9,5.5,,,0.08090614886731393,2.2,0.1779935275080906,,621,948,56
Latour Ab Investment,Sweden,2.4,,5.9,17.6,,,0.4067796610169491,7.333333333333334,2.983050847457627,,25,948,56
Haidilao International Holding,China,5.8,,3.5,14.2,,,1.657142857142857,2.4482758620689653,4.057142857142857,,280,948,56
Oshkosh,United States,9.9,,9.5,7.6,,,1.0421052631578949,0.7676767676767676,0.7999999999999999,,621,948,56
Luzerner Kantonalbank,Switzerland,1.4,,65.6,3.8,,,0.021341463414634148,2.7142857142857144,0.057926829268292686,,46,948,56
Akamai Technologies,United States,3.9,,9.9,14.5,,,0.3939393939393939,3.717948717948718,1.4646464646464645,,621,948,56
Qingdao Rural Commercial Bank,China,2.7,,65.6,2.2,,,0.04115853658536586,0.8148148148148149,0.03353658536585367,,280,948,56
South State,United States,2.3,,45.1,6.2,,,0.050997782705099776,2.695652173913044,0.13747228381374724,,621,948,56
HubSpot,United States,2.3,,3.2,31.4,,,0.7187499999999999,13.652173913043478,9.812499999999998,,621,948,56
Domino's Pizza,United States,4.5,,1.7,17.9,,,2.6470588235294117,3.9777777777777774,10.529411764705882,,621,948,56
Nitto Denko,Japan,6.3,,8.3,11.1,,,0.7590361445783131,1.7619047619047619,1.3373493975903612,,181,948,56
Carlyle Group,United States,3.1,,20.9,15.5,,,0.14832535885167467,5.0,0.7416267942583733,,621,948,56
WT Microelectronics,Taiwan,21.2,,9.2,4.2,,,2.3043478260869565,0.19811320754716982,0.4565217391304348,,41,948,56
Zenith Bank,Nigeria,2.8,,18.6,,,,0.15053763440860213,,,,2,948,56
CP Axtra,Thailand,14.0,,14.7,8.9,,,0.9523809523809524,0.6357142857142858,0.6054421768707483,,16,948,56
General Insurance Corporation Of India,India,5.7,,20.9,7.2,,,0.27272727272727276,1.263157894736842,0.3444976076555024,,71,948,56
EMS-Chemie Holding,Switzerland,2.4,,2.6,19.7,,,0.923076923076923,8.208333333333334,7.576923076923077,,46,948,56
F.N.B.,United States,2.4,,45.9,5.1,,,0.05228758169934641,2.125,0.1111111111111111,,621,948,56
Nitori Holdings,Japan,6.2,,8.2,13.4,,,0.7560975609756099,2.161290322580645,1.6341463414634148,,181,948,56
Bank of Lanzhou,China,2.8,,64.0,2.1,,,0.04375,0.7500000000000001,0.0328125,,280,948,56
"LG Innotek Co.,",South Korea,15.6,,8.1,4.2,,,1.925925925925926,0.2692307692307693,0.5185185185185186,,61,948,56
Drax Group plc,United Kingdom,9.7,,7.7,2.8,,,1.2597402597402596,0.288659793814433,0.3636363636363636,,66,948,56
AVIC Capital,China,2.7,,62.8,3.7,,,0.04299363057324841,1.3703703703703702,0.05891719745222931,,280,948,56
Jointown Pharmaceutical Group,China,20.7,,13.5,4.3,,,1.5333333333333332,0.20772946859903382,0.3185185185185185,,280,948,56
Yes Bank,India,4.0,,48.7,8.3,,,0.08213552361396304,2.075,0.1704312114989733,,71,948,56
Yunnan Copper Co. Ltd.,China,20.6,,6.7,4.0,,,3.074626865671642,0.1941747572815534,0.5970149253731343,,280,948,56
Basler Kantonalbank,Switzerland,1.6,,62.6,,,,0.025559105431309907,,,,46,948,56
Axis Capital Holdings,Bermuda,5.7,,29.7,6.1,,,0.19191919191919193,1.0701754385964912,0.20538720538720537,,8,948,56
Bausch Health Companies,Canada,9.0,,26.9,2.5,,,0.3345724907063197,0.2777777777777778,0.0929368029739777,,59,948,56
Nova Ljubljanska Banka,Slovenia,1.6,,28.1,2.5,,,0.05693950177935943,1.5625,0.0889679715302491,,1,948,56
Zhongliang Holdings ,China,9.4,,25.5,,,,0.3686274509803922,,,,280,948,56
Pentair,United Kingdom,4.1,,6.7,13.9,,,0.6119402985074626,3.3902439024390247,2.074626865671642,,66,948,56
CapitaMall Trust,Singapore,1.2,,18.8,9.9,,,0.06382978723404255,8.25,0.526595744680851,,10,948,56
Samsung SDS,South Korea,9.9,,9.3,9.0,,,1.064516129032258,0.9090909090909091,0.9677419354838709,,61,948,56
FIBI Holdings,Israel,3.0,,61.5,1.5,,,0.04878048780487805,0.5,0.024390243902439025,,12,948,56
Mondi,United Kingdom,7.9,,11.0,8.9,,,0.7181818181818183,1.1265822784810127,0.8090909090909091,,66,948,56
RiseSun Real Estate Development,China,8.7,,27.4,1.2,,,0.3175182481751825,0.13793103448275862,0.043795620437956206,,280,948,56
"Iyogin Holdings,Inc.",Japan,1.3,,61.2,2.6,,,0.021241830065359478,2.0,0.042483660130718956,,181,948,56
Bank of Xi'an,China,2.3,,61.0,2.3,,,0.03770491803278688,1.0,0.03770491803278688,,280,948,56
JB Financial Group,South Korea,3.0,,47.8,1.9,,,0.06276150627615062,0.6333333333333333,0.0397489539748954,,61,948,56
Mid-america Apartment Communities,United States,2.2,,11.5,16.1,,,0.19130434782608696,7.318181818181818,1.4000000000000001,,621,948,56
Burlington Stores,United States,9.7,,7.7,12.3,,,1.2597402597402596,1.2680412371134022,1.5974025974025974,,621,948,56
Alfresa Holdings,Japan,19.8,,9.6,2.5,,,2.0625,0.12626262626262627,0.2604166666666667,,181,948,56
Pinterest,United States,3.2,,3.7,29.0,,,0.8648648648648649,9.0625,7.837837837837838,,621,948,56
Rollins,United States,3.2,,2.7,22.3,,,1.1851851851851851,6.96875,8.25925925925926,,621,948,56
Goneo GroupClass A,China,2.2,,2.9,15.5,,,0.7586206896551725,7.045454545454545,5.344827586206897,,280,948,56
Südzucker,Germany,11.1,,11.4,3.1,,,0.9736842105263157,0.2792792792792793,0.2719298245614035,,50,948,56
Adris grupa d.d. Pref.,Croatia,8.3,,23.6,1.0,,,0.3516949152542373,0.12048192771084336,0.0423728813559322,,2,948,56
Mobileye Global,Israel,1.9,,15.3,23.0,,,0.1241830065359477,12.105263157894738,1.5032679738562091,,12,948,56
E-L Financial,Canada,3.0,,19.3,2.8,,,0.15544041450777202,0.9333333333333332,0.14507772020725387,,59,948,56
Logitech International,Switzerland,4.3,,3.6,14.0,,,1.1944444444444444,3.255813953488372,3.888888888888889,,46,948,56
Navient,United States,5.0,,59.0,1.7,,,0.0847457627118644,0.33999999999999997,0.0288135593220339,,621,948,56
Grupo Comercial Chedraui SAB de CV Class B,Mexico,15.2,,8.7,7.2,,,1.7471264367816093,0.4736842105263158,0.8275862068965518,,14,948,56
NH Investment & Securities,South Korea,1.9,,43.6,3.3,,,0.04357798165137614,1.736842105263158,0.0756880733944954,,61,948,56
Liberty Media Corporation Series A Liberty Formula One,United States,3.4,,10.6,28.3,,,0.32075471698113206,8.323529411764707,2.669811320754717,,621,948,56
Hertz Global Holdings,United States,9.4,,24.3,,,,0.3868312757201646,,,,621,948,56
MicroStrategy,United States,,,6.4,28.1,,,,,4.390625,,621,948,56
Fibra Uno,Mexico,1.5,,20.4,5.9,,,0.07352941176470588,3.9333333333333336,0.28921568627450983,,14,948,56
Novatek Microelectronics Corp.,Taiwan,3.5,,3.4,11.4,,,1.0294117647058825,3.257142857142857,3.3529411764705883,,41,948,56
Redeia Corporacion,Spain,2.2,,16.0,9.8,,,0.1375,4.454545454545454,0.6125,,21,948,56
Samvardhana Motherson International,India,11.4,,9.4,10.5,,,1.2127659574468086,0.9210526315789473,1.1170212765957446,,71,948,56
Nomura Research Institute,Japan,5.1,,6.1,15.9,,,0.8360655737704918,3.11764705882353,2.6065573770491803,,181,948,56
Align Technology,United States,3.9,,6.2,20.4,,,0.6290322580645161,5.230769230769231,3.290322580645161,,621,948,56
Bureau Veritas,France,6.3,,7.3,13.6,,,0.863013698630137,2.1587301587301586,1.8630136986301369,,49,948,56
Essex Property Trust,United States,1.7,,12.9,17.1,,,0.1317829457364341,10.058823529411766,1.3255813953488373,,621,948,56
JA Solar Technology,China,10.7,,15.2,6.5,,,0.7039473684210527,0.6074766355140188,0.4276315789473684,,280,948,56
Bluescope Steel,Australia,11.5,,10.4,6.3,,,1.1057692307692308,0.5478260869565217,0.6057692307692307,,31,948,56
Henry Schein,United States,12.5,,10.1,9.6,,,1.2376237623762376,0.768,0.9504950495049505,,621,948,56
Deutsche Pfandbriefbank,Germany,3.1,,56.2,,,,0.055160142348754444,,,,50,948,56
Hera,Italy,13.6,,16.0,5.4,,,0.85,0.3970588235294118,0.3375,,28,948,56
Harel Insurance Investments & Financial Services,Israel,6.7,,38.7,1.9,,,0.1731266149870801,0.2835820895522388,0.049095607235142114,,12,948,56
KakaoBank,South Korea,2.0,,44.9,8.3,,,0.044543429844097995,4.15,0.1848552338530067,,61,948,56
Pinnacle West,United States,4.7,,24.8,8.9,,,0.18951612903225806,1.8936170212765957,0.3588709677419355,,621,948,56
Founder Securities,China,1.3,,31.9,9.9,,,0.04075235109717869,7.615384615384615,0.3103448275862069,,280,948,56
Tongling Nonferrous Metals,China,18.9,,11.4,7.2,,,1.657894736842105,0.380952380952381,0.631578947368421,,280,948,56
Weihai City Commercial Bank,China,2.5,,55.3,2.1,,,0.045207956600361664,0.8400000000000001,0.0379746835443038,,280,948,56
Bharat Electronics Limited,India,2.2,,4.4,21.8,,,0.5,9.909090909090908,4.954545454545454,,71,948,56
Ricoh,Japan,16.2,,15.1,4.9,,,1.0728476821192052,0.30246913580246915,0.3245033112582782,,181,948,56
Xiamen Bank,China,1.9,,54.4,2.1,,,0.034926470588235295,1.105263157894737,0.03860294117647059,,280,948,56
MongoDB,United States,1.7,,2.9,27.0,,,0.5862068965517241,15.882352941176471,9.310344827586206,,621,948,56
Phoenix Holdings,Israel,6.4,,43.3,2.5,,,0.14780600461893767,0.390625,0.05773672055427252,,12,948,56
Bank Of Gansu,China,2.1,,54.8,,,,0.03832116788321168,,,,280,948,56
Cosan,Brazil,7.9,,28.8,5.2,,,0.2743055555555556,0.6582278481012658,0.18055555555555555,,26,948,56
Zscaler,United States,1.9,,3.9,26.8,,,0.48717948717948717,14.105263157894738,6.871794871794872,,621,948,56
Bank Muscat,Oman,2.2,,36.4,5.1,,,0.06043956043956045,2.318181818181818,0.1401098901098901,,1,948,56
Manpower,United States,18.6,,8.5,3.7,,,2.1882352941176473,0.1989247311827957,0.43529411764705883,,621,948,56
Diebold Nixdorf,Germany,3.8,1.5,3.9,3.6,39.473684210526315,38.46153846153847,0.9743589743589743,0.9473684210526316,0.9230769230769231,0.38461538461538464,50,948,56
Clorox,United States,7.2,,5.8,16.8,,,1.2413793103448276,2.3333333333333335,2.896551724137931,,621,948,56
Metalurgica Gerdau,Brazil,13.4,,15.4,2.3,,,0.8701298701298701,0.17164179104477612,0.14935064935064934,,26,948,56
Snap,United States,4.8,-1.3,7.2,26.5,-27.083333333333336,-18.055555555555554,0.6666666666666666,5.520833333333334,3.6805555555555554,-0.18055555555555555,621,948,56
TopBuild,United States,5.2,,5.3,12.9,,,0.9811320754716982,2.480769230769231,2.4339622641509435,,621,948,56
Dentsu,Japan,9.2,,23.9,7.0,,,0.38493723849372385,0.7608695652173914,0.29288702928870297,,181,948,56
Orient Securities,China,2.6,,54.1,3.9,,,0.04805914972273567,1.5,0.07208872458410351,,280,948,56
CSPC Pharmaceutical Group,China,4.4,,6.5,10.1,,,0.676923076923077,2.295454545454545,1.5538461538461539,,280,948,56
LS Corp,South Korea,18.4,,13.6,3.4,,,1.352941176470588,0.1847826086956522,0.25,,61,948,56
Central Bank of India,India,4.3,,53.7,6.4,,,0.08007448789571694,1.488372093023256,0.1191806331471136,,71,948,56
Yara International,Norway,14.6,,15.7,7.7,,,0.9299363057324841,0.5273972602739726,0.4904458598726115,,8,948,56
Bank of Maharashtra,India,2.8,,36.8,5.5,,,0.07608695652173914,1.9642857142857144,0.14945652173913046,,71,948,56
Shimizu,Japan,13.9,,16.8,4.0,,,0.8273809523809523,0.28776978417266186,0.23809523809523808,,181,948,56
Healthpeak Properties,United States,2.3,,20.5,14.0,,,0.1121951219512195,6.086956521739131,0.6829268292682927,,621,948,56
Kawasaki Heavy Industries,Japan,12.8,,17.7,5.9,,,0.7231638418079097,0.4609375,0.33333333333333337,,181,948,56
Tradeweb Markets,United States,1.4,,7.4,24.0,,,0.18918918918918917,17.142857142857142,3.243243243243243,,621,948,56
Hyakugo Bank,Japan,,,53.5,1.0,,,,,0.018691588785046728,,181,948,56
Indus Towers,India,3.5,,6.7,11.1,,,0.5223880597014925,3.1714285714285713,1.6567164179104477,,71,948,56
Kesko,Finland,12.7,,8.8,7.4,,,1.443181818181818,0.5826771653543308,0.8409090909090908,,9,948,56
China Power International Development,Hong Kong,6.2,,43.1,5.5,,,0.14385150812064965,0.8870967741935484,0.12761020881670534,,44,948,56
Kakao,South Korea,5.9,,19.1,15.0,,,0.3089005235602094,2.542372881355932,0.7853403141361256,,61,948,56
Trelleborg Group,Sweden,3.2,,5.6,9.3,,,0.5714285714285715,2.90625,1.660714285714286,,25,948,56
Steel Authority of India,India,12.9,,15.6,8.3,,,0.826923076923077,0.6434108527131783,0.5320512820512822,,71,948,56
CAPITEC,South Africa,2.9,,10.8,14.5,,,0.2685185185185185,5.0,1.3425925925925926,,12,948,56
First Quantum Minerals,Canada,5.9,-1.2,23.5,11.8,-20.338983050847457,-5.106382978723404,0.25106382978723407,2.0,0.5021276595744681,-0.05106382978723404,59,948,56
Almarai,Saudi Arabia,5.3,,9.3,14.6,,,0.5698924731182795,2.7547169811320753,1.5698924731182795,,16,948,56
Aurubis,Germany,17.9,,8.3,3.7,,,2.156626506024096,0.20670391061452517,0.4457831325301205,,50,948,56
Banque Centrale Populaire,Morocco,2.9,,52.7,6.0,,,0.05502846299810246,2.0689655172413794,0.11385199240986717,,2,948,56
Nexi S.p.A.,Italy,6.4,-1.1,29.1,9.0,-17.1875,-3.780068728522337,0.21993127147766323,1.40625,0.30927835051546393,-0.03780068728522337,28,948,56
Enstar Group,Bermuda,1.0,,19.4,4.7,,,0.051546391752577324,4.7,0.24226804123711343,,8,948,56
Shiga Bank,Japan,,,52.7,1.2,,,,,0.022770398481973434,,181,948,56
Tryg,Denmark,6.0,,15.7,12.4,,,0.3821656050955414,2.066666666666667,0.7898089171974523,,13,948,56
Erie Indemnity,United States,3.4,,2.6,18.5,,,1.3076923076923077,5.4411764705882355,7.115384615384615,,621,948,56
Ramsay Health Care,Australia,10.6,,14.1,7.6,,,0.75177304964539,0.7169811320754716,0.5390070921985816,,31,948,56
Var Energi ASA,Norway,6.7,,22.1,8.3,,,0.3031674208144796,1.2388059701492538,0.3755656108597285,,8,948,56
Viva Energy Group,Australia,17.8,,6.6,3.6,,,2.6969696969696972,0.20224719101123595,0.5454545454545455,,31,948,56
United Bank for Africa,Nigeria,2.8,,19.4,,,,0.1443298969072165,,,,2,948,56
Zall Smart Commerce Group,China,17.6,,9.0,,,,1.9555555555555557,,,,280,948,56
Federal Bank,India,3.2,,38.1,4.8,,,0.08398950131233596,1.4999999999999998,0.12598425196850394,,71,948,56
Cloudflare,United States,1.4,,2.8,25.6,,,0.5,18.28571428571429,9.142857142857144,,621,948,56
MBH Bank Plc.,Hungary,3.9,,32.1,6.8,,,0.12149532710280372,1.7435897435897436,0.2118380062305296,,3,948,56
PVH,United States,9.2,,11.2,6.6,,,0.8214285714285714,0.717391304347826,0.5892857142857143,,621,948,56
Aareal Bank,Germany,3.1,,51.7,2.2,,,0.059961315280464215,0.7096774193548387,0.0425531914893617,,50,948,56
Kohl's,United States,17.5,,14.0,2.9,,,1.25,0.1657142857142857,0.20714285714285713,,621,948,56
Samsung Securities,South Korea,2.5,,44.7,2.5,,,0.05592841163310962,1.0,0.05592841163310962,,61,948,56
Momentum Metropolitan Holdings,South Africa,6.8,,35.6,1.6,,,0.19101123595505617,0.23529411764705885,0.0449438202247191,,12,948,56
Jinshang Bank,China,1.9,,51.0,1.0,,,0.03725490196078431,0.5263157894736842,0.0196078431372549,,280,948,56
Take-Two Interactive Software,United States,5.3,-3.7,12.2,25.2,-69.81132075471699,-30.327868852459023,0.43442622950819676,4.754716981132075,2.0655737704918034,-0.3032786885245902,621,948,56
DLF,India,,,7.2,25.2,,,,,3.5,,71,948,56
Johnson Matthey,United Kingdom,17.3,,7.9,4.3,,,2.189873417721519,0.24855491329479767,0.5443037974683543,,66,948,56
Aozora Bank,Japan,1.5,,50.2,1.8,,,0.0298804780876494,1.2,0.03585657370517928,,181,948,56
Guangzhou Baiyunshan Pharmaceutical Holdings,China,10.7,,10.9,4.9,,,0.9816513761467889,0.4579439252336449,0.44954128440366975,,280,948,56
Teradyne,United States,2.6,,3.4,20.6,,,0.7647058823529412,7.923076923076923,6.058823529411765,,621,948,56
Mercuries & Associates,Taiwan,3.9,,50.0,,,,0.078,,,,41,948,56
Rentokil Initial,United Kingdom,6.7,,14.2,13.5,,,0.471830985915493,2.014925373134328,0.9507042253521127,,66,948,56
Juroku  Financial Group,Japan,,,49.8,1.1,,,,,0.022088353413654623,,181,948,56
Franco-Nevada,Canada,1.2,,6.1,24.7,,,0.19672131147540983,20.583333333333332,4.049180327868853,,59,948,56
Daito Trust Construction,Japan,12.0,,7.1,6.9,,,1.6901408450704227,0.5750000000000001,0.9718309859154931,,181,948,56
nVent Electric,United Kingdom,3.4,,6.2,13.3,,,0.5483870967741935,3.9117647058823533,2.1451612903225805,,66,948,56
Banco Davivienda ,Colombia,6.0,,45.6,2.8,,,0.13157894736842105,0.4666666666666666,0.06140350877192982,,7,948,56
Digital China Group,China,17.0,,6.2,2.8,,,2.7419354838709675,0.16470588235294117,0.4516129032258064,,280,948,56
Informa plc,United Kingdom,4.0,,14.7,14.6,,,0.272108843537415,3.65,0.9931972789115646,,66,948,56
Jiangxi Zhengbang Technology,China,,1.3,2.5,3.7,,52.0,,,1.48,0.52,280,948,56
Seagate Technology,Ireland,6.3,,7.1,20.0,,,0.8873239436619719,3.174603174603175,2.8169014084507045,,23,948,56
Dr. Reddy's Laboratories,India,3.4,,4.6,11.6,,,0.7391304347826088,3.411764705882353,2.5217391304347827,,71,948,56
Avantor,United States,6.9,,12.8,17.0,,,0.5390625,2.463768115942029,1.328125,,621,948,56
St. Galler Kantonalbank,Switzerland,1.1,,49.1,3.0,,,0.022403258655804482,2.727272727272727,0.06109979633401222,,46,948,56
Essential Utilities,United States,1.9,,17.1,10.9,,,0.11111111111111109,5.736842105263158,0.6374269005847953,,621,948,56
Hanwa,Japan,16.8,,7.7,1.7,,,2.1818181818181817,0.10119047619047618,0.22077922077922077,,181,948,56
Yunnan Baiyao Group,China,5.5,,7.9,12.9,,,0.6962025316455696,2.3454545454545457,1.6329113924050633,,280,948,56
Bank of Cyprus Holdings,Cyprus,1.5,,26.9,2.1,,,0.05576208178438662,1.4000000000000001,0.07806691449814127,,1,948,56
San-In Godo Bank,Japan,,,48.6,1.4,,,,,0.028806584362139915,,181,948,56
China Fortune Land Development,China,4.1,-1.2,48.3,,-29.268292682926834,-2.4844720496894412,0.08488612836438923,,,-0.02484472049689441,280,948,56
Teleperformance,France,9.0,,13.0,7.0,,,0.6923076923076923,0.7777777777777778,0.5384615384615384,,49,948,56
Inventec,Taiwan,16.7,,7.9,6.0,,,2.113924050632911,0.3592814371257485,0.7594936708860759,,41,948,56
OneMain Holdings,United States,5.4,,23.9,6.0,,,0.2259414225941423,1.111111111111111,0.2510460251046025,,621,948,56
Organon,United States,6.3,1.0,11.9,5.6,15.873015873015872,8.403361344537814,0.5294117647058824,0.8888888888888888,0.4705882352941176,0.08403361344537814,621,948,56
FactSet Research Systems,United States,2.2,,4.0,17.1,,,0.55,7.7727272727272725,4.275,,621,948,56
Varun Beverages,India,2.0,,1.8,23.6,,,1.1111111111111112,11.8,13.11111111111111,,71,948,56
Steris,Ireland,5.4,,11.1,23.0,,,0.4864864864864865,4.259259259259259,2.0720720720720722,,23,948,56
NIO,China,7.8,-3.0,16.6,11.1,-38.46153846153847,-18.072289156626503,0.4698795180722891,1.4230769230769231,0.6686746987951806,-0.18072289156626503,280,948,56
Open House,Japan,8.4,,8.7,3.5,,,0.9655172413793105,0.41666666666666663,0.40229885057471265,,181,948,56
TFI International,Canada,7.5,,6.9,11.3,,,1.0869565217391304,1.5066666666666668,1.6376811594202898,,59,948,56
BEKB-BCBE,Switzerland,,,47.6,2.6,,,,,0.0546218487394958,,46,948,56
Sabesp,Brazil,5.4,,13.3,10.5,,,0.40601503759398494,1.9444444444444444,0.7894736842105263,,26,948,56
Scentre Group,Australia,1.7,,24.3,11.1,,,0.06995884773662552,6.529411764705882,0.4567901234567901,,31,948,56
IHH Healthcare,Malaysia,4.6,,11.2,11.8,,,0.4107142857142857,2.565217391304348,1.0535714285714286,,9,948,56
Tokyo Kiraboshi Financial Group,Japan,,,47.5,,,,,,,,181,948,56
Shanxi Xishan Coal & Electricity Power Co. Ltd.,China,6.8,,12.8,8.5,,,0.53125,1.25,0.6640625,,280,948,56
Wharf (Holdings),Hong Kong,2.4,,26.2,10.5,,,0.0916030534351145,4.375,0.40076335877862596,,44,948,56
Cameco,Canada,1.9,,7.0,23.0,,,0.2714285714285714,12.105263157894738,3.2857142857142856,,59,948,56
CVR Energy,United States,8.8,,4.1,3.0,,,2.1463414634146347,0.3409090909090909,0.7317073170731708,,621,948,56
Guangzhou R&F,China,5.0,-2.8,47.2,,-55.99999999999999,-5.932203389830508,0.1059322033898305,,,-0.05932203389830508,280,948,56
Suzuken,Japan,16.5,,8.1,2.3,,,2.037037037037037,0.13939393939393938,0.2839506172839506,,181,948,56
Logan Property Holdings,China,6.7,-1.2,35.0,,-17.91044776119403,-3.428571428571429,0.19142857142857142,,,-0.03428571428571429,280,948,56
Schibsted ASA,Norway,1.5,1.3,5.4,7.4,86.66666666666667,24.074074074074073,0.27777777777777773,4.933333333333334,1.3703703703703702,0.24074074074074073,8,948,56
Taylor Morrison Home,United States,7.5,,8.9,6.4,,,0.8426966292134831,0.8533333333333334,0.7191011235955056,,621,948,56
Barry Callebaut,Switzerland,9.2,,9.7,9.5,,,0.9484536082474226,1.032608695652174,0.9793814432989691,,46,948,56
NIPPON EXPRESS HOLDINGS,Japan,15.8,,14.4,4.2,,,1.0972222222222223,0.26582278481012656,0.2916666666666667,,181,948,56
FMC,United States,4.1,1.1,12.0,8.0,26.829268292682933,9.166666666666668,0.3416666666666666,1.9512195121951221,0.6666666666666666,0.09166666666666667,621,948,56
Ralph Lauren,United States,6.6,,7.0,10.7,,,0.9428571428571428,1.621212121212121,1.5285714285714285,,621,948,56
ALFA,Mexico,16.4,,12.8,3.6,,,1.2812499999999998,0.21951219512195125,0.28125,,14,948,56
Commercial Metals,United States,8.4,,6.7,6.7,,,1.2537313432835822,0.7976190476190476,1.0,,621,948,56
Taisei,Japan,12.2,,17.1,6.6,,,0.7134502923976607,0.5409836065573771,0.3859649122807017,,181,948,56
Hologic,United States,4.0,,8.7,17.5,,,0.4597701149425288,4.375,2.0114942528735633,,621,948,56
Signet Jewelers,Bermuda,7.2,,6.8,4.4,,,1.0588235294117647,0.6111111111111112,0.6470588235294118,,8,948,56
Inner Mongolia Yitai Coal,China,6.8,,12.3,6.2,,,0.5528455284552845,0.911764705882353,0.5040650406504065,,280,948,56
Masraf Al Rayan,Qatar,1.6,,43.8,6.2,,,0.03652968036529681,3.875,0.14155251141552513,,6,948,56
Saputo,Canada,12.8,,10.6,8.7,,,1.207547169811321,0.6796874999999999,0.820754716981132,,59,948,56
Samsara,United States,,,1.7,22.5,,,,,13.23529411764706,,621,948,56
China Gas Holdings,Hong Kong,10.9,,19.1,5.5,,,0.5706806282722513,0.5045871559633027,0.28795811518324604,,44,948,56
Delek US Holdings,United States,16.2,,7.2,1.8,,,2.25,0.11111111111111112,0.25,,621,948,56
EFG International,Switzerland,2.7,,45.8,3.9,,,0.05895196506550219,1.4444444444444444,0.0851528384279476,,46,948,56
Zhangzhou Pientzehuang Pharmaceutical,China,1.5,,2.5,19.8,,,0.6,13.200000000000001,7.92,,280,948,56
Sumec Corporation,China,16.1,,7.8,1.5,,,2.0641025641025643,0.09316770186335403,0.19230769230769232,,280,948,56
Ipsen,France,3.4,,7.0,10.9,,,0.4857142857142857,3.2058823529411766,1.5571428571428572,,49,948,56
Manila Electric,Philippines,7.9,,10.8,7.3,,,0.7314814814814815,0.9240506329113923,0.6759259259259258,,6,948,56
Public Power,Greece,8.8,,21.2,4.8,,,0.4150943396226416,0.5454545454545454,0.22641509433962265,,8,948,56
Cholamandalam Investment and Finance,India,2.3,,18.8,13.0,,,0.12234042553191488,5.6521739130434785,0.6914893617021276,,71,948,56
Yunnan Yuntianhua,China,9.2,,7.5,5.4,,,1.2266666666666666,0.5869565217391305,0.7200000000000001,,280,948,56
PTC,United States,2.2,,6.2,22.1,,,0.3548387096774194,10.045454545454545,3.564516129032258,,621,948,56
UMB Financial,United States,2.5,,45.3,4.2,,,0.05518763796909493,1.6800000000000002,0.09271523178807949,,621,948,56
arGEN-X,Netherlands,1.2,,4.5,22.0,,,0.26666666666666666,18.333333333333336,4.888888888888889,,23,948,56
Sharp,Japan,16.1,-1.0,10.5,3.4,-6.211180124223602,-9.523809523809524,1.5333333333333334,0.21118012422360247,0.3238095238095238,-0.09523809523809523,181,948,56
Kyndryl Holdings,United States,16.1,,11.0,6.4,,,1.4636363636363638,0.39751552795031053,0.5818181818181819,,621,948,56
Lotte,South Korea,11.7,,17.5,1.4,,,0.6685714285714285,0.11965811965811966,0.08,,61,948,56
Aichi Financial Group,Japan,,,45.1,,,,,,,,181,948,56
A.O. Smith,United States,3.9,,3.2,12.6,,,1.21875,3.230769230769231,3.9374999999999996,,621,948,56
NMDC,India,2.5,,3.9,9.7,,,0.6410256410256411,3.88,2.4871794871794872,,71,948,56
AltaGas,Canada,9.3,,17.7,6.7,,,0.5254237288135594,0.7204301075268816,0.3785310734463277,,59,948,56
Cogent Communications,United States,1.1,1.2,3.1,2.9,109.09090909090908,38.70967741935484,0.3548387096774194,2.6363636363636362,0.9354838709677419,0.3870967741935484,621,948,56
Axon Enterprise,United States,1.7,,3.6,21.8,,,0.4722222222222222,12.823529411764707,6.055555555555555,,621,948,56
Nanto Bank,Japan,,,44.8,,,,,,,,181,948,56
Aier Eye Hospital Group,China,2.9,,4.3,16.5,,,0.6744186046511628,5.689655172413794,3.8372093023255816,,280,948,56
XPO,United States,7.9,,7.6,12.8,,,1.0394736842105263,1.620253164556962,1.6842105263157896,,621,948,56
Toho Bank,Japan,,,44.7,,,,,,,,181,948,56
Wisetech Global,Australia,,,1.9,21.7,,,,,11.421052631578947,,31,948,56
Celsius Holdings,United States,1.4,,1.6,21.7,,,0.8749999999999999,15.5,13.562499999999998,,621,948,56
Clal Insurance Enterprises ,Israel,5.4,,44.4,1.3,,,0.12162162162162163,0.24074074074074073,0.029279279279279282,,12,948,56
Buzzi Unicem,Italy,4.7,1.0,8.4,8.1,21.27659574468085,11.904761904761903,0.5595238095238095,1.7234042553191489,0.9642857142857142,0.11904761904761904,28,948,56
Canadian Tire Corporation,Canada,12.2,,16.6,5.9,,,0.7349397590361445,0.4836065573770492,0.35542168674698793,,59,948,56
Ingredion,United States,7.9,,7.3,7.9,,,1.082191780821918,1.0,1.082191780821918,,621,948,56
Ogaki Kyoritsu Bank,Japan,,,43.9,,,,,,,,181,948,56
Euronav,Belgium,1.1,1.2,3.7,4.0,109.09090909090908,32.43243243243243,0.2972972972972973,3.6363636363636362,1.081081081081081,0.3243243243243243,9,948,56
Saudi Investment Bank,Saudi Arabia,2.3,,36.4,4.4,,,0.06318681318681318,1.9130434782608698,0.1208791208791209,,16,948,56
Nordson,United States,2.7,,5.2,15.5,,,0.5192307692307693,5.7407407407407405,2.980769230769231,,621,948,56
H World Group,China,3.2,,8.5,14.0,,,0.3764705882352941,4.375,1.6470588235294117,,280,948,56
Straumann Holding,Switzerland,2.7,,4.0,21.3,,,0.675,7.888888888888888,5.325,,46,948,56
Ningbo Jintian Copper (Group),China,15.5,,3.6,1.3,,,4.305555555555555,0.08387096774193549,0.3611111111111111,,280,948,56
Abb India,India,1.3,,1.3,21.3,,,1.0,16.384615384615383,16.384615384615383,,71,948,56
China Merchants Energy Shipping,China,3.7,,8.8,10.3,,,0.4204545454545454,2.7837837837837838,1.1704545454545454,,280,948,56
Fluor,United States,15.5,,6.7,6.6,,,2.3134328358208953,0.4258064516129032,0.9850746268656716,,621,948,56
AmBank Group,Malaysia,1.8,,42.2,3.0,,,0.042654028436018954,1.6666666666666665,0.07109004739336493,,9,948,56
Equatorial Energia,Brazil,8.2,,20.1,7.0,,,0.40796019900497504,0.853658536585366,0.34825870646766166,,26,948,56
Uniqa,Austria,6.7,,31.6,2.8,,,0.2120253164556962,0.417910447761194,0.08860759493670885,,9,948,56
Delivery Hero,Germany,10.7,-2.5,11.9,9.8,-23.364485981308412,-21.008403361344538,0.8991596638655461,0.9158878504672898,0.823529411764706,-0.21008403361344538,50,948,56
Kimco Realty,United States,1.9,,19.5,13.0,,,0.09743589743589744,6.842105263157895,0.6666666666666666,,621,948,56
Puig Brands,Spain,4.7,,8.5,14.8,,,0.5529411764705883,3.148936170212766,1.7411764705882353,,21,948,56
Zhejiang Construction Investment Group,China,12.5,,16.1,1.4,,,0.7763975155279502,0.11199999999999999,0.08695652173913042,,280,948,56
Keiyo Bank,Japan,,,43.3,,,,,,,,181,948,56
Sun Communities,United States,3.3,,17.1,15.2,,,0.19298245614035084,4.606060606060606,0.8888888888888887,,621,948,56
Roblox,United States,2.9,-1.2,6.3,21.1,-41.37931034482759,-19.047619047619047,0.4603174603174603,7.275862068965518,3.3492063492063497,-0.19047619047619047,621,948,56
China Merchants Port Group,China,2.2,,27.5,6.7,,,0.08,3.0454545454545454,0.24363636363636365,,280,948,56
DraftKings,United States,4.1,,3.8,21.1,,,1.0789473684210527,5.146341463414635,5.552631578947369,,621,948,56
Guangdong Construction Engineering Group,China,10.9,,18.1,2.3,,,0.6022099447513812,0.2110091743119266,0.12707182320441987,,280,948,56
Angang Steel,China,15.2,,13.6,1.8,,,1.1176470588235294,0.11842105263157895,0.1323529411764706,,280,948,56
Sichuan Chuantou Energy,China,,,8.6,11.3,,,,,1.3139534883720931,,280,948,56
Vietnam Prosperity Joint-sock Commercial Bank,Vietnam,3.9,,33.2,6.0,,,0.11746987951807228,1.5384615384615385,0.18072289156626503,,7,948,56
Adient,United States,15.2,,9.3,2.6,,,1.6344086021505375,0.17105263157894737,0.27956989247311825,,621,948,56
CapitaLand Investment,Singapore,2.2,,25.9,10.0,,,0.08494208494208495,4.545454545454545,0.3861003861003861,,10,948,56
Shanxi Lu'an Environmental,China,5.1,,11.6,9.0,,,0.4396551724137931,1.7647058823529413,0.7758620689655172,,280,948,56
